#
# There is insufficient memory for the Java Runtime Environment to continue.
# Native memory allocation (malloc) failed to allocate 2024192 bytes. Error detail: Chunk::new
# Possible reasons:
#   The system is out of physical RAM or swap space
#   This process is running with CompressedOops enabled, and the Java Heap may be blocking the growth of the native heap
# Possible solutions:
#   Reduce memory load on the system
#   Increase physical memory or swap space
#   Check if swap backing store is full
#   Decrease Java heap size (-Xmx/-Xms)
#   Decrease number of Java threads
#   Decrease Java thread stack sizes (-Xss)
#   Set larger code cache with -XX:ReservedCodeCacheSize=
#   JVM is running with Unscaled Compressed Oops mode in which the Java heap is
#     placed in the first 4GB address space. The Java Heap base address is the
#     maximum limit for the native heap growth. Please use -XX:HeapBaseMinAddress
#     to set the Java Heap base and to place the Java Heap above 4GB virtual address.
# This output file may be truncated or incomplete.
#
#  Out of Memory Error (arena.cpp:168), pid=288848, tid=283160
#
# JRE version: OpenJDK Runtime Environment (21.0.8) (build 21.0.8+-14196175-b1038.72)
# Java VM: OpenJDK 64-Bit Server VM (21.0.8+-14196175-b1038.72, mixed mode, tiered, compressed oops, compressed class ptrs, g1 gc, windows-amd64)
# No core dump will be written. Minidumps are not enabled by default on client versions of Windows
#

---------------  S U M M A R Y ------------

Command Line: --add-opens=java.base/java.lang=ALL-UNNAMED --add-opens=java.base/java.lang.invoke=ALL-UNNAMED --add-opens=java.base/java.util=ALL-UNNAMED --add-opens=java.prefs/java.util.prefs=ALL-UNNAMED --add-exports=jdk.compiler/com.sun.tools.javac.api=ALL-UNNAMED --add-exports=jdk.compiler/com.sun.tools.javac.util=ALL-UNNAMED --add-opens=java.base/java.util=ALL-UNNAMED --add-opens=java.prefs/java.util.prefs=ALL-UNNAMED --add-opens=java.base/java.nio.charset=ALL-UNNAMED --add-opens=java.base/java.net=ALL-UNNAMED --add-opens=java.base/java.util.concurrent.atomic=ALL-UNNAMED --add-opens=java.xml/javax.xml.namespace=ALL-UNNAMED -Xmx1024m -Dfile.encoding=UTF-8 -Duser.country=CN -Duser.language=zh -Duser.variant -javaagent:C:\Users\30720\.gradle\wrapper\dists\gradle-8.13-bin\5xuhj0ry160q40clulazy9h7d\gradle-8.13\lib\agents\gradle-instrumentation-agent-8.13.jar org.gradle.launcher.daemon.bootstrap.GradleDaemon 8.13

Host: AMD Ryzen 9 7945HX with Radeon Graphics        , 32 cores, 15G,  Windows 11 , 64 bit Build 26100 (10.0.26100.7920)
Time: Thu Apr 16 19:45:49 2026 elapsed time: 34.354194 seconds (0d 0h 0m 34s)

---------------  T H R E A D  ---------------

Current thread (0x00000208bb3f4060):  JavaThread "C2 CompilerThread1" daemon [_thread_in_native, id=283160, stack(0x000000272bd00000,0x000000272be00000) (1024K)]


Current CompileTask:
C2:34354 21159       4       org.gradle.internal.instantiation.generator.AbstractClassGenerator::inspectType (602 bytes)

Stack: [0x000000272bd00000,0x000000272be00000]
Native frames: (J=compiled Java code, j=interpreted, Vv=VM code, C=native code)
V  [jvm.dll+0x6d68d9]
V  [jvm.dll+0x866693]
V  [jvm.dll+0x868c4e]
V  [jvm.dll+0x869333]
V  [jvm.dll+0x280566]
V  [jvm.dll+0xc07cd]
V  [jvm.dll+0xc0d03]
V  [jvm.dll+0x3b961b]
V  [jvm.dll+0x1dfb24]
V  [jvm.dll+0x2493a4]
V  [jvm.dll+0x248821]
V  [jvm.dll+0x1c73a4]
V  [jvm.dll+0x257f9e]
V  [jvm.dll+0x2564e6]
V  [jvm.dll+0x3f4696]
V  [jvm.dll+0x80eac8]
V  [jvm.dll+0x6d512d]
C  [ucrtbase.dll+0x37b0]
C  [KERNEL32.DLL+0x2e8d7]
C  [ntdll.dll+0x8c48c]


---------------  P R O C E S S  ---------------

Threads class SMR info:
_java_thread_list=0x00000208b7a11c50, length=213, elements={
0x0000020896eec080, 0x00000208af312c40, 0x00000208af313800, 0x00000208af3140f0,
0x00000208af33d8f0, 0x00000208af33df60, 0x00000208af33e5d0, 0x00000208af37fcc0,
0x00000208af393360, 0x00000208af399a30, 0x00000208af7f9910, 0x00000208b47363d0,
0x00000208b4836f80, 0x00000208b5279090, 0x00000208b551a640, 0x00000208b5365060,
0x00000208b5799180, 0x00000208b52d3350, 0x00000208b52d1fa0, 0x00000208b52d4070,
0x00000208b52d5420, 0x00000208b52d2630, 0x00000208b52d4700, 0x00000208b52d2cc0,
0x00000208b52d39e0, 0x00000208b8e40180, 0x00000208b8e3faf0, 0x00000208b8e3d390,
0x00000208b8e40810, 0x00000208b8e40ea0, 0x00000208b8e3da20, 0x00000208b8e41530,
0x00000208b8e3e0b0, 0x00000208b8e3f460, 0x00000208b8e41bc0, 0x00000208b8e3e740,
0x00000208b8e42250, 0x00000208b8e3edd0, 0x00000208b8e44320, 0x00000208b8e43c90,
0x00000208b8e449b0, 0x00000208b8e428e0, 0x00000208b8e43600, 0x00000208b8e42f70,
0x00000208b7f80080, 0x00000208b7f7e640, 0x00000208b7f7cc00, 0x00000208b7f80710,
0x00000208b7f7f9f0, 0x00000208b7f7ecd0, 0x00000208b7f7d290, 0x00000208b7f80da0,
0x00000208b7f7d920, 0x00000208b7f81430, 0x00000208b7f7dfb0, 0x00000208b7f81ac0,
0x00000208b7f82150, 0x00000208b7f827e0, 0x00000208b7f84220, 0x00000208b7f82e70,
0x00000208b7f83b90, 0x00000208b90bdcf0, 0x00000208b90bbc20, 0x00000208b90bc940,
0x00000208b90bcfd0, 0x00000208b90be380, 0x00000208b90baf00, 0x00000208b90bd660,
0x00000208b90bb590, 0x00000208b90bc2b0, 0x00000208b79bf6e0, 0x00000208b79bdca0,
0x00000208b79be330, 0x00000208b79bc260, 0x00000208b79bcf80, 0x00000208b79bc8f0,
0x00000208b79bf050, 0x00000208b79bd610, 0x00000208b79be9c0, 0x00000208b9328550,
0x00000208b932a620, 0x00000208b932c060, 0x00000208b932c6f0, 0x00000208b932b340,
0x00000208b932acb0, 0x00000208b9329270, 0x00000208b932b9d0, 0x00000208b932cd80,
0x00000208b9329900, 0x00000208b932d410, 0x00000208b932daa0, 0x00000208b932e130,
0x00000208b932e7c0, 0x00000208b932ee50, 0x00000208b932f4e0, 0x00000208b44e3d70,
0x00000208b44e5e40, 0x00000208b44e6b60, 0x00000208b44e4400, 0x00000208b44e64d0,
0x00000208b44e71f0, 0x00000208b44e7880, 0x00000208b44e57b0, 0x00000208b44e7f10,
0x00000208b44e4a90, 0x00000208b44e85a0, 0x00000208b44e5120, 0x00000208b44e8c30,
0x00000208b44e92c0, 0x00000208b44ea670, 0x00000208b44e9fe0, 0x00000208b44e9950,
0x00000208b44ead00, 0x00000208b44eb390, 0x00000208b8582190, 0x00000208b8581b00,
0x00000208b8580de0, 0x00000208b8582820, 0x00000208b857f3a0, 0x00000208b8582eb0,
0x00000208b8581470, 0x00000208b857fa30, 0x00000208b8583540, 0x00000208b85800c0,
0x00000208b8583bd0, 0x00000208b8580750, 0x00000208b8584260, 0x00000208b85848f0,
0x00000208b8586330, 0x00000208b8584f80, 0x00000208b8585ca0, 0x00000208b8585610,
0x00000208b85869c0, 0x00000208b48a4200, 0x00000208b48a4890, 0x00000208b48a4f20,
0x00000208b48a62d0, 0x00000208b48a3b70, 0x00000208b48a8a30, 0x00000208b48a6ff0,
0x00000208b48a5c40, 0x00000208b48a7d10, 0x00000208b48a6960, 0x00000208b48a7680,
0x00000208b48a83a0, 0x00000208b48a55b0, 0x00000208b48a90c0, 0x00000208b48a9750,
0x00000208b48a9de0, 0x00000208b48aa470, 0x00000208b48aab00, 0x00000208b48ab190,
0x00000208b9d9cd80, 0x00000208b9d9a620, 0x00000208b9d9b340, 0x00000208b9d9b9d0,
0x00000208b9d99f90, 0x00000208b9d9acb0, 0x00000208b9d9f4e0, 0x00000208b9d9d410,
0x00000208b9d9daa0, 0x00000208b9d9e7c0, 0x00000208b9d9c060, 0x00000208b9d9e130,
0x00000208b9d9ee50, 0x00000208b9d9fb70, 0x00000208b9d9c6f0, 0x00000208b9da15b0,
0x00000208b9da0200, 0x00000208b9da0890, 0x00000208b9da0f20, 0x00000208b7c5bab0,
0x00000208b7c5ce60, 0x00000208b7c67270, 0x00000208b7c5f5c0, 0x00000208ba2b88c0,
0x00000208ba2b8230, 0x00000208ba2b95e0, 0x00000208ba2b8f50, 0x00000208c5965890,
0x00000208c5965200, 0x00000208c5965f20, 0x00000208c5964b70, 0x00000208ba335170,
0x00000208ba335800, 0x00000208ba335e90, 0x00000208ba336520, 0x00000208ba3330a0,
0x00000208ba333730, 0x00000208ba334ae0, 0x00000208ba333dc0, 0x00000208ba334450,
0x00000208c58c3370, 0x00000208c58c5440, 0x00000208c58c3a00, 0x00000208c58c4720,
0x00000208c58c4090, 0x00000208c58c2ce0, 0x00000208c58c5ad0, 0x00000208c58c4db0,
0x00000208c58c93a0, 0x00000208c58ca0c0, 0x00000208c58ca750, 0x00000208c58c9a30,
0x00000208c58c8d10, 0x00000208c58cbb00, 0x00000208c58c8680, 0x00000208c522c190,
0x00000208b924e3e0, 0x00000208b924dd50, 0x00000208bb3f4060, 0x00000208bb3f1780,
0x00000208b5da26f0
}

Java Threads: ( => current thread )
  0x0000020896eec080 JavaThread "main"                              [_thread_blocked, id=262872, stack(0x000000272a400000,0x000000272a500000) (1024K)]
  0x00000208af312c40 JavaThread "Common-Cleaner"             daemon [_thread_blocked, id=279676, stack(0x000000272ac00000,0x000000272ad00000) (1024K)]
  0x00000208af313800 JavaThread "Reference Handler"          daemon [_thread_blocked, id=291048, stack(0x000000272ad00000,0x000000272ae00000) (1024K)]
  0x00000208af3140f0 JavaThread "Finalizer"                  daemon [_thread_blocked, id=288704, stack(0x000000272ae00000,0x000000272af00000) (1024K)]
  0x00000208af33d8f0 JavaThread "Signal Dispatcher"          daemon [_thread_blocked, id=291784, stack(0x000000272af00000,0x000000272b000000) (1024K)]
  0x00000208af33df60 JavaThread "Attach Listener"            daemon [_thread_blocked, id=272872, stack(0x000000272b000000,0x000000272b100000) (1024K)]
  0x00000208af33e5d0 JavaThread "Service Thread"             daemon [_thread_blocked, id=280176, stack(0x000000272b100000,0x000000272b200000) (1024K)]
  0x00000208af37fcc0 JavaThread "Monitor Deflation Thread"   daemon [_thread_blocked, id=280240, stack(0x000000272b200000,0x000000272b300000) (1024K)]
  0x00000208af393360 JavaThread "C2 CompilerThread0"         daemon [_thread_blocked, id=294304, stack(0x000000272b300000,0x000000272b400000) (1024K)]
  0x00000208af399a30 JavaThread "C1 CompilerThread0"         daemon [_thread_blocked, id=294160, stack(0x000000272b400000,0x000000272b500000) (1024K)]
  0x00000208af7f9910 JavaThread "Notification Thread"        daemon [_thread_blocked, id=291648, stack(0x000000272b600000,0x000000272b700000) (1024K)]
  0x00000208b47363d0 JavaThread "Daemon health stats"               [_thread_blocked, id=268020, stack(0x000000272be00000,0x000000272bf00000) (1024K)]
  0x00000208b4836f80 JavaThread "Incoming local TCP Connector on port 49684"        [_thread_in_native, id=294280, stack(0x000000272c300000,0x000000272c400000) (1024K)]
  0x00000208b5279090 JavaThread "Daemon periodic checks"            [_thread_blocked, id=290820, stack(0x000000272c400000,0x000000272c500000) (1024K)]
  0x00000208b551a640 JavaThread "Daemon"                            [_thread_blocked, id=294176, stack(0x000000272c500000,0x000000272c600000) (1024K)]
  0x00000208b5365060 JavaThread "Handler for socket connection from /127.0.0.1:49684 to /127.0.0.1:49685"        [_thread_in_native, id=295888, stack(0x000000272c600000,0x000000272c700000) (1024K)]
  0x00000208b5799180 JavaThread "Cancel handler"                    [_thread_blocked, id=295724, stack(0x000000272c700000,0x000000272c800000) (1024K)]
  0x00000208b52d3350 JavaThread "Daemon worker"                     [_thread_in_vm, id=282648, stack(0x000000272d300000,0x000000272d400000) (1024K)]
  0x00000208b52d1fa0 JavaThread "Asynchronous log dispatcher for DefaultDaemonConnection: socket connection from /127.0.0.1:49684 to /127.0.0.1:49685"        [_thread_blocked, id=281676, stack(0x000000272d400000,0x000000272d500000) (1024K)]
  0x00000208b52d4070 JavaThread "Stdin handler"                     [_thread_blocked, id=274052, stack(0x000000272d500000,0x000000272d600000) (1024K)]
  0x00000208b52d5420 JavaThread "Daemon client event forwarder"        [_thread_blocked, id=295512, stack(0x000000272d600000,0x000000272d700000) (1024K)]
  0x00000208b52d2630 JavaThread "Cache worker for journal cache (C:\Users\30720\.gradle\caches\journal-1)"        [_thread_blocked, id=273044, stack(0x000000272d700000,0x000000272d800000) (1024K)]
  0x00000208b52d4700 JavaThread "File lock request listener"        [_thread_in_native, id=293948, stack(0x000000272d800000,0x000000272d900000) (1024K)]
  0x00000208b52d2cc0 JavaThread "Cache worker for file hash cache (C:\Users\30720\.gradle\caches\8.13\fileHashes)"        [_thread_blocked, id=285576, stack(0x000000272d900000,0x000000272da00000) (1024K)]
  0x00000208b52d39e0 JavaThread "Cache worker for file hash cache (D:\AndroidStudioProjects\XiaoYi\.gradle\8.13\fileHashes)"        [_thread_blocked, id=293868, stack(0x000000272e200000,0x000000272e300000) (1024K)]
  0x00000208b8e40180 JavaThread "Cache worker for Build Output Cleanup Cache (D:\AndroidStudioProjects\XiaoYi\.gradle\buildOutputCleanup)"        [_thread_blocked, id=290100, stack(0x000000272e300000,0x000000272e400000) (1024K)]
  0x00000208b8e3faf0 JavaThread "File watcher server"        daemon [_thread_in_native, id=294300, stack(0x000000272e400000,0x000000272e500000) (1024K)]
  0x00000208b8e3d390 JavaThread "File watcher consumer"      daemon [_thread_blocked, id=293760, stack(0x000000272e500000,0x000000272e600000) (1024K)]
  0x00000208b8e40810 JavaThread "jar transforms"                    [_thread_blocked, id=265912, stack(0x000000272e600000,0x000000272e700000) (1024K)]
  0x00000208b8e40ea0 JavaThread "jar transforms Thread 2"           [_thread_blocked, id=262164, stack(0x000000272e700000,0x000000272e800000) (1024K)]
  0x00000208b8e3da20 JavaThread "jar transforms Thread 3"           [_thread_blocked, id=272068, stack(0x000000272e800000,0x000000272e900000) (1024K)]
  0x00000208b8e41530 JavaThread "jar transforms Thread 4"           [_thread_blocked, id=274232, stack(0x000000272e900000,0x000000272ea00000) (1024K)]
  0x00000208b8e3e0b0 JavaThread "jar transforms Thread 5"           [_thread_blocked, id=294136, stack(0x000000272ea00000,0x000000272eb00000) (1024K)]
  0x00000208b8e3f460 JavaThread "jar transforms Thread 6"           [_thread_blocked, id=294044, stack(0x000000272eb00000,0x000000272ec00000) (1024K)]
  0x00000208b8e41bc0 JavaThread "jar transforms Thread 7"           [_thread_blocked, id=294248, stack(0x000000272ec00000,0x000000272ed00000) (1024K)]
  0x00000208b8e3e740 JavaThread "jar transforms Thread 8"           [_thread_blocked, id=292844, stack(0x000000272ed00000,0x000000272ee00000) (1024K)]
  0x00000208b8e42250 JavaThread "jar transforms Thread 9"           [_thread_blocked, id=294008, stack(0x000000272ee00000,0x000000272ef00000) (1024K)]
  0x00000208b8e3edd0 JavaThread "jar transforms Thread 10"          [_thread_blocked, id=281284, stack(0x000000272ef00000,0x000000272f000000) (1024K)]
  0x00000208b8e44320 JavaThread "jar transforms Thread 11"          [_thread_blocked, id=292412, stack(0x000000272f000000,0x000000272f100000) (1024K)]
  0x00000208b8e43c90 JavaThread "jar transforms Thread 12"          [_thread_blocked, id=278068, stack(0x000000272f100000,0x000000272f200000) (1024K)]
  0x00000208b8e449b0 JavaThread "jar transforms Thread 13"          [_thread_blocked, id=294596, stack(0x000000272f200000,0x000000272f300000) (1024K)]
  0x00000208b8e428e0 JavaThread "jar transforms Thread 14"          [_thread_blocked, id=292376, stack(0x000000272f300000,0x000000272f400000) (1024K)]
  0x00000208b8e43600 JavaThread "jar transforms Thread 15"          [_thread_blocked, id=294808, stack(0x000000272f400000,0x000000272f500000) (1024K)]
  0x00000208b8e42f70 JavaThread "jar transforms Thread 16"          [_thread_blocked, id=288680, stack(0x000000272f500000,0x000000272f600000) (1024K)]
  0x00000208b7f80080 JavaThread "jar transforms Thread 17"          [_thread_blocked, id=280012, stack(0x000000272f600000,0x000000272f700000) (1024K)]
  0x00000208b7f7e640 JavaThread "jar transforms Thread 18"          [_thread_blocked, id=287896, stack(0x000000272f700000,0x000000272f800000) (1024K)]
  0x00000208b7f7cc00 JavaThread "jar transforms Thread 19"          [_thread_blocked, id=293256, stack(0x000000272f800000,0x000000272f900000) (1024K)]
  0x00000208b7f80710 JavaThread "jar transforms Thread 20"          [_thread_blocked, id=292944, stack(0x000000272f900000,0x000000272fa00000) (1024K)]
  0x00000208b7f7f9f0 JavaThread "jar transforms Thread 21"          [_thread_blocked, id=295636, stack(0x000000272fa00000,0x000000272fb00000) (1024K)]
  0x00000208b7f7ecd0 JavaThread "jar transforms Thread 22"          [_thread_blocked, id=288868, stack(0x000000272fb00000,0x000000272fc00000) (1024K)]
  0x00000208b7f7d290 JavaThread "jar transforms Thread 23"          [_thread_blocked, id=282808, stack(0x000000272fc00000,0x000000272fd00000) (1024K)]
  0x00000208b7f80da0 JavaThread "Cache worker for checksums cache (D:\AndroidStudioProjects\XiaoYi\.gradle\8.13\checksums)"        [_thread_blocked, id=294004, stack(0x000000272fd00000,0x000000272fe00000) (1024K)]
  0x00000208b7f7d920 JavaThread "Cache worker for file content cache (C:\Users\30720\.gradle\caches\8.13\fileContent)"        [_thread_blocked, id=286000, stack(0x000000272fe00000,0x000000272ff00000) (1024K)]
  0x00000208b7f81430 JavaThread "jar transforms Thread 24"          [_thread_blocked, id=268036, stack(0x000000272ff00000,0x0000002730000000) (1024K)]
  0x00000208b7f7dfb0 JavaThread "Cache worker for cache directory md-supplier (C:\Users\30720\.gradle\caches\8.13\md-supplier)"        [_thread_blocked, id=270244, stack(0x0000002730000000,0x0000002730100000) (1024K)]
  0x00000208b7f81ac0 JavaThread "Cache worker for cache directory md-rule (C:\Users\30720\.gradle\caches\8.13\md-rule)"        [_thread_blocked, id=282280, stack(0x0000002730100000,0x0000002730200000) (1024K)]
  0x00000208b7f82150 JavaThread "Unconstrained build operations"        [_thread_blocked, id=272852, stack(0x0000002730200000,0x0000002730300000) (1024K)]
  0x00000208b7f827e0 JavaThread "Unconstrained build operations Thread 2"        [_thread_blocked, id=268260, stack(0x0000002730300000,0x0000002730400000) (1024K)]
  0x00000208b7f84220 JavaThread "Unconstrained build operations Thread 3"        [_thread_blocked, id=263940, stack(0x0000002730400000,0x0000002730500000) (1024K)]
  0x00000208b7f82e70 JavaThread "Unconstrained build operations Thread 4"        [_thread_blocked, id=262824, stack(0x0000002730500000,0x0000002730600000) (1024K)]
  0x00000208b7f83b90 JavaThread "jar transforms Thread 25"          [_thread_blocked, id=284760, stack(0x0000002730600000,0x0000002730700000) (1024K)]
  0x00000208b90bdcf0 JavaThread "jar transforms Thread 26"          [_thread_blocked, id=279456, stack(0x0000002730700000,0x0000002730800000) (1024K)]
  0x00000208b90bbc20 JavaThread "Unconstrained build operations Thread 5"        [_thread_blocked, id=274456, stack(0x0000002730800000,0x0000002730900000) (1024K)]
  0x00000208b90bc940 JavaThread "Unconstrained build operations Thread 6"        [_thread_blocked, id=257224, stack(0x0000002730900000,0x0000002730a00000) (1024K)]
  0x00000208b90bcfd0 JavaThread "Unconstrained build operations Thread 7"        [_thread_blocked, id=266536, stack(0x0000002730a00000,0x0000002730b00000) (1024K)]
  0x00000208b90be380 JavaThread "Unconstrained build operations Thread 8"        [_thread_blocked, id=276872, stack(0x0000002730b00000,0x0000002730c00000) (1024K)]
  0x00000208b90baf00 JavaThread "Unconstrained build operations Thread 9"        [_thread_blocked, id=279612, stack(0x0000002730c00000,0x0000002730d00000) (1024K)]
  0x00000208b90bd660 JavaThread "Unconstrained build operations Thread 10"        [_thread_blocked, id=272596, stack(0x0000002730d00000,0x0000002730e00000) (1024K)]
  0x00000208b90bb590 JavaThread "Unconstrained build operations Thread 11"        [_thread_blocked, id=265464, stack(0x0000002730e00000,0x0000002730f00000) (1024K)]
  0x00000208b90bc2b0 JavaThread "Unconstrained build operations Thread 12"        [_thread_blocked, id=278160, stack(0x0000002730f00000,0x0000002731000000) (1024K)]
  0x00000208b79bf6e0 JavaThread "Unconstrained build operations Thread 13"        [_thread_blocked, id=279600, stack(0x0000002731000000,0x0000002731100000) (1024K)]
  0x00000208b79bdca0 JavaThread "Unconstrained build operations Thread 14"        [_thread_blocked, id=267088, stack(0x0000002731100000,0x0000002731200000) (1024K)]
  0x00000208b79be330 JavaThread "Unconstrained build operations Thread 15"        [_thread_blocked, id=278368, stack(0x0000002731200000,0x0000002731300000) (1024K)]
  0x00000208b79bc260 JavaThread "Unconstrained build operations Thread 16"        [_thread_blocked, id=270680, stack(0x0000002731300000,0x0000002731400000) (1024K)]
  0x00000208b79bcf80 JavaThread "Unconstrained build operations Thread 17"        [_thread_blocked, id=264016, stack(0x0000002731400000,0x0000002731500000) (1024K)]
  0x00000208b79bc8f0 JavaThread "Unconstrained build operations Thread 18"        [_thread_blocked, id=285104, stack(0x0000002731500000,0x0000002731600000) (1024K)]
  0x00000208b79bf050 JavaThread "Unconstrained build operations Thread 19"        [_thread_blocked, id=271532, stack(0x0000002731600000,0x0000002731700000) (1024K)]
  0x00000208b79bd610 JavaThread "Unconstrained build operations Thread 20"        [_thread_blocked, id=279312, stack(0x0000002731700000,0x0000002731800000) (1024K)]
  0x00000208b79be9c0 JavaThread "Unconstrained build operations Thread 21"        [_thread_blocked, id=271932, stack(0x0000002731800000,0x0000002731900000) (1024K)]
  0x00000208b9328550 JavaThread "jar transforms Thread 27"          [_thread_blocked, id=276648, stack(0x0000002731900000,0x0000002731a00000) (1024K)]
  0x00000208b932a620 JavaThread "Unconstrained build operations Thread 22"        [_thread_blocked, id=294544, stack(0x0000002731b00000,0x0000002731c00000) (1024K)]
  0x00000208b932c060 JavaThread "Unconstrained build operations Thread 23"        [_thread_blocked, id=295452, stack(0x0000002731c00000,0x0000002731d00000) (1024K)]
  0x00000208b932c6f0 JavaThread "Unconstrained build operations Thread 24"        [_thread_blocked, id=262268, stack(0x0000002731d00000,0x0000002731e00000) (1024K)]
  0x00000208b932b340 JavaThread "Unconstrained build operations Thread 25"        [_thread_blocked, id=278736, stack(0x0000002731e00000,0x0000002731f00000) (1024K)]
  0x00000208b932acb0 JavaThread "Unconstrained build operations Thread 26"        [_thread_blocked, id=295024, stack(0x0000002731f00000,0x0000002732000000) (1024K)]
  0x00000208b9329270 JavaThread "Unconstrained build operations Thread 27"        [_thread_blocked, id=294452, stack(0x0000002732000000,0x0000002732100000) (1024K)]
  0x00000208b932b9d0 JavaThread "Unconstrained build operations Thread 28"        [_thread_blocked, id=269536, stack(0x0000002732100000,0x0000002732200000) (1024K)]
  0x00000208b932cd80 JavaThread "Unconstrained build operations Thread 29"        [_thread_blocked, id=283096, stack(0x0000002732200000,0x0000002732300000) (1024K)]
  0x00000208b9329900 JavaThread "Unconstrained build operations Thread 30"        [_thread_blocked, id=277144, stack(0x0000002732300000,0x0000002732400000) (1024K)]
  0x00000208b932d410 JavaThread "Unconstrained build operations Thread 31"        [_thread_blocked, id=276284, stack(0x0000002732400000,0x0000002732500000) (1024K)]
  0x00000208b932daa0 JavaThread "Unconstrained build operations Thread 32"        [_thread_blocked, id=268672, stack(0x0000002732500000,0x0000002732600000) (1024K)]
  0x00000208b932e130 JavaThread "Unconstrained build operations Thread 33"        [_thread_blocked, id=281996, stack(0x0000002732600000,0x0000002732700000) (1024K)]
  0x00000208b932e7c0 JavaThread "Unconstrained build operations Thread 34"        [_thread_blocked, id=287232, stack(0x0000002732700000,0x0000002732800000) (1024K)]
  0x00000208b932ee50 JavaThread "Unconstrained build operations Thread 35"        [_thread_blocked, id=284312, stack(0x0000002732800000,0x0000002732900000) (1024K)]
  0x00000208b932f4e0 JavaThread "Unconstrained build operations Thread 36"        [_thread_blocked, id=263364, stack(0x0000002732900000,0x0000002732a00000) (1024K)]
  0x00000208b44e3d70 JavaThread "Unconstrained build operations Thread 37"        [_thread_blocked, id=294480, stack(0x0000002732a00000,0x0000002732b00000) (1024K)]
  0x00000208b44e5e40 JavaThread "Unconstrained build operations Thread 38"        [_thread_blocked, id=269716, stack(0x0000002732b00000,0x0000002732c00000) (1024K)]
  0x00000208b44e6b60 JavaThread "Unconstrained build operations Thread 39"        [_thread_blocked, id=290484, stack(0x0000002732c00000,0x0000002732d00000) (1024K)]
  0x00000208b44e4400 JavaThread "Unconstrained build operations Thread 40"        [_thread_blocked, id=277708, stack(0x0000002732d00000,0x0000002732e00000) (1024K)]
  0x00000208b44e64d0 JavaThread "Unconstrained build operations Thread 41"        [_thread_blocked, id=271012, stack(0x0000002732e00000,0x0000002732f00000) (1024K)]
  0x00000208b44e71f0 JavaThread "Unconstrained build operations Thread 42"        [_thread_blocked, id=294932, stack(0x0000002732f00000,0x0000002733000000) (1024K)]
  0x00000208b44e7880 JavaThread "Unconstrained build operations Thread 43"        [_thread_blocked, id=274984, stack(0x0000002733000000,0x0000002733100000) (1024K)]
  0x00000208b44e57b0 JavaThread "Unconstrained build operations Thread 44"        [_thread_blocked, id=294492, stack(0x0000002733100000,0x0000002733200000) (1024K)]
  0x00000208b44e7f10 JavaThread "Unconstrained build operations Thread 45"        [_thread_blocked, id=291264, stack(0x0000002733200000,0x0000002733300000) (1024K)]
  0x00000208b44e4a90 JavaThread "Unconstrained build operations Thread 46"        [_thread_blocked, id=288808, stack(0x0000002733300000,0x0000002733400000) (1024K)]
  0x00000208b44e85a0 JavaThread "Unconstrained build operations Thread 47"        [_thread_blocked, id=290980, stack(0x0000002733400000,0x0000002733500000) (1024K)]
  0x00000208b44e5120 JavaThread "Unconstrained build operations Thread 48"        [_thread_blocked, id=262468, stack(0x0000002733500000,0x0000002733600000) (1024K)]
  0x00000208b44e8c30 JavaThread "Unconstrained build operations Thread 49"        [_thread_blocked, id=294360, stack(0x0000002733600000,0x0000002733700000) (1024K)]
  0x00000208b44e92c0 JavaThread "Unconstrained build operations Thread 50"        [_thread_blocked, id=286896, stack(0x0000002733700000,0x0000002733800000) (1024K)]
  0x00000208b44ea670 JavaThread "Unconstrained build operations Thread 51"        [_thread_blocked, id=295320, stack(0x0000002733800000,0x0000002733900000) (1024K)]
  0x00000208b44e9fe0 JavaThread "Unconstrained build operations Thread 52"        [_thread_blocked, id=264644, stack(0x0000002733900000,0x0000002733a00000) (1024K)]
  0x00000208b44e9950 JavaThread "Unconstrained build operations Thread 53"        [_thread_blocked, id=292016, stack(0x0000002733a00000,0x0000002733b00000) (1024K)]
  0x00000208b44ead00 JavaThread "Unconstrained build operations Thread 54"        [_thread_blocked, id=289504, stack(0x0000002733b00000,0x0000002733c00000) (1024K)]
  0x00000208b44eb390 JavaThread "Unconstrained build operations Thread 55"        [_thread_blocked, id=290092, stack(0x0000002733c00000,0x0000002733d00000) (1024K)]
  0x00000208b8582190 JavaThread "Unconstrained build operations Thread 56"        [_thread_blocked, id=273316, stack(0x0000002733d00000,0x0000002733e00000) (1024K)]
  0x00000208b8581b00 JavaThread "Unconstrained build operations Thread 57"        [_thread_blocked, id=286096, stack(0x0000002733e00000,0x0000002733f00000) (1024K)]
  0x00000208b8580de0 JavaThread "Unconstrained build operations Thread 58"        [_thread_blocked, id=283356, stack(0x0000002733f00000,0x0000002734000000) (1024K)]
  0x00000208b8582820 JavaThread "Unconstrained build operations Thread 59"        [_thread_blocked, id=266924, stack(0x0000002734000000,0x0000002734100000) (1024K)]
  0x00000208b857f3a0 JavaThread "Unconstrained build operations Thread 60"        [_thread_blocked, id=278864, stack(0x0000002734100000,0x0000002734200000) (1024K)]
  0x00000208b8582eb0 JavaThread "Unconstrained build operations Thread 61"        [_thread_blocked, id=290680, stack(0x0000002734200000,0x0000002734300000) (1024K)]
  0x00000208b8581470 JavaThread "Unconstrained build operations Thread 62"        [_thread_blocked, id=289992, stack(0x0000002734300000,0x0000002734400000) (1024K)]
  0x00000208b857fa30 JavaThread "Unconstrained build operations Thread 63"        [_thread_blocked, id=278240, stack(0x0000002734400000,0x0000002734500000) (1024K)]
  0x00000208b8583540 JavaThread "Unconstrained build operations Thread 64"        [_thread_blocked, id=274676, stack(0x0000002734500000,0x0000002734600000) (1024K)]
  0x00000208b85800c0 JavaThread "Unconstrained build operations Thread 65"        [_thread_blocked, id=282636, stack(0x0000002734600000,0x0000002734700000) (1024K)]
  0x00000208b8583bd0 JavaThread "Unconstrained build operations Thread 66"        [_thread_blocked, id=263816, stack(0x0000002734700000,0x0000002734800000) (1024K)]
  0x00000208b8580750 JavaThread "Unconstrained build operations Thread 67"        [_thread_blocked, id=294796, stack(0x0000002734800000,0x0000002734900000) (1024K)]
  0x00000208b8584260 JavaThread "Unconstrained build operations Thread 68"        [_thread_blocked, id=294260, stack(0x0000002734900000,0x0000002734a00000) (1024K)]
  0x00000208b85848f0 JavaThread "Unconstrained build operations Thread 69"        [_thread_blocked, id=286404, stack(0x0000002734a00000,0x0000002734b00000) (1024K)]
  0x00000208b8586330 JavaThread "Unconstrained build operations Thread 70"        [_thread_blocked, id=274292, stack(0x0000002734b00000,0x0000002734c00000) (1024K)]
  0x00000208b8584f80 JavaThread "Unconstrained build operations Thread 71"        [_thread_blocked, id=267128, stack(0x0000002734c00000,0x0000002734d00000) (1024K)]
  0x00000208b8585ca0 JavaThread "Unconstrained build operations Thread 72"        [_thread_blocked, id=289544, stack(0x0000002734d00000,0x0000002734e00000) (1024K)]
  0x00000208b8585610 JavaThread "Unconstrained build operations Thread 73"        [_thread_blocked, id=292836, stack(0x0000002734e00000,0x0000002734f00000) (1024K)]
  0x00000208b85869c0 JavaThread "Unconstrained build operations Thread 74"        [_thread_blocked, id=294448, stack(0x0000002734f00000,0x0000002735000000) (1024K)]
  0x00000208b48a4200 JavaThread "Unconstrained build operations Thread 75"        [_thread_blocked, id=294376, stack(0x0000002735000000,0x0000002735100000) (1024K)]
  0x00000208b48a4890 JavaThread "Unconstrained build operations Thread 76"        [_thread_blocked, id=295476, stack(0x0000002735100000,0x0000002735200000) (1024K)]
  0x00000208b48a4f20 JavaThread "Unconstrained build operations Thread 77"        [_thread_blocked, id=294992, stack(0x0000002735200000,0x0000002735300000) (1024K)]
  0x00000208b48a62d0 JavaThread "Unconstrained build operations Thread 78"        [_thread_blocked, id=289556, stack(0x0000002735300000,0x0000002735400000) (1024K)]
  0x00000208b48a3b70 JavaThread "Unconstrained build operations Thread 79"        [_thread_blocked, id=295612, stack(0x0000002735400000,0x0000002735500000) (1024K)]
  0x00000208b48a8a30 JavaThread "Unconstrained build operations Thread 80"        [_thread_blocked, id=292300, stack(0x0000002735500000,0x0000002735600000) (1024K)]
  0x00000208b48a6ff0 JavaThread "Unconstrained build operations Thread 81"        [_thread_blocked, id=293020, stack(0x0000002735600000,0x0000002735700000) (1024K)]
  0x00000208b48a5c40 JavaThread "Unconstrained build operations Thread 82"        [_thread_blocked, id=276716, stack(0x0000002735700000,0x0000002735800000) (1024K)]
  0x00000208b48a7d10 JavaThread "Unconstrained build operations Thread 83"        [_thread_blocked, id=286432, stack(0x0000002735800000,0x0000002735900000) (1024K)]
  0x00000208b48a6960 JavaThread "Unconstrained build operations Thread 84"        [_thread_blocked, id=290860, stack(0x0000002735900000,0x0000002735a00000) (1024K)]
  0x00000208b48a7680 JavaThread "Unconstrained build operations Thread 85"        [_thread_blocked, id=295560, stack(0x0000002735a00000,0x0000002735b00000) (1024K)]
  0x00000208b48a83a0 JavaThread "Unconstrained build operations Thread 86"        [_thread_blocked, id=289564, stack(0x0000002735b00000,0x0000002735c00000) (1024K)]
  0x00000208b48a55b0 JavaThread "Unconstrained build operations Thread 87"        [_thread_blocked, id=281068, stack(0x0000002735c00000,0x0000002735d00000) (1024K)]
  0x00000208b48a90c0 JavaThread "Unconstrained build operations Thread 88"        [_thread_blocked, id=268804, stack(0x0000002735d00000,0x0000002735e00000) (1024K)]
  0x00000208b48a9750 JavaThread "Unconstrained build operations Thread 89"        [_thread_blocked, id=293972, stack(0x0000002735e00000,0x0000002735f00000) (1024K)]
  0x00000208b48a9de0 JavaThread "Unconstrained build operations Thread 90"        [_thread_blocked, id=285368, stack(0x0000002735f00000,0x0000002736000000) (1024K)]
  0x00000208b48aa470 JavaThread "Unconstrained build operations Thread 91"        [_thread_blocked, id=287436, stack(0x0000002736000000,0x0000002736100000) (1024K)]
  0x00000208b48aab00 JavaThread "Unconstrained build operations Thread 92"        [_thread_blocked, id=288744, stack(0x0000002736100000,0x0000002736200000) (1024K)]
  0x00000208b48ab190 JavaThread "Unconstrained build operations Thread 93"        [_thread_blocked, id=290320, stack(0x0000002736200000,0x0000002736300000) (1024K)]
  0x00000208b9d9cd80 JavaThread "Unconstrained build operations Thread 94"        [_thread_blocked, id=286284, stack(0x0000002736300000,0x0000002736400000) (1024K)]
  0x00000208b9d9a620 JavaThread "Unconstrained build operations Thread 95"        [_thread_blocked, id=294812, stack(0x0000002736400000,0x0000002736500000) (1024K)]
  0x00000208b9d9b340 JavaThread "Unconstrained build operations Thread 96"        [_thread_blocked, id=265204, stack(0x0000002736500000,0x0000002736600000) (1024K)]
  0x00000208b9d9b9d0 JavaThread "Unconstrained build operations Thread 97"        [_thread_blocked, id=288316, stack(0x0000002736600000,0x0000002736700000) (1024K)]
  0x00000208b9d99f90 JavaThread "Unconstrained build operations Thread 98"        [_thread_blocked, id=295304, stack(0x0000002736700000,0x0000002736800000) (1024K)]
  0x00000208b9d9acb0 JavaThread "Unconstrained build operations Thread 99"        [_thread_blocked, id=294692, stack(0x0000002736800000,0x0000002736900000) (1024K)]
  0x00000208b9d9f4e0 JavaThread "Unconstrained build operations Thread 100"        [_thread_blocked, id=293648, stack(0x0000002736900000,0x0000002736a00000) (1024K)]
  0x00000208b9d9d410 JavaThread "Unconstrained build operations Thread 101"        [_thread_blocked, id=291864, stack(0x0000002736a00000,0x0000002736b00000) (1024K)]
  0x00000208b9d9daa0 JavaThread "Unconstrained build operations Thread 102"        [_thread_blocked, id=295544, stack(0x0000002736b00000,0x0000002736c00000) (1024K)]
  0x00000208b9d9e7c0 JavaThread "Unconstrained build operations Thread 103"        [_thread_blocked, id=295668, stack(0x0000002736c00000,0x0000002736d00000) (1024K)]
  0x00000208b9d9c060 JavaThread "Unconstrained build operations Thread 104"        [_thread_blocked, id=295664, stack(0x0000002736d00000,0x0000002736e00000) (1024K)]
  0x00000208b9d9e130 JavaThread "Unconstrained build operations Thread 105"        [_thread_blocked, id=292524, stack(0x0000002736e00000,0x0000002736f00000) (1024K)]
  0x00000208b9d9ee50 JavaThread "Unconstrained build operations Thread 106"        [_thread_blocked, id=290760, stack(0x0000002736f00000,0x0000002737000000) (1024K)]
  0x00000208b9d9fb70 JavaThread "Unconstrained build operations Thread 107"        [_thread_blocked, id=293772, stack(0x0000002737000000,0x0000002737100000) (1024K)]
  0x00000208b9d9c6f0 JavaThread "Unconstrained build operations Thread 108"        [_thread_blocked, id=295548, stack(0x0000002737100000,0x0000002737200000) (1024K)]
  0x00000208b9da15b0 JavaThread "Unconstrained build operations Thread 109"        [_thread_blocked, id=295788, stack(0x0000002737200000,0x0000002737300000) (1024K)]
  0x00000208b9da0200 JavaThread "Unconstrained build operations Thread 110"        [_thread_blocked, id=293996, stack(0x0000002737300000,0x0000002737400000) (1024K)]
  0x00000208b9da0890 JavaThread "Unconstrained build operations Thread 111"        [_thread_blocked, id=291956, stack(0x0000002737400000,0x0000002737500000) (1024K)]
  0x00000208b9da0f20 JavaThread "Unconstrained build operations Thread 112"        [_thread_blocked, id=281816, stack(0x0000002737500000,0x0000002737600000) (1024K)]
  0x00000208b7c5bab0 JavaThread "Unconstrained build operations Thread 113"        [_thread_blocked, id=289708, stack(0x0000002737600000,0x0000002737700000) (1024K)]
  0x00000208b7c5ce60 JavaThread "Unconstrained build operations Thread 114"        [_thread_blocked, id=295468, stack(0x0000002737700000,0x0000002737800000) (1024K)]
  0x00000208b7c67270 JavaThread "Memory manager"                    [_thread_blocked, id=294056, stack(0x0000002737800000,0x0000002737900000) (1024K)]
  0x00000208b7c5f5c0 JavaThread "build event listener"              [_thread_blocked, id=288944, stack(0x0000002737a00000,0x0000002737b00000) (1024K)]
  0x00000208ba2b88c0 JavaThread "included builds"                   [_thread_blocked, id=274128, stack(0x0000002737b00000,0x0000002737c00000) (1024K)]
  0x00000208ba2b8230 JavaThread "Execution worker"                  [_thread_blocked, id=269728, stack(0x0000002737c00000,0x0000002737d00000) (1024K)]
  0x00000208ba2b95e0 JavaThread "Execution worker Thread 2"         [_thread_blocked, id=288652, stack(0x0000002737d00000,0x0000002737e00000) (1024K)]
  0x00000208ba2b8f50 JavaThread "Execution worker Thread 3"         [_thread_blocked, id=285388, stack(0x0000002737e00000,0x0000002737f00000) (1024K)]
  0x00000208c5965890 JavaThread "Execution worker Thread 4"         [_thread_blocked, id=282872, stack(0x0000002737f00000,0x0000002738000000) (1024K)]
  0x00000208c5965200 JavaThread "Execution worker Thread 5"         [_thread_blocked, id=264028, stack(0x0000002738000000,0x0000002738100000) (1024K)]
  0x00000208c5965f20 JavaThread "Execution worker Thread 6"         [_thread_blocked, id=271612, stack(0x0000002738100000,0x0000002738200000) (1024K)]
  0x00000208c5964b70 JavaThread "Execution worker Thread 7"         [_thread_blocked, id=266848, stack(0x0000002738200000,0x0000002738300000) (1024K)]
  0x00000208ba335170 JavaThread "Execution worker Thread 8"         [_thread_blocked, id=292360, stack(0x0000002738300000,0x0000002738400000) (1024K)]
  0x00000208ba335800 JavaThread "Execution worker Thread 9"         [_thread_blocked, id=269520, stack(0x0000002738400000,0x0000002738500000) (1024K)]
  0x00000208ba335e90 JavaThread "Execution worker Thread 10"        [_thread_blocked, id=290996, stack(0x0000002738500000,0x0000002738600000) (1024K)]
  0x00000208ba336520 JavaThread "Execution worker Thread 11"        [_thread_blocked, id=284616, stack(0x0000002738600000,0x0000002738700000) (1024K)]
  0x00000208ba3330a0 JavaThread "Execution worker Thread 12"        [_thread_blocked, id=291340, stack(0x0000002738700000,0x0000002738800000) (1024K)]
  0x00000208ba333730 JavaThread "Execution worker Thread 13"        [_thread_blocked, id=263760, stack(0x0000002738800000,0x0000002738900000) (1024K)]
  0x00000208ba334ae0 JavaThread "Execution worker Thread 14"        [_thread_blocked, id=252856, stack(0x0000002738900000,0x0000002738a00000) (1024K)]
  0x00000208ba333dc0 JavaThread "Execution worker Thread 15"        [_thread_blocked, id=290788, stack(0x0000002738a00000,0x0000002738b00000) (1024K)]
  0x00000208ba334450 JavaThread "Execution worker Thread 16"        [_thread_blocked, id=285824, stack(0x0000002738b00000,0x0000002738c00000) (1024K)]
  0x00000208c58c3370 JavaThread "Execution worker Thread 17"        [_thread_blocked, id=274068, stack(0x0000002738c00000,0x0000002738d00000) (1024K)]
  0x00000208c58c5440 JavaThread "Execution worker Thread 18"        [_thread_blocked, id=293628, stack(0x0000002738d00000,0x0000002738e00000) (1024K)]
  0x00000208c58c3a00 JavaThread "Execution worker Thread 19"        [_thread_blocked, id=278352, stack(0x0000002738e00000,0x0000002738f00000) (1024K)]
  0x00000208c58c4720 JavaThread "Execution worker Thread 20"        [_thread_blocked, id=287728, stack(0x0000002738f00000,0x0000002739000000) (1024K)]
  0x00000208c58c4090 JavaThread "Execution worker Thread 21"        [_thread_blocked, id=274864, stack(0x0000002739000000,0x0000002739100000) (1024K)]
  0x00000208c58c2ce0 JavaThread "Execution worker Thread 22"        [_thread_blocked, id=277156, stack(0x0000002739100000,0x0000002739200000) (1024K)]
  0x00000208c58c5ad0 JavaThread "Execution worker Thread 23"        [_thread_blocked, id=279880, stack(0x0000002739200000,0x0000002739300000) (1024K)]
  0x00000208c58c4db0 JavaThread "Execution worker Thread 24"        [_thread_blocked, id=292956, stack(0x0000002739300000,0x0000002739400000) (1024K)]
  0x00000208c58c93a0 JavaThread "Execution worker Thread 25"        [_thread_blocked, id=293836, stack(0x0000002739400000,0x0000002739500000) (1024K)]
  0x00000208c58ca0c0 JavaThread "Execution worker Thread 26"        [_thread_blocked, id=295744, stack(0x0000002739500000,0x0000002739600000) (1024K)]
  0x00000208c58ca750 JavaThread "Execution worker Thread 27"        [_thread_blocked, id=261208, stack(0x0000002739600000,0x0000002739700000) (1024K)]
  0x00000208c58c9a30 JavaThread "Execution worker Thread 28"        [_thread_blocked, id=274260, stack(0x0000002739700000,0x0000002739800000) (1024K)]
  0x00000208c58c8d10 JavaThread "Execution worker Thread 29"        [_thread_blocked, id=273576, stack(0x0000002739800000,0x0000002739900000) (1024K)]
  0x00000208c58cbb00 JavaThread "Execution worker Thread 30"        [_thread_blocked, id=293488, stack(0x0000002739900000,0x0000002739a00000) (1024K)]
  0x00000208c58c8680 JavaThread "Execution worker Thread 31"        [_thread_blocked, id=289184, stack(0x0000002739a00000,0x0000002739b00000) (1024K)]
  0x00000208c522c190 JavaThread "Cache worker for execution history cache (D:\AndroidStudioProjects\XiaoYi\.gradle\8.13\executionHistory)"        [_thread_blocked, id=279844, stack(0x0000002739b00000,0x0000002739c00000) (1024K)]
  0x00000208b924e3e0 JavaThread "idea-tooling-model-converter"        [_thread_blocked, id=291856, stack(0x0000002739c00000,0x0000002739d00000) (1024K)]
  0x00000208b924dd50 JavaThread "Unconstrained build operations Thread 115"        [_thread_blocked, id=293332, stack(0x0000002739d00000,0x0000002739e00000) (1024K)]
=>0x00000208bb3f4060 JavaThread "C2 CompilerThread1"         daemon [_thread_in_native, id=283160, stack(0x000000272bd00000,0x000000272be00000) (1024K)]
  0x00000208bb3f1780 JavaThread "C2 CompilerThread2"         daemon [_thread_in_native, id=278948, stack(0x0000002731a00000,0x0000002731b00000) (1024K)]
  0x00000208b5da26f0 JavaThread "Kotlin DSL Writer"                 [_thread_blocked, id=275160, stack(0x0000002737900000,0x0000002737a00000) (1024K)]
Total: 213

Other Threads:
  0x00000208af29f1f0 VMThread "VM Thread"                           [id=286464, stack(0x000000272ab00000,0x000000272ac00000) (1024K)]
  0x00000208af270da0 WatcherThread "VM Periodic Task Thread"        [id=295676, stack(0x000000272aa00000,0x000000272ab00000) (1024K)]
  0x0000020896f29460 WorkerThread "GC Thread#0"                     [id=290312, stack(0x000000272a500000,0x000000272a600000) (1024K)]
  0x00000208af910510 WorkerThread "GC Thread#1"                     [id=290840, stack(0x000000272b800000,0x000000272b900000) (1024K)]
  0x00000208af9108b0 WorkerThread "GC Thread#2"                     [id=267436, stack(0x000000272b900000,0x000000272ba00000) (1024K)]
  0x00000208af910c50 WorkerThread "GC Thread#3"                     [id=286780, stack(0x000000272ba00000,0x000000272bb00000) (1024K)]
  0x00000208afa95680 WorkerThread "GC Thread#4"                     [id=264236, stack(0x000000272bb00000,0x000000272bc00000) (1024K)]
  0x00000208b532ad30 WorkerThread "GC Thread#5"                     [id=266932, stack(0x000000272bf00000,0x000000272c000000) (1024K)]
  0x00000208b532b0d0 WorkerThread "GC Thread#6"                     [id=291244, stack(0x000000272c000000,0x000000272c100000) (1024K)]
  0x00000208b532b880 WorkerThread "GC Thread#7"                     [id=267156, stack(0x000000272c100000,0x000000272c200000) (1024K)]
  0x00000208b522cdf0 WorkerThread "GC Thread#8"                     [id=262680, stack(0x000000272c200000,0x000000272c300000) (1024K)]
  0x00000208b522d530 WorkerThread "GC Thread#9"                     [id=294936, stack(0x000000272c800000,0x000000272c900000) (1024K)]
  0x00000208b522c6b0 WorkerThread "GC Thread#10"                    [id=265560, stack(0x000000272c900000,0x000000272ca00000) (1024K)]
  0x00000208b522d8d0 WorkerThread "GC Thread#11"                    [id=294536, stack(0x000000272ca00000,0x000000272cb00000) (1024K)]
  0x00000208b522d190 WorkerThread "GC Thread#12"                    [id=266284, stack(0x000000272cb00000,0x000000272cc00000) (1024K)]
  0x00000208b522dc70 WorkerThread "GC Thread#13"                    [id=285712, stack(0x000000272cc00000,0x000000272cd00000) (1024K)]
  0x00000208b522c310 WorkerThread "GC Thread#14"                    [id=276556, stack(0x000000272cd00000,0x000000272ce00000) (1024K)]
  0x00000208b54d7390 WorkerThread "GC Thread#15"                    [id=294772, stack(0x000000272da00000,0x000000272db00000) (1024K)]
  0x00000208b54d7e70 WorkerThread "GC Thread#16"                    [id=295168, stack(0x000000272db00000,0x000000272dc00000) (1024K)]
  0x00000208b71fb700 WorkerThread "GC Thread#17"                    [id=270140, stack(0x000000272dc00000,0x000000272dd00000) (1024K)]
  0x00000208b71fa140 WorkerThread "GC Thread#18"                    [id=294332, stack(0x000000272dd00000,0x000000272de00000) (1024K)]
  0x00000208b71fc920 WorkerThread "GC Thread#19"                    [id=279128, stack(0x000000272de00000,0x000000272df00000) (1024K)]
  0x00000208b71fd060 WorkerThread "GC Thread#20"                    [id=281320, stack(0x000000272df00000,0x000000272e000000) (1024K)]
  0x00000208b71fccc0 WorkerThread "GC Thread#21"                    [id=290184, stack(0x000000272e000000,0x000000272e100000) (1024K)]
  0x00000208b71fd400 WorkerThread "GC Thread#22"                    [id=294412, stack(0x000000272e100000,0x000000272e200000) (1024K)]
  0x0000020896f32410 ConcurrentGCThread "G1 Main Marker"            [id=295524, stack(0x000000272a600000,0x000000272a700000) (1024K)]
  0x0000020896f34b10 WorkerThread "G1 Conc#0"                       [id=281412, stack(0x000000272a700000,0x000000272a800000) (1024K)]
  0x00000208b522ca50 WorkerThread "G1 Conc#1"                       [id=286348, stack(0x000000272ce00000,0x000000272cf00000) (1024K)]
  0x00000208b54d7ad0 WorkerThread "G1 Conc#2"                       [id=283076, stack(0x000000272cf00000,0x000000272d000000) (1024K)]
  0x00000208b54d8210 WorkerThread "G1 Conc#3"                       [id=294820, stack(0x000000272d000000,0x000000272d100000) (1024K)]
  0x00000208b54d6ff0 WorkerThread "G1 Conc#4"                       [id=295672, stack(0x000000272d100000,0x000000272d200000) (1024K)]
  0x00000208b54d7730 WorkerThread "G1 Conc#5"                       [id=279480, stack(0x000000272d200000,0x000000272d300000) (1024K)]
  0x00000208ae998a10 ConcurrentGCThread "G1 Refine#0"               [id=292436, stack(0x000000272a800000,0x000000272a900000) (1024K)]
  0x00000208ae999e50 ConcurrentGCThread "G1 Service"                [id=285756, stack(0x000000272a900000,0x000000272aa00000) (1024K)]
Total: 34

Threads with active compile tasks:
C2 CompilerThread1  34380 21159       4       org.gradle.internal.instantiation.generator.AbstractClassGenerator::inspectType (602 bytes)
C2 CompilerThread2  34380 21163       4       org.objectweb.asm.ClassReader::readCode (5117 bytes)
Total: 2

VM state: not at safepoint (normal execution)

VM Mutex/Monitor currently owned by a thread: None

Heap address: 0x00000000c0000000, size: 1024 MB, Compressed Oops mode: 32-bit

CDS archive(s) not mapped
Compressed class space mapped at: 0x0000000100000000-0x0000000140000000, reserved size: 1073741824
Narrow klass base: 0x0000000000000000, Narrow klass shift: 3, Narrow klass range: 0x140000000

GC Precious Log:
 CardTable entry size: 512
 Card Set container configuration: InlinePtr #cards 5 size 8 Array Of Cards #cards 12 size 40 Howl #buckets 4 coarsen threshold 1843 Howl Bitmap #cards 512 size 80 coarsen threshold 460 Card regions per heap region 1 cards per card region 2048
 CPUs: 32 total, 32 available
 Memory: 15540M
 Large Page Support: Disabled
 NUMA Support: Disabled
 Compressed Oops: Enabled (32-bit)
 Heap Region Size: 1M
 Heap Min Capacity: 8M
 Heap Initial Capacity: 244M
 Heap Max Capacity: 1G
 Pre-touch: Disabled
 Parallel Workers: 23
 Concurrent Workers: 6
 Concurrent Refinement Workers: 23
 Periodic GC: Disabled

Heap:
 garbage-first heap   total 384000K, used 319297K [0x00000000c0000000, 0x0000000100000000)
  region size 1024K, 93 young (95232K), 13 survivors (13312K)
 Metaspace       used 185825K, committed 188544K, reserved 1245184K
  class space    used 24514K, committed 25856K, reserved 1048576K

Heap Regions: E=young(eden), S=young(survivor), O=old, HS=humongous(starts), HC=humongous(continues), CS=collection set, F=free, TAMS=top-at-mark-start, PB=parsable bottom
|   0|0x00000000c0000000, 0x00000000c0100000, 0x00000000c0100000|100%|HS|  |TAMS 0x00000000c0000000| PB 0x00000000c0000000| Complete 
|   1|0x00000000c0100000, 0x00000000c0200000, 0x00000000c0200000|100%|HC|  |TAMS 0x00000000c0100000| PB 0x00000000c0100000| Complete 
|   2|0x00000000c0200000, 0x00000000c0300000, 0x00000000c0300000|100%|HC|  |TAMS 0x00000000c0200000| PB 0x00000000c0200000| Complete 
|   3|0x00000000c0300000, 0x00000000c0400000, 0x00000000c0400000|100%| O|  |TAMS 0x00000000c0300000| PB 0x00000000c0300000| Untracked 
|   4|0x00000000c0400000, 0x00000000c0500000, 0x00000000c0500000|100%| O|  |TAMS 0x00000000c0400000| PB 0x00000000c0400000| Untracked 
|   5|0x00000000c0500000, 0x00000000c0600000, 0x00000000c0600000|100%| O|  |TAMS 0x00000000c0500000| PB 0x00000000c0500000| Untracked 
|   6|0x00000000c0600000, 0x00000000c0700000, 0x00000000c0700000|100%|HS|  |TAMS 0x00000000c0600000| PB 0x00000000c0600000| Complete 
|   7|0x00000000c0700000, 0x00000000c0800000, 0x00000000c0800000|100%| O|  |TAMS 0x00000000c0700000| PB 0x00000000c0700000| Untracked 
|   8|0x00000000c0800000, 0x00000000c0900000, 0x00000000c0900000|100%| O|  |TAMS 0x00000000c0800000| PB 0x00000000c0800000| Untracked 
|   9|0x00000000c0900000, 0x00000000c0a00000, 0x00000000c0a00000|100%| O|  |TAMS 0x00000000c0900000| PB 0x00000000c0900000| Untracked 
|  10|0x00000000c0a00000, 0x00000000c0b00000, 0x00000000c0b00000|100%| O|  |TAMS 0x00000000c0a00000| PB 0x00000000c0a00000| Untracked 
|  11|0x00000000c0b00000, 0x00000000c0c00000, 0x00000000c0c00000|100%| O|  |TAMS 0x00000000c0b00000| PB 0x00000000c0b00000| Untracked 
|  12|0x00000000c0c00000, 0x00000000c0d00000, 0x00000000c0d00000|100%| O|  |TAMS 0x00000000c0c00000| PB 0x00000000c0c00000| Untracked 
|  13|0x00000000c0d00000, 0x00000000c0e00000, 0x00000000c0e00000|100%| O|  |TAMS 0x00000000c0d00000| PB 0x00000000c0d00000| Untracked 
|  14|0x00000000c0e00000, 0x00000000c0f00000, 0x00000000c0f00000|100%| O|  |TAMS 0x00000000c0e00000| PB 0x00000000c0e00000| Untracked 
|  15|0x00000000c0f00000, 0x00000000c1000000, 0x00000000c1000000|100%| O|  |TAMS 0x00000000c0f00000| PB 0x00000000c0f00000| Untracked 
|  16|0x00000000c1000000, 0x00000000c1100000, 0x00000000c1100000|100%| O|  |TAMS 0x00000000c1000000| PB 0x00000000c1000000| Untracked 
|  17|0x00000000c1100000, 0x00000000c1200000, 0x00000000c1200000|100%| O|  |TAMS 0x00000000c1100000| PB 0x00000000c1100000| Untracked 
|  18|0x00000000c1200000, 0x00000000c1300000, 0x00000000c1300000|100%| O|  |TAMS 0x00000000c1200000| PB 0x00000000c1200000| Untracked 
|  19|0x00000000c1300000, 0x00000000c1400000, 0x00000000c1400000|100%| O|  |TAMS 0x00000000c1300000| PB 0x00000000c1300000| Untracked 
|  20|0x00000000c1400000, 0x00000000c1500000, 0x00000000c1500000|100%| O|  |TAMS 0x00000000c1400000| PB 0x00000000c1400000| Untracked 
|  21|0x00000000c1500000, 0x00000000c1600000, 0x00000000c1600000|100%| O|  |TAMS 0x00000000c1500000| PB 0x00000000c1500000| Untracked 
|  22|0x00000000c1600000, 0x00000000c1700000, 0x00000000c1700000|100%|HS|  |TAMS 0x00000000c1600000| PB 0x00000000c1600000| Complete 
|  23|0x00000000c1700000, 0x00000000c1800000, 0x00000000c1800000|100%|HC|  |TAMS 0x00000000c1700000| PB 0x00000000c1700000| Complete 
|  24|0x00000000c1800000, 0x00000000c1900000, 0x00000000c1900000|100%|HC|  |TAMS 0x00000000c1800000| PB 0x00000000c1800000| Complete 
|  25|0x00000000c1900000, 0x00000000c1a00000, 0x00000000c1a00000|100%|HC|  |TAMS 0x00000000c1900000| PB 0x00000000c1900000| Complete 
|  26|0x00000000c1a00000, 0x00000000c1b00000, 0x00000000c1b00000|100%|HC|  |TAMS 0x00000000c1a00000| PB 0x00000000c1a00000| Complete 
|  27|0x00000000c1b00000, 0x00000000c1c00000, 0x00000000c1c00000|100%|HC|  |TAMS 0x00000000c1b00000| PB 0x00000000c1b00000| Complete 
|  28|0x00000000c1c00000, 0x00000000c1d00000, 0x00000000c1d00000|100%|HS|  |TAMS 0x00000000c1c00000| PB 0x00000000c1c00000| Complete 
|  29|0x00000000c1d00000, 0x00000000c1e00000, 0x00000000c1e00000|100%|HS|  |TAMS 0x00000000c1d00000| PB 0x00000000c1d00000| Complete 
|  30|0x00000000c1e00000, 0x00000000c1f00000, 0x00000000c1f00000|100%|HC|  |TAMS 0x00000000c1e00000| PB 0x00000000c1e00000| Complete 
|  31|0x00000000c1f00000, 0x00000000c2000000, 0x00000000c2000000|100%|HS|  |TAMS 0x00000000c1f00000| PB 0x00000000c1f00000| Complete 
|  32|0x00000000c2000000, 0x00000000c2100000, 0x00000000c2100000|100%|HC|  |TAMS 0x00000000c2000000| PB 0x00000000c2000000| Complete 
|  33|0x00000000c2100000, 0x00000000c2200000, 0x00000000c2200000|100%|HC|  |TAMS 0x00000000c2100000| PB 0x00000000c2100000| Complete 
|  34|0x00000000c2200000, 0x00000000c2300000, 0x00000000c2300000|100%|HC|  |TAMS 0x00000000c2200000| PB 0x00000000c2200000| Complete 
|  35|0x00000000c2300000, 0x00000000c2400000, 0x00000000c2400000|100%|HS|  |TAMS 0x00000000c2300000| PB 0x00000000c2300000| Complete 
|  36|0x00000000c2400000, 0x00000000c2500000, 0x00000000c2500000|100%|HS|  |TAMS 0x00000000c2400000| PB 0x00000000c2400000| Complete 
|  37|0x00000000c2500000, 0x00000000c2600000, 0x00000000c2600000|100%|HC|  |TAMS 0x00000000c2500000| PB 0x00000000c2500000| Complete 
|  38|0x00000000c2600000, 0x00000000c2700000, 0x00000000c2700000|100%|HC|  |TAMS 0x00000000c2600000| PB 0x00000000c2600000| Complete 
|  39|0x00000000c2700000, 0x00000000c2800000, 0x00000000c2800000|100%|HC|  |TAMS 0x00000000c2700000| PB 0x00000000c2700000| Complete 
|  40|0x00000000c2800000, 0x00000000c2900000, 0x00000000c2900000|100%|HC|  |TAMS 0x00000000c2800000| PB 0x00000000c2800000| Complete 
|  41|0x00000000c2900000, 0x00000000c2a00000, 0x00000000c2a00000|100%|HC|  |TAMS 0x00000000c2900000| PB 0x00000000c2900000| Complete 
|  42|0x00000000c2a00000, 0x00000000c2b00000, 0x00000000c2b00000|100%|HS|  |TAMS 0x00000000c2a00000| PB 0x00000000c2a00000| Complete 
|  43|0x00000000c2b00000, 0x00000000c2c00000, 0x00000000c2c00000|100%|HS|  |TAMS 0x00000000c2b00000| PB 0x00000000c2b00000| Complete 
|  44|0x00000000c2c00000, 0x00000000c2d00000, 0x00000000c2d00000|100%|HC|  |TAMS 0x00000000c2c00000| PB 0x00000000c2c00000| Complete 
|  45|0x00000000c2d00000, 0x00000000c2e00000, 0x00000000c2e00000|100%|HS|  |TAMS 0x00000000c2d00000| PB 0x00000000c2d00000| Complete 
|  46|0x00000000c2e00000, 0x00000000c2f00000, 0x00000000c2f00000|100%|HC|  |TAMS 0x00000000c2e00000| PB 0x00000000c2e00000| Complete 
|  47|0x00000000c2f00000, 0x00000000c3000000, 0x00000000c3000000|100%|HC|  |TAMS 0x00000000c2f00000| PB 0x00000000c2f00000| Complete 
|  48|0x00000000c3000000, 0x00000000c3100000, 0x00000000c3100000|100%|HC|  |TAMS 0x00000000c3000000| PB 0x00000000c3000000| Complete 
|  49|0x00000000c3100000, 0x00000000c3200000, 0x00000000c3200000|100%|HS|  |TAMS 0x00000000c3100000| PB 0x00000000c3100000| Complete 
|  50|0x00000000c3200000, 0x00000000c3300000, 0x00000000c3300000|100%| O|  |TAMS 0x00000000c3200000| PB 0x00000000c3200000| Untracked 
|  51|0x00000000c3300000, 0x00000000c3400000, 0x00000000c3400000|100%| O|  |TAMS 0x00000000c3300000| PB 0x00000000c3300000| Untracked 
|  52|0x00000000c3400000, 0x00000000c3500000, 0x00000000c3500000|100%| O|  |TAMS 0x00000000c3400000| PB 0x00000000c3400000| Untracked 
|  53|0x00000000c3500000, 0x00000000c3600000, 0x00000000c3600000|100%| O|  |TAMS 0x00000000c3500000| PB 0x00000000c3500000| Untracked 
|  54|0x00000000c3600000, 0x00000000c3700000, 0x00000000c3700000|100%| O|  |TAMS 0x00000000c3600000| PB 0x00000000c3600000| Untracked 
|  55|0x00000000c3700000, 0x00000000c3800000, 0x00000000c3800000|100%| O|  |TAMS 0x00000000c3700000| PB 0x00000000c3700000| Untracked 
|  56|0x00000000c3800000, 0x00000000c3900000, 0x00000000c3900000|100%| O|  |TAMS 0x00000000c3800000| PB 0x00000000c3800000| Untracked 
|  57|0x00000000c3900000, 0x00000000c3a00000, 0x00000000c3a00000|100%| O|  |TAMS 0x00000000c3900000| PB 0x00000000c3900000| Untracked 
|  58|0x00000000c3a00000, 0x00000000c3b00000, 0x00000000c3b00000|100%| O|  |TAMS 0x00000000c3a00000| PB 0x00000000c3a00000| Untracked 
|  59|0x00000000c3b00000, 0x00000000c3c00000, 0x00000000c3c00000|100%| O|  |TAMS 0x00000000c3b00000| PB 0x00000000c3b00000| Untracked 
|  60|0x00000000c3c00000, 0x00000000c3d00000, 0x00000000c3d00000|100%| O|  |TAMS 0x00000000c3c00000| PB 0x00000000c3c00000| Untracked 
|  61|0x00000000c3d00000, 0x00000000c3e00000, 0x00000000c3e00000|100%| O|  |TAMS 0x00000000c3d00000| PB 0x00000000c3d00000| Untracked 
|  62|0x00000000c3e00000, 0x00000000c3f00000, 0x00000000c3f00000|100%| O|  |TAMS 0x00000000c3e00000| PB 0x00000000c3e00000| Untracked 
|  63|0x00000000c3f00000, 0x00000000c4000000, 0x00000000c4000000|100%| O|  |TAMS 0x00000000c3f00000| PB 0x00000000c3f00000| Untracked 
|  64|0x00000000c4000000, 0x00000000c4100000, 0x00000000c4100000|100%| O|  |TAMS 0x00000000c4000000| PB 0x00000000c4000000| Untracked 
|  65|0x00000000c4100000, 0x00000000c4200000, 0x00000000c4200000|100%| O|  |TAMS 0x00000000c4100000| PB 0x00000000c4100000| Untracked 
|  66|0x00000000c4200000, 0x00000000c4300000, 0x00000000c4300000|100%|HS|  |TAMS 0x00000000c4200000| PB 0x00000000c4200000| Complete 
|  67|0x00000000c4300000, 0x00000000c4400000, 0x00000000c4400000|100%|HC|  |TAMS 0x00000000c4300000| PB 0x00000000c4300000| Complete 
|  68|0x00000000c4400000, 0x00000000c4500000, 0x00000000c4500000|100%|HS|  |TAMS 0x00000000c4400000| PB 0x00000000c4400000| Complete 
|  69|0x00000000c4500000, 0x00000000c4600000, 0x00000000c4600000|100%|HC|  |TAMS 0x00000000c4500000| PB 0x00000000c4500000| Complete 
|  70|0x00000000c4600000, 0x00000000c4700000, 0x00000000c4700000|100%|HC|  |TAMS 0x00000000c4600000| PB 0x00000000c4600000| Complete 
|  71|0x00000000c4700000, 0x00000000c4800000, 0x00000000c4800000|100%|HC|  |TAMS 0x00000000c4700000| PB 0x00000000c4700000| Complete 
|  72|0x00000000c4800000, 0x00000000c4900000, 0x00000000c4900000|100%|HC|  |TAMS 0x00000000c4800000| PB 0x00000000c4800000| Complete 
|  73|0x00000000c4900000, 0x00000000c4a00000, 0x00000000c4a00000|100%|HC|  |TAMS 0x00000000c4900000| PB 0x00000000c4900000| Complete 
|  74|0x00000000c4a00000, 0x00000000c4b00000, 0x00000000c4b00000|100%|HS|  |TAMS 0x00000000c4a00000| PB 0x00000000c4a00000| Complete 
|  75|0x00000000c4b00000, 0x00000000c4c00000, 0x00000000c4c00000|100%|HS|  |TAMS 0x00000000c4b00000| PB 0x00000000c4b00000| Complete 
|  76|0x00000000c4c00000, 0x00000000c4d00000, 0x00000000c4d00000|100%|HC|  |TAMS 0x00000000c4c00000| PB 0x00000000c4c00000| Complete 
|  77|0x00000000c4d00000, 0x00000000c4e00000, 0x00000000c4e00000|100%|HC|  |TAMS 0x00000000c4d00000| PB 0x00000000c4d00000| Complete 
|  78|0x00000000c4e00000, 0x00000000c4f00000, 0x00000000c4f00000|100%|HC|  |TAMS 0x00000000c4e00000| PB 0x00000000c4e00000| Complete 
|  79|0x00000000c4f00000, 0x00000000c5000000, 0x00000000c5000000|100%|HC|  |TAMS 0x00000000c4f00000| PB 0x00000000c4f00000| Complete 
|  80|0x00000000c5000000, 0x00000000c5100000, 0x00000000c5100000|100%|HC|  |TAMS 0x00000000c5000000| PB 0x00000000c5000000| Complete 
|  81|0x00000000c5100000, 0x00000000c5200000, 0x00000000c5200000|100%|HS|  |TAMS 0x00000000c5100000| PB 0x00000000c5100000| Complete 
|  82|0x00000000c5200000, 0x00000000c5300000, 0x00000000c5300000|100%| O|  |TAMS 0x00000000c5200000| PB 0x00000000c5200000| Untracked 
|  83|0x00000000c5300000, 0x00000000c5400000, 0x00000000c5400000|100%| O|  |TAMS 0x00000000c5300000| PB 0x00000000c5300000| Untracked 
|  84|0x00000000c5400000, 0x00000000c5500000, 0x00000000c5500000|100%| O|  |TAMS 0x00000000c5400000| PB 0x00000000c5400000| Untracked 
|  85|0x00000000c5500000, 0x00000000c5600000, 0x00000000c5600000|100%| O|  |TAMS 0x00000000c5500000| PB 0x00000000c5500000| Untracked 
|  86|0x00000000c5600000, 0x00000000c5700000, 0x00000000c5700000|100%| O|  |TAMS 0x00000000c5600000| PB 0x00000000c5600000| Untracked 
|  87|0x00000000c5700000, 0x00000000c5800000, 0x00000000c5800000|100%| O|  |TAMS 0x00000000c5700000| PB 0x00000000c5700000| Untracked 
|  88|0x00000000c5800000, 0x00000000c5900000, 0x00000000c5900000|100%| O|  |TAMS 0x00000000c5800000| PB 0x00000000c5800000| Untracked 
|  89|0x00000000c5900000, 0x00000000c5a00000, 0x00000000c5a00000|100%| O|  |TAMS 0x00000000c5900000| PB 0x00000000c5900000| Untracked 
|  90|0x00000000c5a00000, 0x00000000c5b00000, 0x00000000c5b00000|100%| O|  |TAMS 0x00000000c5a00000| PB 0x00000000c5a00000| Untracked 
|  91|0x00000000c5b00000, 0x00000000c5c00000, 0x00000000c5c00000|100%| O|  |TAMS 0x00000000c5b00000| PB 0x00000000c5b00000| Untracked 
|  92|0x00000000c5c00000, 0x00000000c5d00000, 0x00000000c5d00000|100%| O|  |TAMS 0x00000000c5c00000| PB 0x00000000c5c00000| Untracked 
|  93|0x00000000c5d00000, 0x00000000c5e00000, 0x00000000c5e00000|100%| O|  |TAMS 0x00000000c5d00000| PB 0x00000000c5d00000| Untracked 
|  94|0x00000000c5e00000, 0x00000000c5f00000, 0x00000000c5f00000|100%| O|  |TAMS 0x00000000c5e00000| PB 0x00000000c5e00000| Untracked 
|  95|0x00000000c5f00000, 0x00000000c6000000, 0x00000000c6000000|100%| O|  |TAMS 0x00000000c5f00000| PB 0x00000000c5f00000| Untracked 
|  96|0x00000000c6000000, 0x00000000c6100000, 0x00000000c6100000|100%| O|  |TAMS 0x00000000c6000000| PB 0x00000000c6000000| Untracked 
|  97|0x00000000c6100000, 0x00000000c6200000, 0x00000000c6200000|100%| O|  |TAMS 0x00000000c6100000| PB 0x00000000c6100000| Untracked 
|  98|0x00000000c6200000, 0x00000000c6300000, 0x00000000c6300000|100%| O|  |TAMS 0x00000000c6200000| PB 0x00000000c6200000| Untracked 
|  99|0x00000000c6300000, 0x00000000c6400000, 0x00000000c6400000|100%| O|  |TAMS 0x00000000c6300000| PB 0x00000000c6300000| Untracked 
| 100|0x00000000c6400000, 0x00000000c6500000, 0x00000000c6500000|100%| O|  |TAMS 0x00000000c6400000| PB 0x00000000c6400000| Untracked 
| 101|0x00000000c6500000, 0x00000000c6600000, 0x00000000c6600000|100%| O|  |TAMS 0x00000000c6500000| PB 0x00000000c6500000| Untracked 
| 102|0x00000000c6600000, 0x00000000c6700000, 0x00000000c6700000|100%| O|  |TAMS 0x00000000c6600000| PB 0x00000000c6600000| Untracked 
| 103|0x00000000c6700000, 0x00000000c6800000, 0x00000000c6800000|100%| O|  |TAMS 0x00000000c6700000| PB 0x00000000c6700000| Untracked 
| 104|0x00000000c6800000, 0x00000000c6900000, 0x00000000c6900000|100%| O|  |TAMS 0x00000000c6800000| PB 0x00000000c6800000| Untracked 
| 105|0x00000000c6900000, 0x00000000c6a00000, 0x00000000c6a00000|100%| O|  |TAMS 0x00000000c6900000| PB 0x00000000c6900000| Untracked 
| 106|0x00000000c6a00000, 0x00000000c6b00000, 0x00000000c6b00000|100%| O|  |TAMS 0x00000000c6a00000| PB 0x00000000c6a00000| Untracked 
| 107|0x00000000c6b00000, 0x00000000c6c00000, 0x00000000c6c00000|100%| O|  |TAMS 0x00000000c6b00000| PB 0x00000000c6b00000| Untracked 
| 108|0x00000000c6c00000, 0x00000000c6d00000, 0x00000000c6d00000|100%|HS|  |TAMS 0x00000000c6c00000| PB 0x00000000c6c00000| Complete 
| 109|0x00000000c6d00000, 0x00000000c6e00000, 0x00000000c6e00000|100%|HS|  |TAMS 0x00000000c6d00000| PB 0x00000000c6d00000| Complete 
| 110|0x00000000c6e00000, 0x00000000c6f00000, 0x00000000c6f00000|100%| O|  |TAMS 0x00000000c6e00000| PB 0x00000000c6e00000| Untracked 
| 111|0x00000000c6f00000, 0x00000000c7000000, 0x00000000c7000000|100%| O|  |TAMS 0x00000000c6f00000| PB 0x00000000c6f00000| Untracked 
| 112|0x00000000c7000000, 0x00000000c7100000, 0x00000000c7100000|100%| O|  |TAMS 0x00000000c7000000| PB 0x00000000c7000000| Untracked 
| 113|0x00000000c7100000, 0x00000000c7200000, 0x00000000c7200000|100%| O|  |TAMS 0x00000000c7100000| PB 0x00000000c7100000| Untracked 
| 114|0x00000000c7200000, 0x00000000c7300000, 0x00000000c7300000|100%|HS|  |TAMS 0x00000000c7200000| PB 0x00000000c7200000| Complete 
| 115|0x00000000c7300000, 0x00000000c7400000, 0x00000000c7400000|100%|HS|  |TAMS 0x00000000c7300000| PB 0x00000000c7300000| Complete 
| 116|0x00000000c7400000, 0x00000000c7500000, 0x00000000c7500000|100%|HC|  |TAMS 0x00000000c7400000| PB 0x00000000c7400000| Complete 
| 117|0x00000000c7500000, 0x00000000c7600000, 0x00000000c7600000|100%|HS|  |TAMS 0x00000000c7500000| PB 0x00000000c7500000| Complete 
| 118|0x00000000c7600000, 0x00000000c7700000, 0x00000000c7700000|100%| O|  |TAMS 0x00000000c7600000| PB 0x00000000c7600000| Untracked 
| 119|0x00000000c7700000, 0x00000000c7800000, 0x00000000c7800000|100%| O|  |TAMS 0x00000000c7700000| PB 0x00000000c7700000| Untracked 
| 120|0x00000000c7800000, 0x00000000c7900000, 0x00000000c7900000|100%| O|  |TAMS 0x00000000c7800000| PB 0x00000000c7800000| Untracked 
| 121|0x00000000c7900000, 0x00000000c7a00000, 0x00000000c7a00000|100%| O|  |TAMS 0x00000000c7900000| PB 0x00000000c7900000| Untracked 
| 122|0x00000000c7a00000, 0x00000000c7b00000, 0x00000000c7b00000|100%| O|  |TAMS 0x00000000c7a00000| PB 0x00000000c7a00000| Untracked 
| 123|0x00000000c7b00000, 0x00000000c7c00000, 0x00000000c7c00000|100%|HS|  |TAMS 0x00000000c7b00000| PB 0x00000000c7b00000| Complete 
| 124|0x00000000c7c00000, 0x00000000c7d00000, 0x00000000c7d00000|100%|HC|  |TAMS 0x00000000c7c00000| PB 0x00000000c7c00000| Complete 
| 125|0x00000000c7d00000, 0x00000000c7e00000, 0x00000000c7e00000|100%|HC|  |TAMS 0x00000000c7d00000| PB 0x00000000c7d00000| Complete 
| 126|0x00000000c7e00000, 0x00000000c7f00000, 0x00000000c7f00000|100%| O|  |TAMS 0x00000000c7e00000| PB 0x00000000c7e00000| Untracked 
| 127|0x00000000c7f00000, 0x00000000c8000000, 0x00000000c8000000|100%| O|  |TAMS 0x00000000c7f00000| PB 0x00000000c7f00000| Untracked 
| 128|0x00000000c8000000, 0x00000000c8100000, 0x00000000c8100000|100%| O|  |TAMS 0x00000000c8000000| PB 0x00000000c8000000| Untracked 
| 129|0x00000000c8100000, 0x00000000c8200000, 0x00000000c8200000|100%| O|  |TAMS 0x00000000c8100000| PB 0x00000000c8100000| Untracked 
| 130|0x00000000c8200000, 0x00000000c8300000, 0x00000000c8300000|100%| O|  |TAMS 0x00000000c8200000| PB 0x00000000c8200000| Untracked 
| 131|0x00000000c8300000, 0x00000000c8400000, 0x00000000c8400000|100%| O|  |TAMS 0x00000000c8300000| PB 0x00000000c8300000| Untracked 
| 132|0x00000000c8400000, 0x00000000c8500000, 0x00000000c8500000|100%| O|  |TAMS 0x00000000c8400000| PB 0x00000000c8400000| Untracked 
| 133|0x00000000c8500000, 0x00000000c8600000, 0x00000000c8600000|100%| O|  |TAMS 0x00000000c8500000| PB 0x00000000c8500000| Untracked 
| 134|0x00000000c8600000, 0x00000000c8700000, 0x00000000c8700000|100%| O|  |TAMS 0x00000000c8600000| PB 0x00000000c8600000| Untracked 
| 135|0x00000000c8700000, 0x00000000c8800000, 0x00000000c8800000|100%| O|  |TAMS 0x00000000c8700000| PB 0x00000000c8700000| Untracked 
| 136|0x00000000c8800000, 0x00000000c8900000, 0x00000000c8900000|100%| O|  |TAMS 0x00000000c8800000| PB 0x00000000c8800000| Untracked 
| 137|0x00000000c8900000, 0x00000000c898cc48, 0x00000000c8a00000| 54%| O|  |TAMS 0x00000000c8900000| PB 0x00000000c8900000| Untracked 
| 138|0x00000000c8a00000, 0x00000000c8b00000, 0x00000000c8b00000|100%|HS|  |TAMS 0x00000000c8a00000| PB 0x00000000c8a00000| Complete 
| 139|0x00000000c8b00000, 0x00000000c8c00000, 0x00000000c8c00000|100%| O|  |TAMS 0x00000000c8b00000| PB 0x00000000c8b00000| Untracked 
| 140|0x00000000c8c00000, 0x00000000c8d00000, 0x00000000c8d00000|100%| O|  |TAMS 0x00000000c8c00000| PB 0x00000000c8c00000| Untracked 
| 141|0x00000000c8d00000, 0x00000000c8e00000, 0x00000000c8e00000|100%| O|  |TAMS 0x00000000c8d00000| PB 0x00000000c8d00000| Untracked 
| 142|0x00000000c8e00000, 0x00000000c8f00000, 0x00000000c8f00000|100%| O|  |TAMS 0x00000000c8e00000| PB 0x00000000c8e00000| Untracked 
| 143|0x00000000c8f00000, 0x00000000c9000000, 0x00000000c9000000|100%| O|  |TAMS 0x00000000c8f00000| PB 0x00000000c8f00000| Untracked 
| 144|0x00000000c9000000, 0x00000000c9100000, 0x00000000c9100000|100%| O|  |TAMS 0x00000000c9000000| PB 0x00000000c9000000| Untracked 
| 145|0x00000000c9100000, 0x00000000c9200000, 0x00000000c9200000|100%| O|  |TAMS 0x00000000c9100000| PB 0x00000000c9100000| Untracked 
| 146|0x00000000c9200000, 0x00000000c9300000, 0x00000000c9300000|100%| O|  |TAMS 0x00000000c9200000| PB 0x00000000c9200000| Untracked 
| 147|0x00000000c9300000, 0x00000000c9400000, 0x00000000c9400000|100%| O|  |TAMS 0x00000000c9300000| PB 0x00000000c9300000| Untracked 
| 148|0x00000000c9400000, 0x00000000c9500000, 0x00000000c9500000|100%|HS|  |TAMS 0x00000000c9400000| PB 0x00000000c9400000| Complete 
| 149|0x00000000c9500000, 0x00000000c9600000, 0x00000000c9600000|100%| O|  |TAMS 0x00000000c9500000| PB 0x00000000c9500000| Untracked 
| 150|0x00000000c9600000, 0x00000000c9700000, 0x00000000c9700000|100%|HS|  |TAMS 0x00000000c9600000| PB 0x00000000c9600000| Complete 
| 151|0x00000000c9700000, 0x00000000c9800000, 0x00000000c9800000|100%| O|  |TAMS 0x00000000c9700000| PB 0x00000000c9700000| Untracked 
| 152|0x00000000c9800000, 0x00000000c9900000, 0x00000000c9900000|100%| O|  |TAMS 0x00000000c9800000| PB 0x00000000c9800000| Untracked 
| 153|0x00000000c9900000, 0x00000000c9a00000, 0x00000000c9a00000|100%|HS|  |TAMS 0x00000000c9900000| PB 0x00000000c9900000| Complete 
| 154|0x00000000c9a00000, 0x00000000c9b00000, 0x00000000c9b00000|100%|HC|  |TAMS 0x00000000c9a00000| PB 0x00000000c9a00000| Complete 
| 155|0x00000000c9b00000, 0x00000000c9c00000, 0x00000000c9c00000|100%|HS|  |TAMS 0x00000000c9b00000| PB 0x00000000c9b00000| Complete 
| 156|0x00000000c9c00000, 0x00000000c9d00000, 0x00000000c9d00000|100%|HS|  |TAMS 0x00000000c9c00000| PB 0x00000000c9c00000| Complete 
| 157|0x00000000c9d00000, 0x00000000c9e00000, 0x00000000c9e00000|100%| O|  |TAMS 0x00000000c9d00000| PB 0x00000000c9d00000| Untracked 
| 158|0x00000000c9e00000, 0x00000000c9f00000, 0x00000000c9f00000|100%|HS|  |TAMS 0x00000000c9e00000| PB 0x00000000c9e00000| Complete 
| 159|0x00000000c9f00000, 0x00000000c9f00000, 0x00000000ca000000|  0%| F|  |TAMS 0x00000000c9f00000| PB 0x00000000c9f00000| Untracked 
| 160|0x00000000ca000000, 0x00000000ca100000, 0x00000000ca100000|100%| O|  |TAMS 0x00000000ca000000| PB 0x00000000ca000000| Untracked 
| 161|0x00000000ca100000, 0x00000000ca200000, 0x00000000ca200000|100%| O|Cm|TAMS 0x00000000ca100000| PB 0x00000000ca100000| Complete 
| 162|0x00000000ca200000, 0x00000000ca300000, 0x00000000ca300000|100%| O|Cm|TAMS 0x00000000ca200000| PB 0x00000000ca200000| Complete 
| 163|0x00000000ca300000, 0x00000000ca400000, 0x00000000ca400000|100%| O|  |TAMS 0x00000000ca300000| PB 0x00000000ca300000| Untracked 
| 164|0x00000000ca400000, 0x00000000ca500000, 0x00000000ca500000|100%| O|  |TAMS 0x00000000ca400000| PB 0x00000000ca400000| Untracked 
| 165|0x00000000ca500000, 0x00000000ca600000, 0x00000000ca600000|100%| O|  |TAMS 0x00000000ca500000| PB 0x00000000ca500000| Untracked 
| 166|0x00000000ca600000, 0x00000000ca700000, 0x00000000ca700000|100%| O|  |TAMS 0x00000000ca600000| PB 0x00000000ca600000| Untracked 
| 167|0x00000000ca700000, 0x00000000ca800000, 0x00000000ca800000|100%| O|  |TAMS 0x00000000ca700000| PB 0x00000000ca700000| Untracked 
| 168|0x00000000ca800000, 0x00000000ca900000, 0x00000000ca900000|100%| O|  |TAMS 0x00000000ca800000| PB 0x00000000ca800000| Untracked 
| 169|0x00000000ca900000, 0x00000000caa00000, 0x00000000caa00000|100%| O|  |TAMS 0x00000000ca900000| PB 0x00000000ca900000| Untracked 
| 170|0x00000000caa00000, 0x00000000cab00000, 0x00000000cab00000|100%| O|  |TAMS 0x00000000caa00000| PB 0x00000000caa00000| Untracked 
| 171|0x00000000cab00000, 0x00000000cac00000, 0x00000000cac00000|100%| O|  |TAMS 0x00000000cab00000| PB 0x00000000cab00000| Untracked 
| 172|0x00000000cac00000, 0x00000000cad00000, 0x00000000cad00000|100%| O|  |TAMS 0x00000000cac00000| PB 0x00000000cac00000| Untracked 
| 173|0x00000000cad00000, 0x00000000cae00000, 0x00000000cae00000|100%| O|  |TAMS 0x00000000cad00000| PB 0x00000000cad00000| Untracked 
| 174|0x00000000cae00000, 0x00000000caf00000, 0x00000000caf00000|100%|HS|  |TAMS 0x00000000cae00000| PB 0x00000000cae00000| Complete 
| 175|0x00000000caf00000, 0x00000000cb000000, 0x00000000cb000000|100%|HC|  |TAMS 0x00000000caf00000| PB 0x00000000caf00000| Complete 
| 176|0x00000000cb000000, 0x00000000cb100000, 0x00000000cb100000|100%|HC|  |TAMS 0x00000000cb000000| PB 0x00000000cb000000| Complete 
| 177|0x00000000cb100000, 0x00000000cb200000, 0x00000000cb200000|100%| O|  |TAMS 0x00000000cb100000| PB 0x00000000cb100000| Untracked 
| 178|0x00000000cb200000, 0x00000000cb300000, 0x00000000cb300000|100%|HS|  |TAMS 0x00000000cb200000| PB 0x00000000cb200000| Complete 
| 179|0x00000000cb300000, 0x00000000cb400000, 0x00000000cb400000|100%| O|  |TAMS 0x00000000cb300000| PB 0x00000000cb300000| Untracked 
| 180|0x00000000cb400000, 0x00000000cb500000, 0x00000000cb500000|100%| O|  |TAMS 0x00000000cb400000| PB 0x00000000cb400000| Untracked 
| 181|0x00000000cb500000, 0x00000000cb600000, 0x00000000cb600000|100%| O|  |TAMS 0x00000000cb500000| PB 0x00000000cb500000| Untracked 
| 182|0x00000000cb600000, 0x00000000cb700000, 0x00000000cb700000|100%| O|  |TAMS 0x00000000cb600000| PB 0x00000000cb600000| Untracked 
| 183|0x00000000cb700000, 0x00000000cb800000, 0x00000000cb800000|100%| O|  |TAMS 0x00000000cb700000| PB 0x00000000cb700000| Untracked 
| 184|0x00000000cb800000, 0x00000000cb900000, 0x00000000cb900000|100%| O|  |TAMS 0x00000000cb800000| PB 0x00000000cb800000| Untracked 
| 185|0x00000000cb900000, 0x00000000cba00000, 0x00000000cba00000|100%| O|  |TAMS 0x00000000cb900000| PB 0x00000000cb900000| Untracked 
| 186|0x00000000cba00000, 0x00000000cbb00000, 0x00000000cbb00000|100%| O|  |TAMS 0x00000000cba00000| PB 0x00000000cba00000| Untracked 
| 187|0x00000000cbb00000, 0x00000000cbc00000, 0x00000000cbc00000|100%| O|Cm|TAMS 0x00000000cbb00000| PB 0x00000000cbb00000| Complete 
| 188|0x00000000cbc00000, 0x00000000cbd00000, 0x00000000cbd00000|100%| O|  |TAMS 0x00000000cbc00000| PB 0x00000000cbc00000| Untracked 
| 189|0x00000000cbd00000, 0x00000000cbe00000, 0x00000000cbe00000|100%| O|  |TAMS 0x00000000cbd00000| PB 0x00000000cbd00000| Untracked 
| 190|0x00000000cbe00000, 0x00000000cbf00000, 0x00000000cbf00000|100%| O|  |TAMS 0x00000000cbe00000| PB 0x00000000cbe00000| Untracked 
| 191|0x00000000cbf00000, 0x00000000cc000000, 0x00000000cc000000|100%| O|  |TAMS 0x00000000cbf00000| PB 0x00000000cbf00000| Untracked 
| 192|0x00000000cc000000, 0x00000000cc100000, 0x00000000cc100000|100%| O|  |TAMS 0x00000000cc000000| PB 0x00000000cc000000| Untracked 
| 193|0x00000000cc100000, 0x00000000cc100000, 0x00000000cc200000|  0%| F|  |TAMS 0x00000000cc100000| PB 0x00000000cc100000| Untracked 
| 194|0x00000000cc200000, 0x00000000cc300000, 0x00000000cc300000|100%| O|  |TAMS 0x00000000cc200000| PB 0x00000000cc200000| Untracked 
| 195|0x00000000cc300000, 0x00000000cc400000, 0x00000000cc400000|100%| O|  |TAMS 0x00000000cc300000| PB 0x00000000cc300000| Untracked 
| 196|0x00000000cc400000, 0x00000000cc500000, 0x00000000cc500000|100%| O|Cm|TAMS 0x00000000cc400000| PB 0x00000000cc400000| Complete 
| 197|0x00000000cc500000, 0x00000000cc600000, 0x00000000cc600000|100%| O|Cm|TAMS 0x00000000cc500000| PB 0x00000000cc500000| Complete 
| 198|0x00000000cc600000, 0x00000000cc700000, 0x00000000cc700000|100%| O|Cm|TAMS 0x00000000cc600000| PB 0x00000000cc600000| Complete 
| 199|0x00000000cc700000, 0x00000000cc700000, 0x00000000cc800000|  0%| F|  |TAMS 0x00000000cc700000| PB 0x00000000cc700000| Untracked 
| 200|0x00000000cc800000, 0x00000000cc800000, 0x00000000cc900000|  0%| F|  |TAMS 0x00000000cc800000| PB 0x00000000cc800000| Untracked 
| 201|0x00000000cc900000, 0x00000000cc900000, 0x00000000cca00000|  0%| F|  |TAMS 0x00000000cc900000| PB 0x00000000cc900000| Untracked 
| 202|0x00000000cca00000, 0x00000000ccb00000, 0x00000000ccb00000|100%| O|  |TAMS 0x00000000cca00000| PB 0x00000000cca00000| Untracked 
| 203|0x00000000ccb00000, 0x00000000ccc00000, 0x00000000ccc00000|100%| O|  |TAMS 0x00000000ccb00000| PB 0x00000000ccb00000| Untracked 
| 204|0x00000000ccc00000, 0x00000000ccd00000, 0x00000000ccd00000|100%| O|Cm|TAMS 0x00000000ccc00000| PB 0x00000000ccc00000| Complete 
| 205|0x00000000ccd00000, 0x00000000cce00000, 0x00000000cce00000|100%| O|Cm|TAMS 0x00000000ccd00000| PB 0x00000000ccd00000| Complete 
| 206|0x00000000cce00000, 0x00000000ccf00000, 0x00000000ccf00000|100%| O|  |TAMS 0x00000000cce00000| PB 0x00000000cce00000| Untracked 
| 207|0x00000000ccf00000, 0x00000000cd000000, 0x00000000cd000000|100%| O|Cm|TAMS 0x00000000ccf00000| PB 0x00000000ccf00000| Complete 
| 208|0x00000000cd000000, 0x00000000cd100000, 0x00000000cd100000|100%| O|  |TAMS 0x00000000cd000000| PB 0x00000000cd000000| Untracked 
| 209|0x00000000cd100000, 0x00000000cd200000, 0x00000000cd200000|100%|HS|  |TAMS 0x00000000cd100000| PB 0x00000000cd100000| Complete 
| 210|0x00000000cd200000, 0x00000000cd300000, 0x00000000cd300000|100%|HC|  |TAMS 0x00000000cd200000| PB 0x00000000cd200000| Complete 
| 211|0x00000000cd300000, 0x00000000cd400000, 0x00000000cd400000|100%|HS|  |TAMS 0x00000000cd300000| PB 0x00000000cd300000| Complete 
| 212|0x00000000cd400000, 0x00000000cd500000, 0x00000000cd500000|100%|HC|  |TAMS 0x00000000cd400000| PB 0x00000000cd400000| Complete 
| 213|0x00000000cd500000, 0x00000000cd600000, 0x00000000cd600000|100%|HC|  |TAMS 0x00000000cd500000| PB 0x00000000cd500000| Complete 
| 214|0x00000000cd600000, 0x00000000cd700000, 0x00000000cd700000|100%|HC|  |TAMS 0x00000000cd600000| PB 0x00000000cd600000| Complete 
| 215|0x00000000cd700000, 0x00000000cd800000, 0x00000000cd800000|100%|HC|  |TAMS 0x00000000cd700000| PB 0x00000000cd700000| Complete 
| 216|0x00000000cd800000, 0x00000000cd900000, 0x00000000cd900000|100%|HC|  |TAMS 0x00000000cd800000| PB 0x00000000cd800000| Complete 
| 217|0x00000000cd900000, 0x00000000cd900000, 0x00000000cda00000|  0%| F|  |TAMS 0x00000000cd900000| PB 0x00000000cd900000| Untracked 
| 218|0x00000000cda00000, 0x00000000cda00000, 0x00000000cdb00000|  0%| F|  |TAMS 0x00000000cda00000| PB 0x00000000cda00000| Untracked 
| 219|0x00000000cdb00000, 0x00000000cdb00000, 0x00000000cdc00000|  0%| F|  |TAMS 0x00000000cdb00000| PB 0x00000000cdb00000| Untracked 
| 220|0x00000000cdc00000, 0x00000000cdc00000, 0x00000000cdd00000|  0%| F|  |TAMS 0x00000000cdc00000| PB 0x00000000cdc00000| Untracked 
| 221|0x00000000cdd00000, 0x00000000cdd43980, 0x00000000cde00000| 26%| S|CS|TAMS 0x00000000cdd00000| PB 0x00000000cdd00000| Complete 
| 222|0x00000000cde00000, 0x00000000cdf00000, 0x00000000cdf00000|100%| S|CS|TAMS 0x00000000cde00000| PB 0x00000000cde00000| Complete 
| 223|0x00000000cdf00000, 0x00000000ce000000, 0x00000000ce000000|100%| S|CS|TAMS 0x00000000cdf00000| PB 0x00000000cdf00000| Complete 
| 224|0x00000000ce000000, 0x00000000ce100000, 0x00000000ce100000|100%| S|CS|TAMS 0x00000000ce000000| PB 0x00000000ce000000| Complete 
| 225|0x00000000ce100000, 0x00000000ce200000, 0x00000000ce200000|100%| S|CS|TAMS 0x00000000ce100000| PB 0x00000000ce100000| Complete 
| 226|0x00000000ce200000, 0x00000000ce300000, 0x00000000ce300000|100%| S|CS|TAMS 0x00000000ce200000| PB 0x00000000ce200000| Complete 
| 227|0x00000000ce300000, 0x00000000ce400000, 0x00000000ce400000|100%| S|CS|TAMS 0x00000000ce300000| PB 0x00000000ce300000| Complete 
| 228|0x00000000ce400000, 0x00000000ce400000, 0x00000000ce500000|  0%| F|  |TAMS 0x00000000ce400000| PB 0x00000000ce400000| Untracked 
| 229|0x00000000ce500000, 0x00000000ce500000, 0x00000000ce600000|  0%| F|  |TAMS 0x00000000ce500000| PB 0x00000000ce500000| Untracked 
| 230|0x00000000ce600000, 0x00000000ce600000, 0x00000000ce700000|  0%| F|  |TAMS 0x00000000ce600000| PB 0x00000000ce600000| Untracked 
| 231|0x00000000ce700000, 0x00000000ce700000, 0x00000000ce800000|  0%| F|  |TAMS 0x00000000ce700000| PB 0x00000000ce700000| Untracked 
| 232|0x00000000ce800000, 0x00000000ce800000, 0x00000000ce900000|  0%| F|  |TAMS 0x00000000ce800000| PB 0x00000000ce800000| Untracked 
| 233|0x00000000ce900000, 0x00000000ce900000, 0x00000000cea00000|  0%| F|  |TAMS 0x00000000ce900000| PB 0x00000000ce900000| Untracked 
| 234|0x00000000cea00000, 0x00000000cea00000, 0x00000000ceb00000|  0%| F|  |TAMS 0x00000000cea00000| PB 0x00000000cea00000| Untracked 
| 235|0x00000000ceb00000, 0x00000000ceb00000, 0x00000000cec00000|  0%| F|  |TAMS 0x00000000ceb00000| PB 0x00000000ceb00000| Untracked 
| 236|0x00000000cec00000, 0x00000000cec00000, 0x00000000ced00000|  0%| F|  |TAMS 0x00000000cec00000| PB 0x00000000cec00000| Untracked 
| 237|0x00000000ced00000, 0x00000000cee00000, 0x00000000cee00000|100%| S|CS|TAMS 0x00000000ced00000| PB 0x00000000ced00000| Complete 
| 238|0x00000000cee00000, 0x00000000cef00000, 0x00000000cef00000|100%| S|CS|TAMS 0x00000000cee00000| PB 0x00000000cee00000| Complete 
| 239|0x00000000cef00000, 0x00000000cf000000, 0x00000000cf000000|100%| S|CS|TAMS 0x00000000cef00000| PB 0x00000000cef00000| Complete 
| 240|0x00000000cf000000, 0x00000000cf100000, 0x00000000cf100000|100%| S|CS|TAMS 0x00000000cf000000| PB 0x00000000cf000000| Complete 
| 241|0x00000000cf100000, 0x00000000cf200000, 0x00000000cf200000|100%| S|CS|TAMS 0x00000000cf100000| PB 0x00000000cf100000| Complete 
| 242|0x00000000cf200000, 0x00000000cf300000, 0x00000000cf300000|100%| S|CS|TAMS 0x00000000cf200000| PB 0x00000000cf200000| Complete 
| 243|0x00000000cf300000, 0x00000000cf300000, 0x00000000cf400000|  0%| F|  |TAMS 0x00000000cf300000| PB 0x00000000cf300000| Untracked 
| 244|0x00000000cf400000, 0x00000000cf400000, 0x00000000cf500000|  0%| F|  |TAMS 0x00000000cf400000| PB 0x00000000cf400000| Untracked 
| 245|0x00000000cf500000, 0x00000000cf500000, 0x00000000cf600000|  0%| F|  |TAMS 0x00000000cf500000| PB 0x00000000cf500000| Untracked 
| 246|0x00000000cf600000, 0x00000000cf600000, 0x00000000cf700000|  0%| F|  |TAMS 0x00000000cf600000| PB 0x00000000cf600000| Untracked 
| 247|0x00000000cf700000, 0x00000000cf700000, 0x00000000cf800000|  0%| F|  |TAMS 0x00000000cf700000| PB 0x00000000cf700000| Untracked 
| 248|0x00000000cf800000, 0x00000000cf800000, 0x00000000cf900000|  0%| F|  |TAMS 0x00000000cf800000| PB 0x00000000cf800000| Untracked 
| 249|0x00000000cf900000, 0x00000000cf900000, 0x00000000cfa00000|  0%| F|  |TAMS 0x00000000cf900000| PB 0x00000000cf900000| Untracked 
| 250|0x00000000cfa00000, 0x00000000cfa00000, 0x00000000cfb00000|  0%| F|  |TAMS 0x00000000cfa00000| PB 0x00000000cfa00000| Untracked 
| 251|0x00000000cfb00000, 0x00000000cfb00000, 0x00000000cfc00000|  0%| F|  |TAMS 0x00000000cfb00000| PB 0x00000000cfb00000| Untracked 
| 252|0x00000000cfc00000, 0x00000000cfc00000, 0x00000000cfd00000|  0%| F|  |TAMS 0x00000000cfc00000| PB 0x00000000cfc00000| Untracked 
| 253|0x00000000cfd00000, 0x00000000cfd00000, 0x00000000cfe00000|  0%| F|  |TAMS 0x00000000cfd00000| PB 0x00000000cfd00000| Untracked 
| 254|0x00000000cfe00000, 0x00000000cfe00000, 0x00000000cff00000|  0%| F|  |TAMS 0x00000000cfe00000| PB 0x00000000cfe00000| Untracked 
| 255|0x00000000cff00000, 0x00000000cff00000, 0x00000000d0000000|  0%| F|  |TAMS 0x00000000cff00000| PB 0x00000000cff00000| Untracked 
| 256|0x00000000d0000000, 0x00000000d0000000, 0x00000000d0100000|  0%| F|  |TAMS 0x00000000d0000000| PB 0x00000000d0000000| Untracked 
| 257|0x00000000d0100000, 0x00000000d0100000, 0x00000000d0200000|  0%| F|  |TAMS 0x00000000d0100000| PB 0x00000000d0100000| Untracked 
| 258|0x00000000d0200000, 0x00000000d0200000, 0x00000000d0300000|  0%| F|  |TAMS 0x00000000d0200000| PB 0x00000000d0200000| Untracked 
| 259|0x00000000d0300000, 0x00000000d0300000, 0x00000000d0400000|  0%| F|  |TAMS 0x00000000d0300000| PB 0x00000000d0300000| Untracked 
| 260|0x00000000d0400000, 0x00000000d0400000, 0x00000000d0500000|  0%| F|  |TAMS 0x00000000d0400000| PB 0x00000000d0400000| Untracked 
| 261|0x00000000d0500000, 0x00000000d0500000, 0x00000000d0600000|  0%| F|  |TAMS 0x00000000d0500000| PB 0x00000000d0500000| Untracked 
| 262|0x00000000d0600000, 0x00000000d0600000, 0x00000000d0700000|  0%| F|  |TAMS 0x00000000d0600000| PB 0x00000000d0600000| Untracked 
| 263|0x00000000d0700000, 0x00000000d0700000, 0x00000000d0800000|  0%| F|  |TAMS 0x00000000d0700000| PB 0x00000000d0700000| Untracked 
| 264|0x00000000d0800000, 0x00000000d0800000, 0x00000000d0900000|  0%| F|  |TAMS 0x00000000d0800000| PB 0x00000000d0800000| Untracked 
| 265|0x00000000d0900000, 0x00000000d0900000, 0x00000000d0a00000|  0%| F|  |TAMS 0x00000000d0900000| PB 0x00000000d0900000| Untracked 
| 266|0x00000000d0a00000, 0x00000000d0a00000, 0x00000000d0b00000|  0%| F|  |TAMS 0x00000000d0a00000| PB 0x00000000d0a00000| Untracked 
| 267|0x00000000d0b00000, 0x00000000d0b00000, 0x00000000d0c00000|  0%| F|  |TAMS 0x00000000d0b00000| PB 0x00000000d0b00000| Untracked 
| 268|0x00000000d0c00000, 0x00000000d0c00000, 0x00000000d0d00000|  0%| F|  |TAMS 0x00000000d0c00000| PB 0x00000000d0c00000| Untracked 
| 269|0x00000000d0d00000, 0x00000000d0d00000, 0x00000000d0e00000|  0%| F|  |TAMS 0x00000000d0d00000| PB 0x00000000d0d00000| Untracked 
| 270|0x00000000d0e00000, 0x00000000d0e00000, 0x00000000d0f00000|  0%| F|  |TAMS 0x00000000d0e00000| PB 0x00000000d0e00000| Untracked 
| 271|0x00000000d0f00000, 0x00000000d0f00000, 0x00000000d1000000|  0%| F|  |TAMS 0x00000000d0f00000| PB 0x00000000d0f00000| Untracked 
| 272|0x00000000d1000000, 0x00000000d1000000, 0x00000000d1100000|  0%| F|  |TAMS 0x00000000d1000000| PB 0x00000000d1000000| Untracked 
| 273|0x00000000d1100000, 0x00000000d1100000, 0x00000000d1200000|  0%| F|  |TAMS 0x00000000d1100000| PB 0x00000000d1100000| Untracked 
| 274|0x00000000d1200000, 0x00000000d1200000, 0x00000000d1300000|  0%| F|  |TAMS 0x00000000d1200000| PB 0x00000000d1200000| Untracked 
| 275|0x00000000d1300000, 0x00000000d1300000, 0x00000000d1400000|  0%| F|  |TAMS 0x00000000d1300000| PB 0x00000000d1300000| Untracked 
| 276|0x00000000d1400000, 0x00000000d1400000, 0x00000000d1500000|  0%| F|  |TAMS 0x00000000d1400000| PB 0x00000000d1400000| Untracked 
| 277|0x00000000d1500000, 0x00000000d1500000, 0x00000000d1600000|  0%| F|  |TAMS 0x00000000d1500000| PB 0x00000000d1500000| Untracked 
| 278|0x00000000d1600000, 0x00000000d1600000, 0x00000000d1700000|  0%| F|  |TAMS 0x00000000d1600000| PB 0x00000000d1600000| Untracked 
| 279|0x00000000d1700000, 0x00000000d1700000, 0x00000000d1800000|  0%| F|  |TAMS 0x00000000d1700000| PB 0x00000000d1700000| Untracked 
| 280|0x00000000d1800000, 0x00000000d1800000, 0x00000000d1900000|  0%| F|  |TAMS 0x00000000d1800000| PB 0x00000000d1800000| Untracked 
| 281|0x00000000d1900000, 0x00000000d1900000, 0x00000000d1a00000|  0%| F|  |TAMS 0x00000000d1900000| PB 0x00000000d1900000| Untracked 
| 282|0x00000000d1a00000, 0x00000000d1a00000, 0x00000000d1b00000|  0%| F|  |TAMS 0x00000000d1a00000| PB 0x00000000d1a00000| Untracked 
| 283|0x00000000d1b00000, 0x00000000d1b00000, 0x00000000d1c00000|  0%| F|  |TAMS 0x00000000d1b00000| PB 0x00000000d1b00000| Untracked 
| 284|0x00000000d1c00000, 0x00000000d1c80000, 0x00000000d1d00000| 50%| E|  |TAMS 0x00000000d1c00000| PB 0x00000000d1c00000| Complete 
| 285|0x00000000d1d00000, 0x00000000d1e00000, 0x00000000d1e00000|100%| E|CS|TAMS 0x00000000d1d00000| PB 0x00000000d1d00000| Complete 
| 286|0x00000000d1e00000, 0x00000000d1f00000, 0x00000000d1f00000|100%| E|CS|TAMS 0x00000000d1e00000| PB 0x00000000d1e00000| Complete 
| 287|0x00000000d1f00000, 0x00000000d2000000, 0x00000000d2000000|100%| E|CS|TAMS 0x00000000d1f00000| PB 0x00000000d1f00000| Complete 
| 288|0x00000000d2000000, 0x00000000d2100000, 0x00000000d2100000|100%| E|CS|TAMS 0x00000000d2000000| PB 0x00000000d2000000| Complete 
| 289|0x00000000d2100000, 0x00000000d2200000, 0x00000000d2200000|100%| E|CS|TAMS 0x00000000d2100000| PB 0x00000000d2100000| Complete 
| 290|0x00000000d2200000, 0x00000000d2300000, 0x00000000d2300000|100%| E|CS|TAMS 0x00000000d2200000| PB 0x00000000d2200000| Complete 
| 291|0x00000000d2300000, 0x00000000d2400000, 0x00000000d2400000|100%| E|CS|TAMS 0x00000000d2300000| PB 0x00000000d2300000| Complete 
| 292|0x00000000d2400000, 0x00000000d2500000, 0x00000000d2500000|100%| E|CS|TAMS 0x00000000d2400000| PB 0x00000000d2400000| Complete 
| 293|0x00000000d2500000, 0x00000000d2600000, 0x00000000d2600000|100%| E|CS|TAMS 0x00000000d2500000| PB 0x00000000d2500000| Complete 
| 294|0x00000000d2600000, 0x00000000d2700000, 0x00000000d2700000|100%| E|CS|TAMS 0x00000000d2600000| PB 0x00000000d2600000| Complete 
| 295|0x00000000d2700000, 0x00000000d2800000, 0x00000000d2800000|100%| E|CS|TAMS 0x00000000d2700000| PB 0x00000000d2700000| Complete 
| 296|0x00000000d2800000, 0x00000000d2900000, 0x00000000d2900000|100%| E|CS|TAMS 0x00000000d2800000| PB 0x00000000d2800000| Complete 
| 297|0x00000000d2900000, 0x00000000d2a00000, 0x00000000d2a00000|100%| E|CS|TAMS 0x00000000d2900000| PB 0x00000000d2900000| Complete 
| 298|0x00000000d2a00000, 0x00000000d2b00000, 0x00000000d2b00000|100%| E|CS|TAMS 0x00000000d2a00000| PB 0x00000000d2a00000| Complete 
| 299|0x00000000d2b00000, 0x00000000d2c00000, 0x00000000d2c00000|100%| E|CS|TAMS 0x00000000d2b00000| PB 0x00000000d2b00000| Complete 
| 300|0x00000000d2c00000, 0x00000000d2d00000, 0x00000000d2d00000|100%| E|CS|TAMS 0x00000000d2c00000| PB 0x00000000d2c00000| Complete 
| 301|0x00000000d2d00000, 0x00000000d2e00000, 0x00000000d2e00000|100%| E|CS|TAMS 0x00000000d2d00000| PB 0x00000000d2d00000| Complete 
| 302|0x00000000d2e00000, 0x00000000d2f00000, 0x00000000d2f00000|100%| E|CS|TAMS 0x00000000d2e00000| PB 0x00000000d2e00000| Complete 
| 303|0x00000000d2f00000, 0x00000000d3000000, 0x00000000d3000000|100%| E|CS|TAMS 0x00000000d2f00000| PB 0x00000000d2f00000| Complete 
| 304|0x00000000d3000000, 0x00000000d3100000, 0x00000000d3100000|100%| E|CS|TAMS 0x00000000d3000000| PB 0x00000000d3000000| Complete 
| 305|0x00000000d3100000, 0x00000000d3200000, 0x00000000d3200000|100%| E|CS|TAMS 0x00000000d3100000| PB 0x00000000d3100000| Complete 
| 306|0x00000000d3200000, 0x00000000d3300000, 0x00000000d3300000|100%| E|CS|TAMS 0x00000000d3200000| PB 0x00000000d3200000| Complete 
| 307|0x00000000d3300000, 0x00000000d3400000, 0x00000000d3400000|100%| E|  |TAMS 0x00000000d3300000| PB 0x00000000d3300000| Complete 
| 308|0x00000000d3400000, 0x00000000d3500000, 0x00000000d3500000|100%| E|CS|TAMS 0x00000000d3400000| PB 0x00000000d3400000| Complete 
| 309|0x00000000d3500000, 0x00000000d3600000, 0x00000000d3600000|100%| E|CS|TAMS 0x00000000d3500000| PB 0x00000000d3500000| Complete 
| 310|0x00000000d3600000, 0x00000000d3700000, 0x00000000d3700000|100%| E|CS|TAMS 0x00000000d3600000| PB 0x00000000d3600000| Complete 
| 311|0x00000000d3700000, 0x00000000d3800000, 0x00000000d3800000|100%| E|CS|TAMS 0x00000000d3700000| PB 0x00000000d3700000| Complete 
| 312|0x00000000d3800000, 0x00000000d3900000, 0x00000000d3900000|100%| E|CS|TAMS 0x00000000d3800000| PB 0x00000000d3800000| Complete 
| 313|0x00000000d3900000, 0x00000000d3a00000, 0x00000000d3a00000|100%| E|CS|TAMS 0x00000000d3900000| PB 0x00000000d3900000| Complete 
| 314|0x00000000d3a00000, 0x00000000d3b00000, 0x00000000d3b00000|100%| E|CS|TAMS 0x00000000d3a00000| PB 0x00000000d3a00000| Complete 
| 315|0x00000000d3b00000, 0x00000000d3c00000, 0x00000000d3c00000|100%| E|CS|TAMS 0x00000000d3b00000| PB 0x00000000d3b00000| Complete 
| 316|0x00000000d3c00000, 0x00000000d3d00000, 0x00000000d3d00000|100%| E|CS|TAMS 0x00000000d3c00000| PB 0x00000000d3c00000| Complete 
| 317|0x00000000d3d00000, 0x00000000d3e00000, 0x00000000d3e00000|100%| E|CS|TAMS 0x00000000d3d00000| PB 0x00000000d3d00000| Complete 
| 318|0x00000000d3e00000, 0x00000000d3f00000, 0x00000000d3f00000|100%| E|CS|TAMS 0x00000000d3e00000| PB 0x00000000d3e00000| Complete 
| 319|0x00000000d3f00000, 0x00000000d4000000, 0x00000000d4000000|100%| E|CS|TAMS 0x00000000d3f00000| PB 0x00000000d3f00000| Complete 
| 320|0x00000000d4000000, 0x00000000d4100000, 0x00000000d4100000|100%| E|CS|TAMS 0x00000000d4000000| PB 0x00000000d4000000| Complete 
| 321|0x00000000d4100000, 0x00000000d4200000, 0x00000000d4200000|100%| E|CS|TAMS 0x00000000d4100000| PB 0x00000000d4100000| Complete 
| 322|0x00000000d4200000, 0x00000000d4300000, 0x00000000d4300000|100%| E|CS|TAMS 0x00000000d4200000| PB 0x00000000d4200000| Complete 
| 323|0x00000000d4300000, 0x00000000d4400000, 0x00000000d4400000|100%| E|CS|TAMS 0x00000000d4300000| PB 0x00000000d4300000| Complete 
| 324|0x00000000d4400000, 0x00000000d4500000, 0x00000000d4500000|100%| E|CS|TAMS 0x00000000d4400000| PB 0x00000000d4400000| Complete 
| 325|0x00000000d4500000, 0x00000000d4600000, 0x00000000d4600000|100%| E|CS|TAMS 0x00000000d4500000| PB 0x00000000d4500000| Complete 
| 326|0x00000000d4600000, 0x00000000d4700000, 0x00000000d4700000|100%| E|CS|TAMS 0x00000000d4600000| PB 0x00000000d4600000| Complete 
| 327|0x00000000d4700000, 0x00000000d4800000, 0x00000000d4800000|100%| E|CS|TAMS 0x00000000d4700000| PB 0x00000000d4700000| Complete 
| 328|0x00000000d4800000, 0x00000000d4900000, 0x00000000d4900000|100%| E|CS|TAMS 0x00000000d4800000| PB 0x00000000d4800000| Complete 
| 329|0x00000000d4900000, 0x00000000d4a00000, 0x00000000d4a00000|100%| E|CS|TAMS 0x00000000d4900000| PB 0x00000000d4900000| Complete 
| 330|0x00000000d4a00000, 0x00000000d4b00000, 0x00000000d4b00000|100%| E|CS|TAMS 0x00000000d4a00000| PB 0x00000000d4a00000| Complete 
| 331|0x00000000d4b00000, 0x00000000d4c00000, 0x00000000d4c00000|100%| E|CS|TAMS 0x00000000d4b00000| PB 0x00000000d4b00000| Complete 
| 332|0x00000000d4c00000, 0x00000000d4d00000, 0x00000000d4d00000|100%| E|CS|TAMS 0x00000000d4c00000| PB 0x00000000d4c00000| Complete 
| 333|0x00000000d4d00000, 0x00000000d4e00000, 0x00000000d4e00000|100%| E|CS|TAMS 0x00000000d4d00000| PB 0x00000000d4d00000| Complete 
| 334|0x00000000d4e00000, 0x00000000d4f00000, 0x00000000d4f00000|100%| E|CS|TAMS 0x00000000d4e00000| PB 0x00000000d4e00000| Complete 
| 335|0x00000000d4f00000, 0x00000000d5000000, 0x00000000d5000000|100%| E|CS|TAMS 0x00000000d4f00000| PB 0x00000000d4f00000| Complete 
| 336|0x00000000d5000000, 0x00000000d5100000, 0x00000000d5100000|100%| E|CS|TAMS 0x00000000d5000000| PB 0x00000000d5000000| Complete 
| 337|0x00000000d5100000, 0x00000000d5200000, 0x00000000d5200000|100%| E|CS|TAMS 0x00000000d5100000| PB 0x00000000d5100000| Complete 
| 338|0x00000000d5200000, 0x00000000d5300000, 0x00000000d5300000|100%| E|CS|TAMS 0x00000000d5200000| PB 0x00000000d5200000| Complete 
| 339|0x00000000d5300000, 0x00000000d5400000, 0x00000000d5400000|100%| E|CS|TAMS 0x00000000d5300000| PB 0x00000000d5300000| Complete 
| 340|0x00000000d5400000, 0x00000000d5500000, 0x00000000d5500000|100%| E|CS|TAMS 0x00000000d5400000| PB 0x00000000d5400000| Complete 
| 341|0x00000000d5500000, 0x00000000d5600000, 0x00000000d5600000|100%| E|CS|TAMS 0x00000000d5500000| PB 0x00000000d5500000| Complete 
| 342|0x00000000d5600000, 0x00000000d5700000, 0x00000000d5700000|100%| E|CS|TAMS 0x00000000d5600000| PB 0x00000000d5600000| Complete 
| 343|0x00000000d5700000, 0x00000000d5800000, 0x00000000d5800000|100%| E|CS|TAMS 0x00000000d5700000| PB 0x00000000d5700000| Complete 
| 344|0x00000000d5800000, 0x00000000d5900000, 0x00000000d5900000|100%| E|CS|TAMS 0x00000000d5800000| PB 0x00000000d5800000| Complete 
| 345|0x00000000d5900000, 0x00000000d5a00000, 0x00000000d5a00000|100%| E|CS|TAMS 0x00000000d5900000| PB 0x00000000d5900000| Complete 
| 346|0x00000000d5a00000, 0x00000000d5b00000, 0x00000000d5b00000|100%| E|CS|TAMS 0x00000000d5a00000| PB 0x00000000d5a00000| Complete 
| 347|0x00000000d5b00000, 0x00000000d5c00000, 0x00000000d5c00000|100%| E|CS|TAMS 0x00000000d5b00000| PB 0x00000000d5b00000| Complete 
| 348|0x00000000d5c00000, 0x00000000d5d00000, 0x00000000d5d00000|100%| E|CS|TAMS 0x00000000d5c00000| PB 0x00000000d5c00000| Complete 
| 349|0x00000000d5d00000, 0x00000000d5e00000, 0x00000000d5e00000|100%| E|CS|TAMS 0x00000000d5d00000| PB 0x00000000d5d00000| Complete 
| 350|0x00000000d5e00000, 0x00000000d5f00000, 0x00000000d5f00000|100%| E|CS|TAMS 0x00000000d5e00000| PB 0x00000000d5e00000| Complete 
| 351|0x00000000d5f00000, 0x00000000d6000000, 0x00000000d6000000|100%| E|CS|TAMS 0x00000000d5f00000| PB 0x00000000d5f00000| Complete 
| 352|0x00000000d6000000, 0x00000000d6100000, 0x00000000d6100000|100%| E|CS|TAMS 0x00000000d6000000| PB 0x00000000d6000000| Complete 
| 353|0x00000000d6100000, 0x00000000d6200000, 0x00000000d6200000|100%| E|CS|TAMS 0x00000000d6100000| PB 0x00000000d6100000| Complete 
| 354|0x00000000d6200000, 0x00000000d6300000, 0x00000000d6300000|100%| E|CS|TAMS 0x00000000d6200000| PB 0x00000000d6200000| Complete 
| 355|0x00000000d6300000, 0x00000000d6400000, 0x00000000d6400000|100%| E|CS|TAMS 0x00000000d6300000| PB 0x00000000d6300000| Complete 
| 356|0x00000000d6400000, 0x00000000d6500000, 0x00000000d6500000|100%| E|CS|TAMS 0x00000000d6400000| PB 0x00000000d6400000| Complete 
| 357|0x00000000d6500000, 0x00000000d6600000, 0x00000000d6600000|100%| E|CS|TAMS 0x00000000d6500000| PB 0x00000000d6500000| Complete 
| 358|0x00000000d6600000, 0x00000000d6700000, 0x00000000d6700000|100%| E|CS|TAMS 0x00000000d6600000| PB 0x00000000d6600000| Complete 
| 359|0x00000000d6700000, 0x00000000d6800000, 0x00000000d6800000|100%| E|CS|TAMS 0x00000000d6700000| PB 0x00000000d6700000| Complete 
|1009|0x00000000ff100000, 0x00000000ff200000, 0x00000000ff200000|100%| E|CS|TAMS 0x00000000ff100000| PB 0x00000000ff100000| Complete 
|1010|0x00000000ff200000, 0x00000000ff300000, 0x00000000ff300000|100%| E|CS|TAMS 0x00000000ff200000| PB 0x00000000ff200000| Complete 
|1011|0x00000000ff300000, 0x00000000ff400000, 0x00000000ff400000|100%| O|  |TAMS 0x00000000ff300000| PB 0x00000000ff300000| Untracked 
|1012|0x00000000ff400000, 0x00000000ff500000, 0x00000000ff500000|100%| O|  |TAMS 0x00000000ff400000| PB 0x00000000ff400000| Untracked 
|1013|0x00000000ff500000, 0x00000000ff600000, 0x00000000ff600000|100%| O|  |TAMS 0x00000000ff500000| PB 0x00000000ff500000| Untracked 
|1014|0x00000000ff600000, 0x00000000ff700000, 0x00000000ff700000|100%| O|  |TAMS 0x00000000ff600000| PB 0x00000000ff600000| Untracked 
|1015|0x00000000ff700000, 0x00000000ff800000, 0x00000000ff800000|100%| O|  |TAMS 0x00000000ff700000| PB 0x00000000ff700000| Untracked 
|1016|0x00000000ff800000, 0x00000000ff900000, 0x00000000ff900000|100%| O|  |TAMS 0x00000000ff800000| PB 0x00000000ff800000| Untracked 
|1017|0x00000000ff900000, 0x00000000ffa00000, 0x00000000ffa00000|100%| E|CS|TAMS 0x00000000ff900000| PB 0x00000000ff900000| Complete 
|1018|0x00000000ffa00000, 0x00000000ffb00000, 0x00000000ffb00000|100%| O|  |TAMS 0x00000000ffa00000| PB 0x00000000ffa00000| Untracked 
|1019|0x00000000ffb00000, 0x00000000ffc00000, 0x00000000ffc00000|100%| O|  |TAMS 0x00000000ffb00000| PB 0x00000000ffb00000| Untracked 
|1020|0x00000000ffc00000, 0x00000000ffd00000, 0x00000000ffd00000|100%| O|  |TAMS 0x00000000ffc00000| PB 0x00000000ffc00000| Untracked 
|1021|0x00000000ffd00000, 0x00000000ffe00000, 0x00000000ffe00000|100%| E|CS|TAMS 0x00000000ffd00000| PB 0x00000000ffd00000| Complete 
|1022|0x00000000ffe00000, 0x00000000fff00000, 0x00000000fff00000|100%| E|CS|TAMS 0x00000000ffe00000| PB 0x00000000ffe00000| Complete 
|1023|0x00000000fff00000, 0x0000000100000000, 0x0000000100000000|100%| O|  |TAMS 0x00000000fff00000| PB 0x00000000fff00000| Untracked 

Card table byte_map: [0x00000208aa560000,0x00000208aa760000] _byte_map_base: 0x00000208a9f60000

Marking Bits: (CMBitMap*) 0x0000020896f29a70
 Bits: [0x00000208aa760000, 0x00000208ab760000)

Polling page: 0x0000020894df0000

Metaspace:

Usage:
  Non-class:    157.56 MB used.
      Class:     23.95 MB used.
       Both:    181.51 MB used.

Virtual space:
  Non-class space:      192.00 MB reserved,     158.88 MB ( 83%) committed,  3 nodes.
      Class space:        1.00 GB reserved,      25.25 MB (  2%) committed,  1 nodes.
             Both:        1.19 GB reserved,     184.12 MB ( 15%) committed. 

Chunk freelists:
   Non-Class:  909.00 KB
       Class:  6.76 MB
        Both:  7.65 MB

MaxMetaspaceSize: unlimited
CompressedClassSpaceSize: 1.00 GB
Initial GC threshold: 21.00 MB
Current GC threshold: 295.62 MB
CDS: off
 - commit_granule_bytes: 65536.
 - commit_granule_words: 8192.
 - virtual_space_node_default_size: 8388608.
 - enlarge_chunks_in_place: 1.
 - use_allocation_guard: 0.


Internal statistics:

num_allocs_failed_limit: 6.
num_arena_births: 5376.
num_arena_deaths: 0.
num_vsnodes_births: 4.
num_vsnodes_deaths: 0.
num_space_committed: 2944.
num_space_uncommitted: 0.
num_chunks_returned_to_freelist: 6.
num_chunks_taken_from_freelist: 13055.
num_chunk_merges: 3.
num_chunk_splits: 9038.
num_chunks_enlarged: 6189.
num_inconsistent_stats: 0.

CodeHeap 'non-profiled nmethods': size=118848Kb used=10097Kb max_used=10294Kb free=108750Kb
 bounds [0x00000208a1c30000, 0x00000208a2650000, 0x00000208a9040000]
CodeHeap 'profiled nmethods': size=118848Kb used=39272Kb max_used=40534Kb free=79575Kb
 bounds [0x000002089a040000, 0x000002089c7e0000, 0x00000208a1450000]
CodeHeap 'non-nmethods': size=8064Kb used=4082Kb max_used=5831Kb free=3981Kb
 bounds [0x00000208a1450000, 0x00000208a1a10000, 0x00000208a1c30000]
CodeCache: size=245760Kb, used=53451Kb, max_used=56659Kb, free=192306Kb
 total_blobs=18625, nmethods=17402, adapters=1124, full_count=0
Compilation: enabled, stopped_count=0, restarted_count=0

Compilation events (20 events):
Event: 33.300 Thread 0x00000208af901f00 21222       3       com.google.common.collect.Cut::belowAll (4 bytes)
Event: 33.300 Thread 0x00000208af399a30 nmethod 21221 0x000002089ad36690 code [0x000002089ad36820, 0x000002089ad36918]
Event: 33.300 Thread 0x00000208af399a30 21223       3       com.google.common.collect.Cut$BelowAll::access$000 (4 bytes)
Event: 33.300 Thread 0x00000208af901f00 nmethod 21222 0x000002089a9d9290 code [0x000002089a9d9440, 0x000002089a9d9590]
Event: 33.300 Thread 0x00000208af901f00 21225       3       com.google.common.collect.Cut::compareTo (48 bytes)
Event: 33.300 Thread 0x00000208af399a30 nmethod 21223 0x000002089aea4310 code [0x000002089aea44a0, 0x000002089aea4598]
Event: 33.300 Thread 0x00000208af901f00 nmethod 21225 0x000002089b95b790 code [0x000002089b95b9c0, 0x000002089b95c190]
Event: 33.300 Thread 0x00000208af393360 nmethod 21202 0x00000208a1e4a110 code [0x00000208a1e4a300, 0x00000208a1e4a7a8]
Event: 33.300 Thread 0x00000208af393360 21207       4       java.io.File::equals (28 bytes)
Event: 33.303 Thread 0x00000208af393360 nmethod 21207 0x00000208a2042510 code [0x00000208a2042700, 0x00000208a2042c20]
Event: 33.303 Thread 0x00000208af393360 21216       4       java.io.FileSystem::hasBooleanAttributes (17 bytes)
Event: 33.304 Thread 0x00000208af393360 nmethod 21216 0x00000208a1e12090 code [0x00000208a1e12240, 0x00000208a1e123d8]
Event: 33.307 Thread 0x00000208af393360 21226       4       org.gradle.internal.logging.slf4j.BuildOperationAwareLogger::debug (19 bytes)
Event: 33.307 Thread 0x00000208af393360 nmethod 21226 0x00000208a244ba90 code [0x00000208a244bc40, 0x00000208a244bdc0]
Event: 33.313 Thread 0x00000208af901f00 21228       3       org.gradle.plugin.use.internal.DefaultPluginId::unvalidated (9 bytes)
Event: 33.313 Thread 0x00000208af399a30 21227       1       org.gradle.api.internal.plugins.DefaultPluginManager::getPluginContainer (5 bytes)
Event: 33.313 Thread 0x00000208af399a30 nmethod 21227 0x00000208a24d0110 code [0x00000208a24d02a0, 0x00000208a24d0368]
Event: 33.313 Thread 0x00000208af901f00 nmethod 21228 0x000002089b24f090 code [0x000002089b24f240, 0x000002089b24f498]
Event: 33.327 Thread 0x00000208af901f00 21229       3       org.gradle.internal.instantiation.generator.AsmBackedClassGenerator$ClassBuilderImpl::addLazyGroovySupportSetterOverloads (30 bytes)
Event: 33.328 Thread 0x00000208af901f00 nmethod 21229 0x000002089a78c890 code [0x000002089a78cb40, 0x000002089a78d6a0]

GC Heap History (20 events):
Event: 10.611 GC heap before
{Heap before GC invocations=43 (full 0):
 garbage-first heap   total 299008K, used 199533K [0x00000000c0000000, 0x0000000100000000)
  region size 1024K, 19 young (19456K), 10 survivors (10240K)
 Metaspace       used 146244K, committed 148608K, reserved 1179648K
  class space    used 19400K, committed 20544K, reserved 1048576K
}
Event: 10.615 GC heap after
{Heap after GC invocations=44 (full 0):
 garbage-first heap   total 299008K, used 192965K [0x00000000c0000000, 0x0000000100000000)
  region size 1024K, 6 young (6144K), 6 survivors (6144K)
 Metaspace       used 146244K, committed 148608K, reserved 1179648K
  class space    used 19400K, committed 20544K, reserved 1048576K
}
Event: 11.151 GC heap before
{Heap before GC invocations=45 (full 0):
 garbage-first heap   total 331776K, used 278981K [0x00000000c0000000, 0x0000000100000000)
  region size 1024K, 85 young (87040K), 6 survivors (6144K)
 Metaspace       used 151394K, committed 153728K, reserved 1245184K
  class space    used 20106K, committed 21248K, reserved 1048576K
}
Event: 11.154 GC heap after
{Heap after GC invocations=46 (full 0):
 garbage-first heap   total 331776K, used 199438K [0x00000000c0000000, 0x0000000100000000)
  region size 1024K, 11 young (11264K), 11 survivors (11264K)
 Metaspace       used 151394K, committed 153728K, reserved 1245184K
  class space    used 20106K, committed 21248K, reserved 1048576K
}
Event: 11.840 GC heap before
{Heap before GC invocations=46 (full 0):
 garbage-first heap   total 331776K, used 301838K [0x00000000c0000000, 0x0000000100000000)
  region size 1024K, 108 young (110592K), 11 survivors (11264K)
 Metaspace       used 157976K, committed 160448K, reserved 1245184K
  class space    used 21024K, committed 22272K, reserved 1048576K
}
Event: 11.846 GC heap after
{Heap after GC invocations=47 (full 0):
 garbage-first heap   total 331776K, used 208179K [0x00000000c0000000, 0x0000000100000000)
  region size 1024K, 14 young (14336K), 14 survivors (14336K)
 Metaspace       used 157976K, committed 160448K, reserved 1245184K
  class space    used 21024K, committed 22272K, reserved 1048576K
}
Event: 11.995 GC heap before
{Heap before GC invocations=47 (full 0):
 garbage-first heap   total 331776K, used 244019K [0x00000000c0000000, 0x0000000100000000)
  region size 1024K, 51 young (52224K), 14 survivors (14336K)
 Metaspace       used 158362K, committed 160832K, reserved 1245184K
  class space    used 21044K, committed 22272K, reserved 1048576K
}
Event: 12.000 GC heap after
{Heap after GC invocations=48 (full 0):
 garbage-first heap   total 331776K, used 213530K [0x00000000c0000000, 0x0000000100000000)
  region size 1024K, 13 young (13312K), 13 survivors (13312K)
 Metaspace       used 158362K, committed 160832K, reserved 1245184K
  class space    used 21044K, committed 22272K, reserved 1048576K
}
Event: 12.268 GC heap before
{Heap before GC invocations=49 (full 0):
 garbage-first heap   total 360448K, used 296474K [0x00000000c0000000, 0x0000000100000000)
  region size 1024K, 93 young (95232K), 13 survivors (13312K)
 Metaspace       used 158554K, committed 160960K, reserved 1245184K
  class space    used 21054K, committed 22272K, reserved 1048576K
}
Event: 12.273 GC heap after
{Heap after GC invocations=50 (full 0):
 garbage-first heap   total 360448K, used 220160K [0x00000000c0000000, 0x0000000100000000)
  region size 1024K, 12 young (12288K), 12 survivors (12288K)
 Metaspace       used 158554K, committed 160960K, reserved 1245184K
  class space    used 21054K, committed 22272K, reserved 1048576K
}
Event: 13.276 GC heap before
{Heap before GC invocations=50 (full 0):
 garbage-first heap   total 360448K, used 320512K [0x00000000c0000000, 0x0000000100000000)
  region size 1024K, 109 young (111616K), 12 survivors (12288K)
 Metaspace       used 166285K, committed 168832K, reserved 1245184K
  class space    used 21705K, committed 22976K, reserved 1048576K
}
Event: 13.281 GC heap after
{Heap after GC invocations=51 (full 0):
 garbage-first heap   total 360448K, used 224084K [0x00000000c0000000, 0x0000000100000000)
  region size 1024K, 14 young (14336K), 14 survivors (14336K)
 Metaspace       used 166285K, committed 168832K, reserved 1245184K
  class space    used 21705K, committed 22976K, reserved 1048576K
}
Event: 13.949 GC heap before
{Heap before GC invocations=51 (full 0):
 garbage-first heap   total 360448K, used 323412K [0x00000000c0000000, 0x0000000100000000)
  region size 1024K, 111 young (113664K), 14 survivors (14336K)
 Metaspace       used 173580K, committed 176256K, reserved 1245184K
  class space    used 22943K, committed 24256K, reserved 1048576K
}
Event: 13.955 GC heap after
{Heap after GC invocations=52 (full 0):
 garbage-first heap   total 360448K, used 228757K [0x00000000c0000000, 0x0000000100000000)
  region size 1024K, 5 young (5120K), 5 survivors (5120K)
 Metaspace       used 173580K, committed 176256K, reserved 1245184K
  class space    used 22943K, committed 24256K, reserved 1048576K
}
Event: 14.592 GC heap before
{Heap before GC invocations=53 (full 0):
 garbage-first heap   total 382976K, used 329109K [0x00000000c0000000, 0x0000000100000000)
  region size 1024K, 102 young (104448K), 5 survivors (5120K)
 Metaspace       used 178979K, committed 181632K, reserved 1245184K
  class space    used 23745K, committed 25024K, reserved 1048576K
}
Event: 14.595 GC heap after
{Heap after GC invocations=54 (full 0):
 garbage-first heap   total 382976K, used 228452K [0x00000000c0000000, 0x0000000100000000)
  region size 1024K, 10 young (10240K), 10 survivors (10240K)
 Metaspace       used 178979K, committed 181632K, reserved 1245184K
  class space    used 23745K, committed 25024K, reserved 1048576K
}
Event: 15.025 GC heap before
{Heap before GC invocations=54 (full 0):
 garbage-first heap   total 382976K, used 348260K [0x00000000c0000000, 0x0000000100000000)
  region size 1024K, 127 young (130048K), 10 survivors (10240K)
 Metaspace       used 178980K, committed 181632K, reserved 1245184K
  class space    used 23745K, committed 25024K, reserved 1048576K
}
Event: 15.029 GC heap after
{Heap after GC invocations=55 (full 0):
 garbage-first heap   total 382976K, used 227681K [0x00000000c0000000, 0x0000000100000000)
  region size 1024K, 9 young (9216K), 9 survivors (9216K)
 Metaspace       used 178980K, committed 181632K, reserved 1245184K
  class space    used 23745K, committed 25024K, reserved 1048576K
}
Event: 15.575 GC heap before
{Heap before GC invocations=55 (full 0):
 garbage-first heap   total 382976K, used 351585K [0x00000000c0000000, 0x0000000100000000)
  region size 1024K, 130 young (133120K), 9 survivors (9216K)
 Metaspace       used 178994K, committed 181632K, reserved 1245184K
  class space    used 23748K, committed 25024K, reserved 1048576K
}
Event: 15.578 GC heap after
{Heap after GC invocations=56 (full 0):
 garbage-first heap   total 382976K, used 231233K [0x00000000c0000000, 0x0000000100000000)
  region size 1024K, 13 young (13312K), 13 survivors (13312K)
 Metaspace       used 178994K, committed 181632K, reserved 1245184K
  class space    used 23748K, committed 25024K, reserved 1048576K
}

Dll operation events (3 events):
Event: 0.008 Loaded shared library D:\android\jbr\bin\java.dll
Event: 0.012 Loaded shared library D:\android\jbr\bin\zip.dll
Event: 0.291 Loaded shared library D:\android\jbr\bin\verify.dll

Deoptimization events (20 events):
Event: 33.303 Thread 0x00000208b52d3350 Uncommon trap: trap_request=0xffffffde fr.pc=0x00000208a2128248 relative=0x0000000000000468
Event: 33.303 Thread 0x00000208b52d3350 Uncommon trap: reason=class_check action=maybe_recompile pc=0x00000208a2128248 method=java.lang.AbstractStringBuilder.append(Ljava/lang/CharSequence;)Ljava/lang/AbstractStringBuilder; @ 10 c2
Event: 33.303 Thread 0x00000208b52d3350 DEOPT PACKING pc=0x00000208a2128248 sp=0x000000272d3fa230
Event: 33.303 Thread 0x00000208b52d3350 DEOPT UNPACKING pc=0x00000208a14a7da2 sp=0x000000272d3fa140 mode 2
Event: 33.303 Thread 0x00000208b52d3350 Uncommon trap: trap_request=0xffffffde fr.pc=0x00000208a2128248 relative=0x0000000000000468
Event: 33.303 Thread 0x00000208b52d3350 Uncommon trap: reason=class_check action=maybe_recompile pc=0x00000208a2128248 method=java.lang.AbstractStringBuilder.append(Ljava/lang/CharSequence;)Ljava/lang/AbstractStringBuilder; @ 10 c2
Event: 33.303 Thread 0x00000208b52d3350 DEOPT PACKING pc=0x00000208a2128248 sp=0x000000272d3fa230
Event: 33.303 Thread 0x00000208b52d3350 DEOPT UNPACKING pc=0x00000208a14a7da2 sp=0x000000272d3fa140 mode 2
Event: 33.303 Thread 0x00000208b52d3350 Uncommon trap: trap_request=0xffffffde fr.pc=0x00000208a2128248 relative=0x0000000000000468
Event: 33.303 Thread 0x00000208b52d3350 Uncommon trap: reason=class_check action=maybe_recompile pc=0x00000208a2128248 method=java.lang.AbstractStringBuilder.append(Ljava/lang/CharSequence;)Ljava/lang/AbstractStringBuilder; @ 10 c2
Event: 33.303 Thread 0x00000208b52d3350 DEOPT PACKING pc=0x00000208a2128248 sp=0x000000272d3fa230
Event: 33.303 Thread 0x00000208b52d3350 DEOPT UNPACKING pc=0x00000208a14a7da2 sp=0x000000272d3fa140 mode 2
Event: 33.305 Thread 0x00000208b52d3350 Uncommon trap: trap_request=0xffffffde fr.pc=0x00000208a2128248 relative=0x0000000000000468
Event: 33.305 Thread 0x00000208b52d3350 Uncommon trap: reason=class_check action=maybe_recompile pc=0x00000208a2128248 method=java.lang.AbstractStringBuilder.append(Ljava/lang/CharSequence;)Ljava/lang/AbstractStringBuilder; @ 10 c2
Event: 33.305 Thread 0x00000208b52d3350 DEOPT PACKING pc=0x00000208a2128248 sp=0x000000272d3fa6e0
Event: 33.305 Thread 0x00000208b52d3350 DEOPT UNPACKING pc=0x00000208a14a7da2 sp=0x000000272d3fa5f0 mode 2
Event: 33.305 Thread 0x00000208b52d3350 Uncommon trap: trap_request=0xffffffde fr.pc=0x00000208a2115a14 relative=0x0000000000000334
Event: 33.305 Thread 0x00000208b52d3350 Uncommon trap: reason=class_check action=maybe_recompile pc=0x00000208a2115a14 method=java.lang.AbstractStringBuilder.append(Ljava/lang/CharSequence;)Ljava/lang/AbstractStringBuilder; @ 10 c2
Event: 33.305 Thread 0x00000208b52d3350 DEOPT PACKING pc=0x00000208a2115a14 sp=0x000000272d3fa630
Event: 33.305 Thread 0x00000208b52d3350 DEOPT UNPACKING pc=0x00000208a14a7da2 sp=0x000000272d3fa600 mode 2

Classes loaded (20 events):
Event: 14.212 Loading class java/util/TreeMap$KeySpliterator
Event: 14.212 Loading class java/util/TreeMap$TreeMapSpliterator
Event: 14.212 Loading class java/util/TreeMap$TreeMapSpliterator done
Event: 14.212 Loading class java/util/TreeMap$KeySpliterator done
Event: 14.223 Loading class java/util/concurrent/ConcurrentLinkedQueue$Itr
Event: 14.223 Loading class java/util/concurrent/ConcurrentLinkedQueue$Itr done
Event: 14.265 Loading class java/io/PushbackInputStream
Event: 14.265 Loading class java/io/PushbackInputStream done
Event: 16.117 Loading class java/util/TreeMap$ValueSpliterator
Event: 16.118 Loading class java/util/TreeMap$ValueSpliterator done
Event: 16.191 Loading class java/util/TreeMap$AscendingSubMap$AscendingEntrySetView
Event: 16.191 Loading class java/util/TreeMap$NavigableSubMap$EntrySetView
Event: 16.191 Loading class java/util/TreeMap$NavigableSubMap$EntrySetView done
Event: 16.191 Loading class java/util/TreeMap$AscendingSubMap$AscendingEntrySetView done
Event: 16.191 Loading class java/util/TreeMap$NavigableSubMap$SubMapEntryIterator
Event: 16.191 Loading class java/util/TreeMap$NavigableSubMap$SubMapEntryIterator done
Event: 33.334 Loading class java/net/Proxy
Event: 33.334 Loading class java/net/Proxy done
Event: 33.334 Loading class java/net/Proxy$Type
Event: 33.334 Loading class java/net/Proxy$Type done

Classes unloaded (0 events):
No events

Classes redefined (0 events):
No events

Internal exceptions (20 events):
Event: 14.234 Thread 0x00000208b7c5f5c0 Exception <a 'java/lang/NoSuchMethodError'{0x00000000d4fbe878}: static Ljava/lang/Object;.<clinit>()V> (0x00000000d4fbe878) 
thrown [s\src\hotspot\share\prims\jni.cpp, line 1144]
Event: 14.235 Thread 0x00000208b7c5f5c0 Exception <a 'java/lang/NoSuchMethodError'{0x00000000d4fc9998}: static Lorg/jetbrains/kotlin/gradle/plugin/statistics/MetricContainer;.<clinit>()V> (0x00000000d4fc9998) 
thrown [s\src\hotspot\share\prims\jni.cpp, line 1144]
Event: 14.243 Thread 0x00000208b924e3e0 Implicit null exception at 0x00000208a1e8e207 to 0x00000208a1e8e2d4
Event: 14.253 Thread 0x00000208b52d3350 Implicit null exception at 0x00000208a218919e to 0x00000208a2189958
Event: 14.285 Thread 0x00000208b924e3e0 Exception <a 'java/lang/NoSuchMethodError'{0x00000000d48fb520}: 'void java.lang.invoke.DirectMethodHandle$Holder.invokeStatic(java.lang.Object, int)'> (0x00000000d48fb520) 
thrown [s\src\hotspot\share\interpreter\linkResolver.cpp, line 784]
Event: 14.285 Thread 0x00000208b924e3e0 Exception <a 'java/lang/NoSuchMethodError'{0x00000000d48fe910}: 'void java.lang.invoke.DirectMethodHandle$Holder.invokeStaticInit(java.lang.Object, int)'> (0x00000000d48fe910) 
thrown [s\src\hotspot\share\interpreter\linkResolver.cpp, line 784]
Event: 15.967 Thread 0x00000208b52d3350 Exception <a 'java/lang/ClassNotFoundException'{0x00000000d3e00a20}: org/gradle/api/internal/plugins/NaggingBasePluginConventionBeanInfo> (0x00000000d3e00a20) 
thrown [s\src\hotspot\share\classfile\systemDictionary.cpp, line 312]
Event: 15.967 Thread 0x00000208b52d3350 Exception <a 'java/lang/ClassNotFoundException'{0x00000000d3e0c430}: org/gradle/api/plugins/BasePluginConventionBeanInfo> (0x00000000d3e0c430) 
thrown [s\src\hotspot\share\classfile\systemDictionary.cpp, line 312]
Event: 15.967 Thread 0x00000208b52d3350 Exception <a 'java/lang/ClassNotFoundException'{0x00000000d3e17e08}: org/gradle/api/plugins/BasePluginConventionCustomizer> (0x00000000d3e17e08) 
thrown [s\src\hotspot\share\classfile\systemDictionary.cpp, line 312]
Event: 15.967 Thread 0x00000208b52d3350 Exception <a 'java/lang/ClassNotFoundException'{0x00000000d3e2f8f8}: org/gradle/api/internal/plugins/NaggingBasePluginConventionCustomizer> (0x00000000d3e2f8f8) 
thrown [s\src\hotspot\share\classfile\systemDictionary.cpp, line 312]
Event: 15.969 Thread 0x00000208b52d3350 Exception <a 'java/lang/ClassNotFoundException'{0x00000000d3e6bad0}: org/gradle/api/plugins/internal/NaggingJavaPluginConventionBeanInfo> (0x00000000d3e6bad0) 
thrown [s\src\hotspot\share\classfile\systemDictionary.cpp, line 312]
Event: 15.969 Thread 0x00000208b52d3350 Exception <a 'java/lang/ClassNotFoundException'{0x00000000d3e774e0}: org/gradle/api/plugins/JavaPluginConventionBeanInfo> (0x00000000d3e774e0) 
thrown [s\src\hotspot\share\classfile\systemDictionary.cpp, line 312]
Event: 15.969 Thread 0x00000208b52d3350 Exception <a 'java/lang/ClassNotFoundException'{0x00000000d3e83190}: org/gradle/api/plugins/JavaPluginConventionCustomizer> (0x00000000d3e83190) 
thrown [s\src\hotspot\share\classfile\systemDictionary.cpp, line 312]
Event: 15.969 Thread 0x00000208b52d3350 Exception <a 'java/lang/ClassNotFoundException'{0x00000000d3ea4748}: org/gradle/api/plugins/internal/NaggingJavaPluginConventionCustomizer> (0x00000000d3ea4748) 
thrown [s\src\hotspot\share\classfile\systemDictionary.cpp, line 312]
Event: 15.979 Thread 0x00000208b924e3e0 Exception <a 'java/lang/NoSuchMethodError'{0x00000000d367e870}: static Lorg/jetbrains/plugins/gradle/tooling/serialization/internal/adapter/kotlin/dsl/InternalKotlinDslScriptsModel;.<clinit>()V> (0x00000000d367e870) 
thrown [s\src\hotspot\share\prims\jni.cpp, line 1144]
Event: 15.979 Thread 0x00000208b924e3e0 Exception <a 'java/lang/NoSuchMethodError'{0x00000000d3689210}: static Lorg/jetbrains/plugins/gradle/tooling/serialization/internal/adapter/kotlin/dsl/InternalKotlinDslScriptModel;.<clinit>()V> (0x00000000d3689210) 
thrown [s\src\hotspot\share\prims\jni.cpp, line 1144]
Event: 16.012 Thread 0x00000208b924e3e0 Exception <a 'java/lang/NoSuchMethodError'{0x00000000d330a5e8}: static Lcom/intellij/gradle/toolingExtension/impl/javaModel/manifestModel/DefaultJavaGradleManifestModel;.<clinit>()V> (0x00000000d330a5e8) 
thrown [s\src\hotspot\share\prims\jni.cpp, line 1144]
Event: 16.014 Thread 0x00000208b924e3e0 Exception <a 'java/lang/NoSuchMethodError'{0x00000000d331a668}: static Lcom/intellij/gradle/toolingExtension/impl/model/repositoryModel/DefaultProjectRepositoriesModel;.<clinit>()V> (0x00000000d331a668) 
thrown [s\src\hotspot\share\prims\jni.cpp, line 1144]
Event: 16.103 Thread 0x00000208b52d3350 Implicit null exception at 0x00000208a25c1e50 to 0x00000208a25c98b0
Event: 16.116 Thread 0x00000208b52d3350 Exception <a 'java/lang/NoSuchMethodError'{0x00000000d2987be0}: 'void java.lang.invoke.DirectMethodHandle$Holder.invokeStatic(java.lang.Object, int, java.lang.Object)'> (0x00000000d2987be0) 
thrown [s\src\hotspot\share\interpreter\linkResolver.cpp, line 784]

ZGC Phase Switch (0 events):
No events

VM Operations (20 events):
Event: 15.600 Executing VM operation: G1PauseRemark
Event: 15.606 Executing VM operation: G1PauseRemark done
Event: 15.618 Executing VM operation: G1PauseCleanup
Event: 15.618 Executing VM operation: G1PauseCleanup done
Event: 15.834 Executing VM operation: ICBufferFull
Event: 15.834 Executing VM operation: ICBufferFull done
Event: 16.039 Executing VM operation: ICBufferFull
Event: 16.040 Executing VM operation: ICBufferFull done
Event: 16.070 Executing VM operation: HandshakeAllThreads (Deoptimize)
Event: 16.071 Executing VM operation: HandshakeAllThreads (Deoptimize) done
Event: 16.074 Executing VM operation: HandshakeAllThreads (Deoptimize)
Event: 16.074 Executing VM operation: HandshakeAllThreads (Deoptimize) done
Event: 17.079 Executing VM operation: Cleanup
Event: 17.220 Executing VM operation: Cleanup done
Event: 21.241 Executing VM operation: Cleanup
Event: 22.252 Executing VM operation: Cleanup done
Event: 33.314 Executing VM operation: Cleanup
Event: 33.314 Executing VM operation: Cleanup done
Event: 34.320 Executing VM operation: Cleanup
Event: 34.320 Executing VM operation: Cleanup done

Memory protections (0 events):
No events

Nmethod flushes (20 events):
Event: 15.605 Thread 0x00000208af29f1f0 flushing  nmethod 0x000002089a70f190
Event: 15.605 Thread 0x00000208af29f1f0 flushing osr nmethod 0x000002089a711d10
Event: 15.605 Thread 0x00000208af29f1f0 flushing  nmethod 0x000002089a712c90
Event: 15.605 Thread 0x00000208af29f1f0 flushing  nmethod 0x000002089a714110
Event: 15.605 Thread 0x00000208af29f1f0 flushing  nmethod 0x000002089a93a810
Event: 15.605 Thread 0x00000208af29f1f0 flushing  nmethod 0x000002089aa83590
Event: 15.605 Thread 0x00000208af29f1f0 flushing  nmethod 0x000002089abcd410
Event: 15.605 Thread 0x00000208af29f1f0 flushing  nmethod 0x000002089abd4a10
Event: 15.605 Thread 0x00000208af29f1f0 flushing  nmethod 0x000002089aca8290
Event: 15.605 Thread 0x00000208af29f1f0 flushing  nmethod 0x000002089ada3d90
Event: 15.605 Thread 0x00000208af29f1f0 flushing  nmethod 0x000002089ada5e90
Event: 15.605 Thread 0x00000208af29f1f0 flushing  nmethod 0x000002089aec6310
Event: 15.605 Thread 0x00000208af29f1f0 flushing  nmethod 0x000002089b057790
Event: 15.605 Thread 0x00000208af29f1f0 flushing  nmethod 0x000002089b058a10
Event: 15.605 Thread 0x00000208af29f1f0 flushing  nmethod 0x000002089b1e2c90
Event: 15.605 Thread 0x00000208af29f1f0 flushing  nmethod 0x000002089b1e3d90
Event: 15.605 Thread 0x00000208af29f1f0 flushing  nmethod 0x000002089b2c0690
Event: 15.605 Thread 0x00000208af29f1f0 flushing  nmethod 0x000002089b396410
Event: 15.605 Thread 0x00000208af29f1f0 flushing  nmethod 0x000002089b397710
Event: 15.605 Thread 0x00000208af29f1f0 flushing  nmethod 0x000002089b530590

Events (20 events):
Event: 14.180 Thread 0x00000208ba2b88c0 Thread added: 0x00000208c58c8680
Event: 14.194 Thread 0x00000208ba2b8230 Thread added: 0x00000208c522c190
Event: 14.243 Thread 0x00000208b52d3350 Thread added: 0x00000208b924e3e0
Event: 14.321 Thread 0x00000208b52d3350 Thread added: 0x00000208b924dd50
Event: 14.834 Thread 0x00000208bb3f4060 Thread exited: 0x00000208bb3f4060
Event: 14.851 Thread 0x00000208af901160 Thread exited: 0x00000208af901160
Event: 14.851 Thread 0x00000208bb3f09e0 Thread exited: 0x00000208bb3f09e0
Event: 14.893 Thread 0x00000208af903370 Thread exited: 0x00000208af903370
Event: 15.419 Thread 0x00000208af901f00 Thread exited: 0x00000208af901f00
Event: 15.442 Thread 0x00000208af5302f0 Thread exited: 0x00000208af5302f0
Event: 15.647 Thread 0x00000208af399a30 Thread added: 0x00000208c3e3c120
Event: 15.647 Thread 0x00000208af399a30 Thread added: 0x00000208c3e3ba50
Event: 15.654 Thread 0x00000208af399a30 Thread added: 0x00000208c3e3d590
Event: 15.661 Thread 0x00000208c3e3d590 Thread added: 0x00000208bb3f4060
Event: 15.662 Thread 0x00000208c3e3ba50 Thread added: 0x00000208bb3f1780
Event: 15.837 Thread 0x00000208b52d3350 Thread added: 0x00000208b5da26f0
Event: 16.833 Thread 0x00000208c3e3d590 Thread exited: 0x00000208c3e3d590
Event: 16.833 Thread 0x00000208c3e3ba50 Thread exited: 0x00000208c3e3ba50
Event: 18.824 Thread 0x00000208c3e3c120 Thread exited: 0x00000208c3e3c120
Event: 31.288 Thread 0x00000208af399a30 Thread added: 0x00000208af901f00


Dynamic libraries:
0x00007ff7642c0000 - 0x00007ff7642ca000 	D:\android\jbr\bin\java.exe
0x00007ff91d2e0000 - 0x00007ff91d547000 	C:\WINDOWS\SYSTEM32\ntdll.dll
0x00007ff91bc30000 - 0x00007ff91bcf9000 	C:\WINDOWS\System32\KERNEL32.DLL
0x00007ff91a9a0000 - 0x00007ff91ad91000 	C:\WINDOWS\System32\KERNELBASE.dll
0x00007ff91a820000 - 0x00007ff91a96b000 	C:\WINDOWS\System32\ucrtbase.dll
0x00007ff8fe960000 - 0x00007ff8fe978000 	D:\android\jbr\bin\jli.dll
0x00007ff91cc40000 - 0x00007ff91ce05000 	C:\WINDOWS\System32\USER32.dll
0x00007ff8faf10000 - 0x00007ff8fb1a3000 	C:\WINDOWS\WinSxS\amd64_microsoft.windows.common-controls_6595b64144ccf1df_6.0.26100.8037_none_3e092faae333b53b\COMCTL32.dll
0x00007ff901c80000 - 0x00007ff901c9b000 	D:\android\jbr\bin\VCRUNTIME140.dll
0x00007ff91a970000 - 0x00007ff91a997000 	C:\WINDOWS\System32\win32u.dll
0x00007ff91c290000 - 0x00007ff91c2bb000 	C:\WINDOWS\System32\GDI32.dll
0x00007ff91c5d0000 - 0x00007ff91c679000 	C:\WINDOWS\System32\msvcrt.dll
0x00007ff91a580000 - 0x00007ff91a6ab000 	C:\WINDOWS\System32\gdi32full.dll
0x00007ff91afd0000 - 0x00007ff91b073000 	C:\WINDOWS\System32\msvcp_win.dll
0x00007ff91bd30000 - 0x00007ff91bd61000 	C:\WINDOWS\System32\IMM32.DLL
0x00007ff901bd0000 - 0x00007ff901bdc000 	D:\android\jbr\bin\vcruntime140_1.dll
0x00007ff876650000 - 0x00007ff8766dd000 	D:\android\jbr\bin\msvcp140.dll
0x00007fffb3610000 - 0x00007fffb42a6000 	D:\android\jbr\bin\server\jvm.dll
0x00007ff91c2c0000 - 0x00007ff91c37b000 	C:\WINDOWS\System32\ADVAPI32.dll
0x00007ff91b090000 - 0x00007ff91b137000 	C:\WINDOWS\System32\sechost.dll
0x00007ff91bdc0000 - 0x00007ff91bed8000 	C:\WINDOWS\System32\RPCRT4.dll
0x00007ff91bbb0000 - 0x00007ff91bc24000 	C:\WINDOWS\System32\WS2_32.dll
0x00007ff919870000 - 0x00007ff9198ce000 	C:\WINDOWS\SYSTEM32\POWRPROF.dll
0x00007ff912f90000 - 0x00007ff912f9b000 	C:\WINDOWS\SYSTEM32\VERSION.dll
0x00007ff90cd10000 - 0x00007ff90cd45000 	C:\WINDOWS\SYSTEM32\WINMM.dll
0x00007ff919850000 - 0x00007ff919864000 	C:\WINDOWS\SYSTEM32\UMPDC.dll
0x00007ff918950000 - 0x00007ff91896b000 	C:\WINDOWS\SYSTEM32\kernel.appcore.dll
0x00007ff8fe990000 - 0x00007ff8fe99a000 	D:\android\jbr\bin\jimage.dll
0x00007ff917770000 - 0x00007ff9179b2000 	C:\WINDOWS\SYSTEM32\DBGHELP.DLL
0x00007ff91ce10000 - 0x00007ff91d192000 	C:\WINDOWS\System32\combase.dll
0x00007ff91bee0000 - 0x00007ff91bfb7000 	C:\WINDOWS\System32\OLEAUT32.dll
0x00007ff8f8e80000 - 0x00007ff8f8ebb000 	C:\WINDOWS\SYSTEM32\dbgcore.DLL
0x00007ff91af20000 - 0x00007ff91afc5000 	C:\WINDOWS\System32\bcryptPrimitives.dll
0x00007ff8fe980000 - 0x00007ff8fe98e000 	D:\android\jbr\bin\instrument.dll
0x00007ff8fe940000 - 0x00007ff8fe960000 	D:\android\jbr\bin\java.dll
0x00007ff8ebd20000 - 0x00007ff8ebd38000 	D:\android\jbr\bin\zip.dll
0x00007ff91b440000 - 0x00007ff91bb9f000 	C:\WINDOWS\System32\SHELL32.dll
0x00007ff91a6b0000 - 0x00007ff91a81a000 	C:\WINDOWS\System32\wintypes.dll
0x00007ff919d10000 - 0x00007ff91a574000 	C:\WINDOWS\System32\windows.storage.dll
0x00007ff91d1a0000 - 0x00007ff91d297000 	C:\WINDOWS\System32\SHCORE.dll
0x00007ff91c220000 - 0x00007ff91c287000 	C:\WINDOWS\System32\shlwapi.dll
0x00007ff919ae0000 - 0x00007ff919b09000 	C:\WINDOWS\SYSTEM32\profapi.dll
0x00007ff8fe930000 - 0x00007ff8fe940000 	D:\android\jbr\bin\net.dll
0x00007ff9139d0000 - 0x00007ff913af7000 	C:\WINDOWS\SYSTEM32\WINHTTP.dll
0x00007ff918ec0000 - 0x00007ff918f2b000 	C:\WINDOWS\system32\mswsock.dll
0x00007ff8ebd00000 - 0x00007ff8ebd16000 	D:\android\jbr\bin\nio.dll
0x00007ff8e0500000 - 0x00007ff8e0510000 	D:\android\jbr\bin\verify.dll
0x00007ff8e7860000 - 0x00007ff8e7887000 	C:\Users\30720\.gradle\native\1def1411415f61bf3af743bc5b6707747c0891f09f0c88961ee8f79bc544acac\windows-amd64\native-platform.dll
0x00007ff8bd460000 - 0x00007ff8bd4d8000 	C:\Users\30720\.gradle\native\0.2.7\x86_64-windows-gnu\gradle-fileevents.dll
0x00007ff8ebcf0000 - 0x00007ff8ebcf9000 	D:\android\jbr\bin\management.dll
0x00007ff8e4ee0000 - 0x00007ff8e4eeb000 	D:\android\jbr\bin\management_ext.dll
0x00007ff91c560000 - 0x00007ff91c568000 	C:\WINDOWS\System32\PSAPI.DLL
0x00007ff918470000 - 0x00007ff9184a3000 	C:\WINDOWS\SYSTEM32\IPHLPAPI.DLL
0x00007ff91b080000 - 0x00007ff91b08a000 	C:\WINDOWS\System32\NSI.dll
0x00007ff8e1760000 - 0x00007ff8e1769000 	D:\android\jbr\bin\extnet.dll
0x00007ff9191a0000 - 0x00007ff9191bb000 	C:\WINDOWS\SYSTEM32\CRYPTSP.dll
0x00007ff9188b0000 - 0x00007ff9188e9000 	C:\WINDOWS\system32\rsaenh.dll
0x00007ff918f70000 - 0x00007ff918fa2000 	C:\WINDOWS\SYSTEM32\USERENV.dll
0x00007ff919ab0000 - 0x00007ff919ada000 	C:\WINDOWS\SYSTEM32\bcrypt.dll
0x00007ff9191c0000 - 0x00007ff9191cc000 	C:\WINDOWS\SYSTEM32\CRYPTBASE.dll
0x00007ff8fcb90000 - 0x00007ff8fcb98000 	C:\WINDOWS\system32\wshunix.dll

JVMTI agents:
C:\Users\30720\.gradle\wrapper\dists\gradle-8.13-bin\5xuhj0ry160q40clulazy9h7d\gradle-8.13\lib\agents\gradle-instrumentation-agent-8.13.jar path:D:\android\jbr\bin\instrument.dll, loaded, initialized, instrumentlib options:none

dbghelp: loaded successfully - version: 4.0.5 - missing functions: none
symbol engine: initialized successfully - sym options: 0x614 - pdb path: .;D:\android\jbr\bin;C:\WINDOWS\SYSTEM32;C:\WINDOWS\WinSxS\amd64_microsoft.windows.common-controls_6595b64144ccf1df_6.0.26100.8037_none_3e092faae333b53b;D:\android\jbr\bin\server;C:\Users\30720\.gradle\native\1def1411415f61bf3af743bc5b6707747c0891f09f0c88961ee8f79bc544acac\windows-amd64;C:\Users\30720\.gradle\native\0.2.7\x86_64-windows-gnu

VM Arguments:
jvm_args: --add-opens=java.base/java.lang=ALL-UNNAMED --add-opens=java.base/java.lang.invoke=ALL-UNNAMED --add-opens=java.base/java.util=ALL-UNNAMED --add-opens=java.prefs/java.util.prefs=ALL-UNNAMED --add-exports=jdk.compiler/com.sun.tools.javac.api=ALL-UNNAMED --add-exports=jdk.compiler/com.sun.tools.javac.util=ALL-UNNAMED --add-opens=java.base/java.util=ALL-UNNAMED --add-opens=java.prefs/java.util.prefs=ALL-UNNAMED --add-opens=java.base/java.nio.charset=ALL-UNNAMED --add-opens=java.base/java.net=ALL-UNNAMED --add-opens=java.base/java.util.concurrent.atomic=ALL-UNNAMED --add-opens=java.xml/javax.xml.namespace=ALL-UNNAMED -Xmx1024m -Dfile.encoding=UTF-8 -Duser.country=CN -Duser.language=zh -Duser.variant -javaagent:C:\Users\30720\.gradle\wrapper\dists\gradle-8.13-bin\5xuhj0ry160q40clulazy9h7d\gradle-8.13\lib\agents\gradle-instrumentation-agent-8.13.jar 
java_command: org.gradle.launcher.daemon.bootstrap.GradleDaemon 8.13
java_class_path (initial): C:\Users\30720\.gradle\wrapper\dists\gradle-8.13-bin\5xuhj0ry160q40clulazy9h7d\gradle-8.13\lib\gradle-daemon-main-8.13.jar
Launcher Type: SUN_STANDARD

[Global flags]
     intx CICompilerCount                          = 15                                        {product} {ergonomic}
     uint ConcGCThreads                            = 6                                         {product} {ergonomic}
     uint G1ConcRefinementThreads                  = 23                                        {product} {ergonomic}
   size_t G1HeapRegionSize                         = 1048576                                   {product} {ergonomic}
    uintx GCDrainStackTargetSize                   = 64                                        {product} {ergonomic}
   size_t InitialHeapSize                          = 255852544                                 {product} {ergonomic}
   size_t MarkStackSize                            = 4194304                                   {product} {ergonomic}
   size_t MaxHeapSize                              = 1073741824                                {product} {command line}
   size_t MaxNewSize                               = 643825664                                 {product} {ergonomic}
   size_t MinHeapDeltaBytes                        = 1048576                                   {product} {ergonomic}
   size_t MinHeapSize                              = 8388608                                   {product} {ergonomic}
    uintx NonNMethodCodeHeapSize                   = 8192380                                {pd product} {ergonomic}
    uintx NonProfiledCodeHeapSize                  = 121732930                              {pd product} {ergonomic}
    uintx ProfiledCodeHeapSize                     = 121732930                              {pd product} {ergonomic}
    uintx ReservedCodeCacheSize                    = 251658240                              {pd product} {ergonomic}
     bool SegmentedCodeCache                       = true                                      {product} {ergonomic}
   size_t SoftMaxHeapSize                          = 1073741824                             {manageable} {ergonomic}
     bool UseCompressedOops                        = true                           {product lp64_product} {ergonomic}
     bool UseG1GC                                  = true                                      {product} {ergonomic}
     bool UseLargePagesIndividualAllocation        = false                                  {pd product} {ergonomic}

Logging:
Log output configuration:
 #0: stdout all=warning uptime,level,tags foldmultilines=false
 #1: stderr all=off uptime,level,tags foldmultilines=false

Environment Variables:
JAVA_HOME=D:\jdk17\jdk
PATH=D:\jdk17\jdk\bin;C:\Program Files\Common Files\Oracle\Java\javapath;D:\virtual\bin\;D:\jdk17\jdk\bin;C:\Windows\system32;C:\Windows;C:\Windows\System32\Wbem;C:\Windows\System32\WindowsPowerShell\v1.0\;C:\Windows\System32\OpenSSH\;C:\Program Files (x86)\NVIDIA Corporation\PhysX\Common;C:\Program Files\dotnet\;C:\WINDOWS\system32;C:\WINDOWS;C:\WINDOWS\System32\Wbem;C:\WINDOWS\System32\WindowsPowerShell\v1.0\;C:\WINDOWS\System32\OpenSSH\;D:\Development\Node\;D:\Development\Git\cmd;D:\Development\apache-maven-3.9.11\bin;D:\Development\mysql-8.0.43-winx64\bin;D:\mysql\MySQL Server 8.0\bin;D:\kotlin\kotlinc\bin;D:\jdk11\bin;D:\MySQL\MySQL Shell 8.0\bin\;C:\Users\30720\AppData\Local\Microsoft\WindowsApps;D:\VSCode\Microsoft VS Code\bin;C:\Users\30720\AppData\Roaming\npm;D:\Cursor\cursor\resources\app\bin
USERNAME=30720
OS=Windows_NT
PROCESSOR_IDENTIFIER=AMD64 Family 25 Model 97 Stepping 2, AuthenticAMD
TMP=C:\Users\30720\AppData\Local\Temp
TEMP=C:\Users\30720\AppData\Local\Temp




Periodic native trim disabled

JNI global refs:
JNI global refs: 42, weak refs: 0

JNI global refs memory usage: 835, weak refs: 833

Process memory usage:
Resident Set Size: 878644K (5% of 15912988K total physical memory with 521412K free physical memory)

OOME stack traces (most recent first):
Classloader memory used:
Loader org.gradle.internal.classloader.VisitableURLClassLoader                         : 106M
Loader bootstrap                                                                       : 30013K
Loader org.gradle.internal.classloader.VisitableURLClassLoader$InstrumentingVisitableURLClassLoader: 26557K
Loader org.gradle.initialization.MixInLegacyTypesClassLoader                           : 13753K
Loader org.gradle.internal.classloader.VisitableURLClassLoader                         : 4534K
Loader jdk.internal.loader.ClassLoaders$PlatformClassLoader                            : 566K
Loader jdk.internal.reflect.DelegatingClassLoader                                      : 507K
Loader jdk.internal.jrtfs.JrtFileSystemProvider$JrtFsLoader                            : 344K
Loader jdk.internal.loader.ClassLoaders$AppClassLoader                                 : 235K
Loader org.gradle.groovy.scripts.internal.DefaultScriptCompilationHandler$ScriptClassLoader: 91696B
Loader org.codehaus.groovy.runtime.callsite.CallSiteClassLoader                        : 49032B

Classes loaded by more than one classloader:
Class Program                                                                         : loaded 5 times (x 72B)
Class com.google.common.collect.ImmutableList$SubList                                 : loaded 3 times (x 209B)
Class com.google.common.collect.ImmutableSet$SetBuilderImpl                           : loaded 3 times (x 76B)
Class com.google.common.collect.ImmutableList                                         : loaded 3 times (x 206B)
Class Build_gradle                                                                    : loaded 3 times (x 130B)
Class com.google.common.collect.RangeSet                                              : loaded 3 times (x 70B)
Class com.google.common.base.Joiner$2                                                 : loaded 3 times (x 79B)
Class com.google.common.collect.RangeGwtSerializationDependencies                     : loaded 3 times (x 71B)
Class com.google.common.collect.PeekingIterator                                       : loaded 3 times (x 70B)
Class com.google.common.base.Joiner$1                                                 : loaded 3 times (x 80B)
Class com.google.common.base.Preconditions                                            : loaded 3 times (x 71B)
Class com.google.common.collect.ImmutableSet$RegularSetBuilderImpl                    : loaded 3 times (x 77B)
Class com.google.common.collect.ImmutableRangeSet$ComplementRanges                    : loaded 3 times (x 207B)
Class org.gradle.internal.IoActions                                                   : loaded 3 times (x 71B)
Class org.gradle.api.GradleException                                                  : loaded 3 times (x 82B)
Class com.google.common.collect.AbstractRangeSet                                      : loaded 3 times (x 114B)
Class com.google.common.base.Predicate                                                : loaded 3 times (x 70B)
Class org.gradle.api.Action                                                           : loaded 3 times (x 70B)
Class org.gradle.internal.Cast                                                        : loaded 3 times (x 71B)
Class com.google.common.collect.ImmutableList$1                                       : loaded 3 times (x 97B)
Class com.google.common.collect.ImmutableSet                                          : loaded 3 times (x 145B)
Class com.google.common.collect.ImmutableRangeSet$Builder                             : loaded 3 times (x 77B)
Class Build_gradle$1                                                                  : loaded 3 times (x 74B)
Class com.google.common.collect.RegularImmutableList                                  : loaded 3 times (x 213B)
Class com.google.common.base.Function                                                 : loaded 3 times (x 70B)
Class com.google.common.collect.RegularImmutableSortedSet                             : loaded 3 times (x 300B)
Class com.google.common.collect.ImmutableSortedSet                                    : loaded 3 times (x 300B)
Class com.google.common.collect.Iterators$MergingIterator                             : loaded 3 times (x 81B)
Class com.google.common.collect.ImmutableAsList                                       : loaded 3 times (x 209B)
Class com.google.common.collect.Iterators$9                                           : loaded 3 times (x 81B)
Class com.google.common.collect.ImmutableSet$CachingAsList                            : loaded 3 times (x 148B)
Class com.google.common.collect.Lists                                                 : loaded 3 times (x 71B)
Class com.google.common.collect.UnmodifiableListIterator                              : loaded 3 times (x 95B)
Class com.google.common.collect.ImmutableCollection                                   : loaded 3 times (x 125B)
Class com.google.common.collect.Iterators$5                                           : loaded 3 times (x 82B)
Class com.google.common.collect.Iterators$4                                           : loaded 3 times (x 82B)
Class com.google.common.collect.SortedIterable                                        : loaded 3 times (x 70B)
Class com.google.common.collect.SingletonImmutableSet                                 : loaded 3 times (x 146B)
Class com.google.common.collect.Iterators$1                                           : loaded 3 times (x 81B)
Class com.google.common.collect.ImmutableList$ReverseImmutableList                    : loaded 3 times (x 209B)
Class org.gradle.api.UncheckedIOException                                             : loaded 3 times (x 82B)
Class com.google.common.collect.SingletonImmutableList                                : loaded 3 times (x 207B)
Class com.google.common.collect.RegularImmutableSet                                   : loaded 3 times (x 149B)
Class com.google.common.collect.AbstractIndexedListIterator                           : loaded 3 times (x 96B)
Class com.google.common.collect.AbstractIterator                                      : loaded 3 times (x 82B)
Class com.google.common.collect.Lists$StringAsImmutableList                           : loaded 3 times (x 207B)
Class com.google.common.collect.Iterators                                             : loaded 3 times (x 71B)
Class com.google.common.collect.Range                                                 : loaded 3 times (x 87B)
Class com.google.common.collect.RegularImmutableAsList                                : loaded 3 times (x 217B)
Class com.google.common.collect.ImmutableRangeSet$1                                   : loaded 3 times (x 210B)
Class com.google.common.collect.ImmutableList$Builder                                 : loaded 3 times (x 77B)
Class com.google.common.collect.UnmodifiableIterator                                  : loaded 3 times (x 80B)
Class com.google.common.base.Joiner                                                   : loaded 3 times (x 79B)
Class com.google.common.collect.ImmutableCollection$Builder                           : loaded 3 times (x 76B)
Class com.google.common.collect.Iterators$ArrayItr                                    : loaded 3 times (x 97B)
Class com.google.common.collect.ImmutableRangeSet$AsSet                               : loaded 3 times (x 300B)
Class com.google.common.collect.ImmutableRangeSet                                     : loaded 3 times (x 115B)
Class com.google.common.collect.ListMultimap                                          : loaded 2 times (x 70B)
Class com.google.common.collect.ImmutableEnumMap                                      : loaded 2 times (x 126B)
Class org.gradle.tooling.internal.gradle.DefaultProjectIdentifier                     : loaded 2 times (x 86B)
Class com.google.common.collect.Sets$1                                                : loaded 2 times (x 139B)
Class org.objectweb.asm.AnnotationVisitor                                             : loaded 2 times (x 78B)
Class com.intellij.gradle.toolingExtension.impl.model.buildScriptClasspathModel.GradleBuildScriptClasspathSerializationService$ReadContext: loaded 2 times (x 72B)
Class org.gradle.internal.impldep.gnu.trove.TObjectIntHashMap                         : loaded 2 times (x 109B)
Class com.google.common.collect.ComparatorOrdering                                    : loaded 2 times (x 115B)
Class org.gradle.api.internal.DefaultClassPathProvider                                : loaded 2 times (x 76B)
Class com.android.builder.model.v2.models.BasicAndroidProject                         : loaded 2 times (x 70B)
Class com.google.common.collect.Sets$2                                                : loaded 2 times (x 139B)
Class com.google.common.collect.NaturalOrdering                                       : loaded 2 times (x 115B)
Class kotlin.text.MatchResult                                                         : loaded 2 times (x 70B)
Class kotlin.sequences.SequenceScope                                                  : loaded 2 times (x 73B)
Class kotlin.sequences.Sequence                                                       : loaded 2 times (x 70B)
Class [Lorg.gradle.api.internal.ClassPathProvider;                                    : loaded 2 times (x 69B)
Class org.gradle.api.internal.ClassPathProvider                                       : loaded 2 times (x 70B)
Class [Lorg.objectweb.asm.AnnotationVisitor;                                          : loaded 2 times (x 69B)
Class com.google.common.collect.Sets$3                                                : loaded 2 times (x 139B)
Class com.google.common.util.concurrent.AbstractFuture$SafeAtomicHelper               : loaded 2 times (x 79B)
Class com.google.common.cache.LocalCache$LocalLoadingCache                            : loaded 2 times (x 134B)
Class jdk.internal.jrtfs.SystemImage                                                  : loaded 2 times (x 74B)
Class org.gradle.internal.impldep.gnu.trove.TObjectHash$NULL                          : loaded 2 times (x 71B)
Class kotlin.collections.CollectionsKt___CollectionsKt$asSequence$$inlined$Sequence$1 : loaded 2 times (x 75B)
Class org.gradle.internal.service.UnknownServiceException                             : loaded 2 times (x 83B)
Class com.google.common.collect.Sets$4                                                : loaded 2 times (x 139B)
Class org.objectweb.asm.ModuleVisitor                                                 : loaded 2 times (x 81B)
Class com.google.common.cache.LocalCache$Strength$1                                   : loaded 2 times (x 81B)
Class org.jetbrains.kotlin.idea.gradleTooling.model.kapt.KaptGradleModel              : loaded 2 times (x 70B)
Class org.jetbrains.kotlin.idea.gradleTooling.KotlinDslScriptAdditionalTask           : loaded 2 times (x 70B)
Class org.jetbrains.plugins.gradle.model.ClasspathEntryModel                          : loaded 2 times (x 70B)
Class com.google.common.util.concurrent.SettableFuture                                : loaded 2 times (x 114B)
Class com.google.common.cache.LocalCache$Strength$2                                   : loaded 2 times (x 81B)
Class org.jetbrains.plugins.gradle.tooling.serialization.GradleExtensionsSerializationService: loaded 2 times (x 77B)
Class org.gradle.api.JavaVersion                                                      : loaded 2 times (x 79B)
Class org.gradle.tooling.model.Dependency                                             : loaded 2 times (x 70B)
Class com.google.common.cache.LocalCache$Strength$3                                   : loaded 2 times (x 81B)
Class com.google.common.collect.MapDifference                                         : loaded 2 times (x 70B)
Class com.intellij.openapi.externalSystem.model.project.dependencies.ResolutionState  : loaded 2 times (x 79B)
Class com.google.common.collect.AllEqualOrdering                                      : loaded 2 times (x 114B)
Class kotlin.collections.ArraysKt___ArraysJvmKt                                       : loaded 2 times (x 71B)
Class kotlin.collections.CollectionsKt__CollectionsKt                                 : loaded 2 times (x 71B)
Class org.objectweb.asm.FieldWriter                                                   : loaded 2 times (x 78B)
Class com.google.common.cache.CacheBuilder$NullListener                               : loaded 2 times (x 82B)
Class kotlin.text.Regex$Companion                                                     : loaded 2 times (x 71B)
Class org.gradle.internal.classpath.TransformedClassPath                              : loaded 2 times (x 96B)
Class org.gradle.internal.classloader.InstrumentingClassLoader                        : loaded 2 times (x 70B)
Class com.android.builder.model.v2.models.AndroidDsl                                  : loaded 2 times (x 70B)
Class com.google.common.cache.CacheLoader$FunctionToCacheLoader                       : loaded 2 times (x 75B)
Class org.gradle.api.internal.classpath.EffectiveClassPath                            : loaded 2 times (x 90B)
Class kotlin.sequences.SequencesKt___SequencesKt$flatMap$2                            : loaded 2 times (x 125B)
Class jdk.internal.jrtfs.SystemImage$1                                                : loaded 2 times (x 78B)
Class kotlin.jvm.internal.FunctionReference                                           : loaded 2 times (x 122B)
Class [Lkotlin.coroutines.intrinsics.CoroutineSingletons;                             : loaded 2 times (x 69B)
Class kotlin.jvm.internal.FunctionBase                                                : loaded 2 times (x 70B)
Class kotlin.enums.EnumEntriesList                                                    : loaded 2 times (x 223B)
Class com.google.common.collect.Ordering                                              : loaded 2 times (x 114B)
Class com.google.common.base.MoreObjects                                              : loaded 2 times (x 71B)
Class jdk.internal.jrtfs.SystemImage$2                                                : loaded 2 times (x 76B)
Class kotlin.collections.CollectionsKt__IteratorsJVMKt                                : loaded 2 times (x 71B)
Class com.google.common.collect.Platform                                              : loaded 2 times (x 71B)
Class [Lorg.objectweb.asm.Type;                                                       : loaded 2 times (x 69B)
Class org.jetbrains.plugins.gradle.tooling.serialization.internal.IdeaProjectSerializationService: loaded 2 times (x 77B)
Class org.jetbrains.kotlin.idea.gradleTooling.KotlinSourceSetContainer                : loaded 2 times (x 70B)
Class org.jetbrains.plugins.gradle.model.IntelliJSettings                             : loaded 2 times (x 70B)
Class ijInit2_78zw5wgotdh8o1okesb5y5gwg                                               : loaded 2 times (x 179B)
Class kotlin.Result                                                                   : loaded 2 times (x 72B)
Class org.gradle.internal.service.ServiceLocator                                      : loaded 2 times (x 70B)
Class com.google.common.base.Ascii                                                    : loaded 2 times (x 71B)
Class com.google.common.collect.SingletonImmutableBiMap                               : loaded 2 times (x 143B)
Class com.google.common.cache.LocalCache$1                                            : loaded 2 times (x 89B)
Class com.google.common.collect.Iterators$SingletonIterator                           : loaded 2 times (x 81B)
Class com.google.common.collect.AbstractMapEntry                                      : loaded 2 times (x 81B)
Class jdk.internal.jrtfs.JrtFileSystemProvider                                        : loaded 2 times (x 101B)
Class com.intellij.gradle.toolingExtension.util.GradleVersionUtil                     : loaded 2 times (x 71B)
Class kotlin.sequences.TransformingSequence$iterator$1                                : loaded 2 times (x 79B)
Class kotlin.Pair                                                                     : loaded 2 times (x 72B)
Class org.gradle.tooling.internal.adapter.ProtocolToModelAdapter$SupportedPropertyInvoker: loaded 2 times (x 76B)
Class org.gradle.tooling.model.UnsupportedMethodException                             : loaded 2 times (x 82B)
Class com.google.common.collect.Sets$ImprovedAbstractSet                              : loaded 2 times (x 135B)
Class [Lcom.android.ide.common.repository.AgpVersion$PreviewKind;                     : loaded 2 times (x 69B)
Class com.google.common.collect.AbstractMultimap                                      : loaded 2 times (x 123B)
Class com.google.common.cache.LocalCache$2                                            : loaded 2 times (x 142B)
Class kotlin.collections.CollectionsKt__MutableCollectionsKt                          : loaded 2 times (x 71B)
Class [Lcom.google.common.collect.ImmutableMapEntry;                                  : loaded 2 times (x 69B)
Class com.google.common.util.concurrent.AbstractFuture$UnsafeAtomicHelper$1           : loaded 2 times (x 76B)
Class org.gradle.internal.classloader.ClassLoaderVisitor                              : loaded 2 times (x 76B)
Class org.jetbrains.plugins.gradle.tooling.serialization.AnnotationProcessingModelSerializationService$WriteContext: loaded 2 times (x 72B)
Class org.gradle.internal.impldep.gnu.trove.THash                                     : loaded 2 times (x 81B)
Class kotlin.reflect.KCallable                                                        : loaded 2 times (x 70B)
Class kotlin.collections.AbstractList$Companion                                       : loaded 2 times (x 71B)
Class com.google.common.util.concurrent.AbstractFuture$Trusted                        : loaded 2 times (x 70B)
Class kotlin.sequences.SequencesKt___SequencesKt                                      : loaded 2 times (x 71B)
Class com.intellij.compose.ide.plugin.gradleTooling.rt.ComposeResourcesModel          : loaded 2 times (x 70B)
Class org.jetbrains.plugins.gradle.tooling.serialization.ProjectDependenciesSerializationService$WriteContext: loaded 2 times (x 72B)
Class org.jetbrains.plugins.gradle.tooling.serialization.ProjectDependenciesSerializationService: loaded 2 times (x 77B)
Class org.gradle.tooling.model.kotlin.dsl.KotlinDslScriptModel                        : loaded 2 times (x 70B)
Class org.gradle.tooling.internal.adapter.CollectionMapper                            : loaded 2 times (x 73B)
Class kotlin.text.MatcherMatchResult$groupValues$1                                    : loaded 2 times (x 198B)
Class com.google.common.util.concurrent.UncheckedExecutionException                   : loaded 2 times (x 82B)
Class org.gradle.kotlin.dsl.VersionCatalogAccessorsKt                                 : loaded 2 times (x 71B)
Class jdk.internal.jimage.ImageLocation                                               : loaded 2 times (x 90B)
Class jdk.internal.jrtfs.JrtDirectoryStream$1                                         : loaded 2 times (x 83B)
Class org.gradle.internal.impldep.gnu.trove.Equality                                  : loaded 2 times (x 70B)
Class com.google.common.collect.ExplicitOrdering                                      : loaded 2 times (x 115B)
Class com.intellij.gradle.toolingExtension.impl.model.buildScriptClasspathModel.GradleBuildScriptClasspathSerializationService$WriteContext: loaded 2 times (x 72B)
Class org.gradle.tooling.internal.adapter.ProtocolToModelAdapter                      : loaded 2 times (x 80B)
Class org.gradle.internal.InternalTransformer                                         : loaded 2 times (x 70B)
Class com.google.common.collect.AbstractMapBasedMultimap$KeySet$1                     : loaded 2 times (x 82B)
Class org.objectweb.asm.ClassWriter                                                   : loaded 2 times (x 106B)
Class com.google.common.cache.CacheLoader$UnsupportedLoadingOperationException        : loaded 2 times (x 82B)
Class com.google.common.base.CharMatcher$And                                          : loaded 2 times (x 112B)
Class jdk.internal.jimage.ImageBufferCache$1                                          : loaded 2 times (x 83B)
Class org.gradle.internal.impldep.gnu.trove.TObjectCanonicalHashingStrategy           : loaded 2 times (x 80B)
Class kotlin.collections.MapsKt__MapsJVMKt                                            : loaded 2 times (x 71B)
Class kotlin.collections.EmptyList                                                    : loaded 2 times (x 174B)
Class org.gradle.internal.time.DefaultTimer                                           : loaded 2 times (x 80B)
Class org.gradle.internal.classloader.ClasspathUtil$1                                 : loaded 2 times (x 76B)
Class org.objectweb.asm.FieldVisitor                                                  : loaded 2 times (x 77B)
Class com.google.common.collect.IndexedImmutableSet                                   : loaded 2 times (x 152B)
Class com.google.common.collect.ImmutableMap$1                                        : loaded 2 times (x 81B)
Class com.google.common.collect.BiMap                                                 : loaded 2 times (x 70B)
Class jdk.internal.jimage.ImageBufferCache$2                                          : loaded 2 times (x 91B)
Class org.gradle.tooling.internal.adapter.ProtocolToModelAdapter$ViewKey              : loaded 2 times (x 72B)
Class org.gradle.api.internal.classpath.DefaultModuleRegistry$DefaultModule           : loaded 2 times (x 86B)
Class com.google.common.primitives.Ints                                               : loaded 2 times (x 71B)
Class com.android.ide.common.repository.AgpVersion                                    : loaded 2 times (x 75B)
Class com.google.common.collect.ReverseNaturalOrdering                                : loaded 2 times (x 114B)
Class com.google.common.collect.NullsFirstOrdering                                    : loaded 2 times (x 115B)
Class kotlin.ResultKt                                                                 : loaded 2 times (x 71B)
Class org.gradle.tooling.internal.adapter.ProtocolToModelAdapter$PropertyCachingMethodInvoker: loaded 2 times (x 76B)
Class com.android.builder.model.v2.models.ProjectSyncIssues                           : loaded 2 times (x 70B)
Class com.google.common.collect.ObjectArrays                                          : loaded 2 times (x 71B)
Class com.google.common.collect.Multiset                                              : loaded 2 times (x 70B)
Class com.google.common.collect.ArrayListMultimapGwtSerializationDependencies         : loaded 2 times (x 172B)
Class org.gradle.internal.classloader.DefaultClassLoaderFactory                       : loaded 2 times (x 82B)
Class com.google.common.math.MathPreconditions                                        : loaded 2 times (x 71B)
Class org.jetbrains.plugins.gradle.model.ExternalTask                                 : loaded 2 times (x 70B)
Class kotlin.Result$Failure                                                           : loaded 2 times (x 72B)
Class kotlin.collections.ArraysKt__ArraysKt                                           : loaded 2 times (x 71B)
Class org.gradle.internal.time.DefaultCountdownTimer                                  : loaded 2 times (x 88B)
Class com.google.common.collect.ImmutableMapEntrySet                                  : loaded 2 times (x 152B)
Class org.jetbrains.plugins.gradle.model.GradleTaskModel                              : loaded 2 times (x 70B)
Class org.jetbrains.plugins.gradle.tooling.util.ObjectCollector                       : loaded 2 times (x 72B)
Class kotlin.collections.SetsKt__SetsJVMKt                                            : loaded 2 times (x 71B)
Class org.gradle.tooling.internal.adapter.ProtocolToModelAdapter$AdaptingMethodInvoker: loaded 2 times (x 76B)
Class org.gradle.tooling.internal.gradle.DefaultBuildIdentifier                       : loaded 2 times (x 79B)
Class kotlin.Function                                                                 : loaded 2 times (x 70B)
Class org.gradle.api.internal.classpath.Module                                        : loaded 2 times (x 70B)
Class com.google.common.cache.Weigher                                                 : loaded 2 times (x 70B)
Class com.intellij.openapi.externalSystem.model.project.IExternalSystemSourceType     : loaded 2 times (x 70B)
Class org.gradle.api.internal.classpath.UnknownModuleException                        : loaded 2 times (x 82B)
Class com.google.common.base.Stopwatch                                                : loaded 2 times (x 72B)
Class com.google.common.cache.LocalCache$Strength                                     : loaded 2 times (x 81B)
Class com.google.common.cache.Cache                                                   : loaded 2 times (x 70B)
Class jdk.internal.jimage.ImageHeader                                                 : loaded 2 times (x 71B)
Class com.intellij.openapi.externalSystem.model.project.dependencies.ProjectDependencies: loaded 2 times (x 70B)
Class org.jetbrains.plugins.gradle.tooling.serialization.ProjectDependenciesSerializationService$ReadContext: loaded 2 times (x 72B)
Class org.gradle.internal.impldep.gnu.trove.TObjectIdentityHashingStrategy            : loaded 2 times (x 78B)
Class com.google.common.util.concurrent.AbstractFuture$Cancellation                   : loaded 2 times (x 72B)
Class com.google.common.collect.ImmutableMap$Builder                                  : loaded 2 times (x 82B)
Class com.google.common.cache.RemovalListener                                         : loaded 2 times (x 70B)
Class org.jetbrains.plugins.gradle.tooling.serialization.RepositoriesModelSerializationService: loaded 2 times (x 82B)
Class com.android.ide.gradle.model.artifacts.AdditionalClassifierArtifactsModel       : loaded 2 times (x 70B)
Class org.gradle.tooling.internal.gradle.GradleProjectIdentity                        : loaded 2 times (x 70B)
Class org.gradle.api.internal.DefaultClassPathRegistry                                : loaded 2 times (x 76B)
Class com.google.common.primitives.IntsMethodsForWeb                                  : loaded 2 times (x 71B)
Class com.google.common.collect.Multimap                                              : loaded 2 times (x 70B)
Class org.jetbrains.plugins.gradle.tooling.serialization.RepositoriesModelSerializationService$ReadContext: loaded 2 times (x 72B)
Class org.gradle.api.internal.ClassPathRegistry                                       : loaded 2 times (x 70B)
Class org.gradle.internal.classpath.DefaultClassPath$ImmutableUniqueList              : loaded 2 times (x 199B)
Class jdk.internal.jimage.decompressor.ResourceDecompressor                           : loaded 2 times (x 70B)
Class com.intellij.gradle.toolingExtension.impl.model.projectModel.GradleExternalProjectSerializationService$WriteContext: loaded 2 times (x 73B)
Class com.google.common.collect.NullnessCasts                                         : loaded 2 times (x 71B)
Class com.intellij.util.containers.IntObjectHashMap$ArrayProducer                     : loaded 2 times (x 70B)
Class com.android.builder.model.v2.models.AndroidProject                              : loaded 2 times (x 70B)
Class com.android.builder.model.v2.AndroidModel                                       : loaded 2 times (x 70B)
Class com.google.common.cache.CacheBuilder                                            : loaded 2 times (x 72B)
Class org.jetbrains.kotlin.idea.gradleTooling.AndroidAwareGradleModelProvider$Companion: loaded 2 times (x 71B)
Class Settings_gradle$1                                                               : loaded 2 times (x 74B)
Class kotlin.collections.SetsKt                                                       : loaded 2 times (x 71B)
Class com.google.common.base.Suppliers                                                : loaded 2 times (x 71B)
Class org.gradle.internal.classpath.ClassPath                                         : loaded 2 times (x 70B)
Class com.google.common.base.JdkPattern                                               : loaded 2 times (x 75B)
Class [Lcom.google.common.cache.CacheBuilder$OneWeigher;                              : loaded 2 times (x 69B)
Class org.jetbrains.plugins.gradle.tooling.serialization.KotlinDslScriptsModelSerializationService: loaded 2 times (x 81B)
Class kotlin.reflect.KFunction                                                        : loaded 2 times (x 70B)
Class kotlin.collections.ArrayDeque                                                   : loaded 2 times (x 207B)
Class org.objectweb.asm.SymbolTable$Entry                                             : loaded 2 times (x 74B)
Class com.google.common.util.concurrent.AbstractFuture$AtomicHelper                   : loaded 2 times (x 78B)
Class org.jetbrains.kotlin.idea.gradleTooling.KotlinGradleModel                       : loaded 2 times (x 70B)
Class org.jetbrains.plugins.gradle.tooling.serialization.ExternalTestsSerializationService$WriteContext: loaded 2 times (x 72B)
Class kotlin.collections.MapsKt__MapsKt                                               : loaded 2 times (x 71B)
Class org.objectweb.asm.Edge                                                          : loaded 2 times (x 72B)
Class com.google.common.base.Suppliers$SupplierOfInstance                             : loaded 2 times (x 79B)
Class org.objectweb.asm.MethodTooLargeException                                       : loaded 2 times (x 83B)
Class jdk.internal.jimage.ImageStringsReader                                          : loaded 2 times (x 80B)
Class org.gradle.tooling.model.Model                                                  : loaded 2 times (x 70B)
Class com.google.common.cache.LocalCache$ComputingValueReference                      : loaded 2 times (x 96B)
Class com.google.common.base.Platform$JdkPatternCompiler                              : loaded 2 times (x 75B)
Class com.google.common.collect.ImmutableMap$IteratorBasedImmutableMap                : loaded 2 times (x 126B)
Class com.android.ide.gradle.model.composites.BuildMap                                : loaded 2 times (x 70B)
Class kotlin.Metadata                                                                 : loaded 2 times (x 70B)
Class kotlin.UninitializedPropertyAccessException                                     : loaded 2 times (x 82B)
Class com.android.builder.model.v2.models.Versions                                    : loaded 2 times (x 70B)
Class com.google.common.cache.LocalCache$Segment                                      : loaded 2 times (x 154B)
Class jdk.internal.jimage.ImageReader                                                 : loaded 2 times (x 75B)
Class org.jetbrains.plugins.gradle.model.IntelliJProjectSettings                      : loaded 2 times (x 70B)
Class org.gradle.tooling.internal.adapter.ProtocolToModelAdapter$MethodInvocationCache: loaded 2 times (x 73B)
Class org.gradle.internal.operations.MultipleBuildOperationFailures                   : loaded 2 times (x 95B)
Class com.android.builder.model.v2.models.ndk.NativeModule                            : loaded 2 times (x 70B)
Class com.google.common.collect.AbstractListMultimap                                  : loaded 2 times (x 172B)
Class [Lorg.objectweb.asm.SymbolTable$Entry;                                          : loaded 2 times (x 69B)
Class com.google.common.cache.CacheLoader                                             : loaded 2 times (x 74B)
Class org.gradle.tooling.internal.adapter.MethodInvocation                            : loaded 2 times (x 85B)
Class com.google.common.collect.ImmutableBiMap                                        : loaded 2 times (x 143B)
Class jdk.internal.jimage.ImageReader$SharedImageReader                               : loaded 2 times (x 95B)
Class org.jetbrains.plugins.gradle.model.ExternalDependency                           : loaded 2 times (x 70B)
Class com.intellij.util.containers.IntObjectHashMap                                   : loaded 2 times (x 72B)
Class org.gradle.internal.installation.GradleInstallation$1                           : loaded 2 times (x 75B)
Class org.gradle.api.internal.classpath.ModuleRegistry                                : loaded 2 times (x 70B)
Class com.google.common.util.concurrent.internal.InternalFutureFailureAccess          : loaded 2 times (x 72B)
Class com.android.ide.common.repository.AgpVersion$PreviewKind$Companion              : loaded 2 times (x 71B)
Class kotlin.sequences.TransformingSequence                                           : loaded 2 times (x 75B)
Class com.google.common.collect.ImmutableSet$JdkBackedSetBuilderImpl                  : loaded 2 times (x 76B)
Class jdk.internal.jimage.decompressor.ResourceDecompressorFactory                    : loaded 2 times (x 74B)
Class org.jetbrains.plugins.gradle.model.VersionCatalogsModel                         : loaded 2 times (x 70B)
Class com.intellij.gradle.toolingExtension.impl.model.sourceSetDependencyModel.GradleSourceSetDependencySerialisationService$SourceSetDependencyModelReadContext: loaded 2 times (x 72B)
Class com.intellij.gradle.toolingExtension.impl.model.dependencyModel.DependencyReadContext: loaded 2 times (x 72B)
Class org.gradle.tooling.internal.adapter.ObjectGraphAdapter                          : loaded 2 times (x 70B)
Class com.google.common.util.concurrent.AbstractFuture$UnsafeAtomicHelper             : loaded 2 times (x 78B)
Class com.google.common.cache.LocalCache$LocalManualCache$1                           : loaded 2 times (x 75B)
Class com.google.common.base.CharMatcher$ForPredicate                                 : loaded 2 times (x 112B)
Class org.jetbrains.plugins.gradle.model.ProjectImportModelProvider                   : loaded 2 times (x 70B)
Class org.jetbrains.plugins.gradle.model.ExternalSourceSet                            : loaded 2 times (x 70B)
Class com.intellij.gradle.toolingExtension.impl.model.warmUp.GradleTaskWarmUpRequest  : loaded 2 times (x 70B)
Class com.google.common.collect.ImmutableSortedAsList                                 : loaded 2 times (x 221B)
Class kotlin.text.RegexKt                                                             : loaded 2 times (x 71B)
Class kotlin.coroutines.intrinsics.IntrinsicsKt__IntrinsicsKt                         : loaded 2 times (x 71B)
Class com.google.common.base.CharMatcher$AnyOf                                        : loaded 2 times (x 112B)
Class jdk.internal.jimage.decompressor.StringSharingDecompressorFactory               : loaded 2 times (x 74B)
Class jdk.internal.jimage.ImageReader$Node                                            : loaded 2 times (x 84B)
Class com.intellij.gradle.toolingExtension.impl.model.sourceSetArtifactIndex.GradleSourceSetArtifactBuildRequest: loaded 2 times (x 70B)
Class com.google.common.collect.Lists$TransformingRandomAccessList                    : loaded 2 times (x 199B)
Class kotlin.collections.CollectionsKt__CollectionsJVMKt                              : loaded 2 times (x 71B)
Class org.gradle.api.internal.classpath.DefaultModuleRegistry                         : loaded 2 times (x 86B)
Class org.objectweb.asm.ClassVisitor                                                  : loaded 2 times (x 88B)
Class com.google.common.util.concurrent.ListenableFuture                              : loaded 2 times (x 70B)
Class com.google.common.cache.ReferenceEntry                                          : loaded 2 times (x 70B)
Class com.google.common.base.Converter                                                : loaded 2 times (x 90B)
Class [Lorg.objectweb.asm.Symbol;                                                     : loaded 2 times (x 69B)
Class jdk.internal.jimage.BasicImageReader$1                                          : loaded 2 times (x 77B)
Class org.jetbrains.plugins.gradle.tooling.serialization.internal.IdeaProjectSerializationService$WriteContext$1: loaded 2 times (x 83B)
Class org.jetbrains.plugins.gradle.model.ExternalProject                              : loaded 2 times (x 70B)
Class kotlin.sequences.SequencesKt                                                    : loaded 2 times (x 71B)
Class kotlin.collections.CollectionsKt__IteratorsKt                                   : loaded 2 times (x 71B)
Class com.google.common.collect.AbstractMapBasedMultimap                              : loaded 2 times (x 139B)
Class com.google.common.util.concurrent.AbstractFuture                                : loaded 2 times (x 106B)
Class com.google.common.base.FunctionalEquivalence                                    : loaded 2 times (x 83B)
Class com.android.utils.FileUtils                                                     : loaded 2 times (x 71B)
Class org.gradle.tooling.internal.adapter.TargetTypeProvider                          : loaded 2 times (x 70B)
Class org.jetbrains.plugins.gradle.tooling.serialization.internal.IdeaProjectSerializationService$WriteContext$2: loaded 2 times (x 83B)
Class org.objectweb.asm.RecordComponentVisitor                                        : loaded 2 times (x 77B)
Class com.google.common.cache.CacheLoader$SupplierToCacheLoader                       : loaded 2 times (x 75B)
Class org.jetbrains.plugins.gradle.tooling.serialization.AnnotationProcessingModelSerializationService$ReadContext: loaded 2 times (x 72B)
Class org.jetbrains.plugins.gradle.tooling.serialization.internal.IdeaProjectSerializationService$WriteContext$3: loaded 2 times (x 83B)
Class kotlin.coroutines.jvm.internal.RestrictedContinuationImpl                       : loaded 2 times (x 87B)
Class org.gradle.util.internal.DefaultGradleVersion$Stage                             : loaded 2 times (x 75B)
Class com.google.common.collect.Maps$EntryTransformer                                 : loaded 2 times (x 70B)
Class jdk.internal.jimage.decompressor.Decompressor                                   : loaded 2 times (x 72B)
Class jdk.internal.jimage.ImageReader$Resource                                        : loaded 2 times (x 84B)
Class org.jetbrains.kotlin.idea.gradleTooling.AndroidAwareGradleModelProvider         : loaded 2 times (x 79B)
Class org.jetbrains.plugins.gradle.tooling.serialization.internal.IdeaProjectSerializationService$WriteContext$4: loaded 2 times (x 83B)
Class com.intellij.gradle.toolingExtension.impl.model.sourceSetDependencyModel.GradleSourceSetDependencySerialisationService$Companion: loaded 2 times (x 71B)
Class org.jetbrains.plugins.gradle.model.GradleExtensions                             : loaded 2 times (x 70B)
Class kotlin.text.MatchNamedGroupCollection                                           : loaded 2 times (x 70B)
Class kotlin.jvm.internal.markers.KMutableList                                        : loaded 2 times (x 70B)
Class org.gradle.internal.time.MonotonicClock                                         : loaded 2 times (x 77B)
Class org.gradle.internal.service.ServiceLookupException                              : loaded 2 times (x 82B)
Class org.jetbrains.plugins.gradle.model.AnnotationProcessingModel                    : loaded 2 times (x 70B)
Class [Lcom.google.common.cache.LocalCache$EntryFactory;                              : loaded 2 times (x 69B)
Class jdk.internal.jrtfs.JrtFileAttributes                                            : loaded 2 times (x 83B)
Class org.jetbrains.plugins.gradle.tooling.serialization.internal.IdeaProjectSerializationService$WriteContext$5: loaded 2 times (x 83B)
Class com.intellij.gradle.toolingExtension.impl.model.sourceSetDependencyModel.GradleSourceSetDependencySerialisationService$SourceSetDependencyModelWriteContext: loaded 2 times (x 72B)
Class org.gradle.internal.classloader.ClassLoaderFactory                              : loaded 2 times (x 70B)
Class com.google.common.base.CommonPattern                                            : loaded 2 times (x 74B)
Class com.google.common.cache.LocalCache$LocalManualCache                             : loaded 2 times (x 99B)
Class com.google.common.base.CharMatcher$IsNot                                        : loaded 2 times (x 111B)
Class org.jetbrains.plugins.gradle.tooling.serialization.internal.IdeaProjectSerializationService$WriteContext$6: loaded 2 times (x 83B)
Class org.jetbrains.plugins.gradle.tooling.util.IntObjectMap                          : loaded 2 times (x 73B)
Class org.gradle.internal.service.CachingServiceLocator                               : loaded 2 times (x 82B)
Class com.google.common.collect.AbstractMapBasedMultimap$KeySet                       : loaded 2 times (x 137B)
Class com.google.common.collect.ImmutableMap$MapViewOfValuesAsSingletonSets           : loaded 2 times (x 126B)
Class com.google.common.math.IntMath                                                  : loaded 2 times (x 71B)
Class org.jetbrains.plugins.gradle.model.RepositoryModels                             : loaded 2 times (x 70B)
Class org.jetbrains.plugins.gradle.tooling.serialization.internal.IdeaProjectSerializationService$WriteContext$7: loaded 2 times (x 83B)
Class kotlin.jvm.internal.CallableReference                                           : loaded 2 times (x 106B)
Class com.google.common.collect.ImmutableMapEntry                                     : loaded 2 times (x 85B)
Class org.jetbrains.plugins.gradle.tooling.serialization.internal.IdeaProjectSerializationService$WriteContext$8: loaded 2 times (x 83B)
Class org.gradle.tooling.model.idea.IdeaDependencyScope                               : loaded 2 times (x 70B)
Class org.gradle.internal.time.TimeSource                                             : loaded 2 times (x 70B)
Class org.gradle.tooling.model.kotlin.dsl.KotlinDslScriptsModel                       : loaded 2 times (x 70B)
Class com.google.common.base.Equivalence                                              : loaded 2 times (x 82B)
Class com.google.common.collect.RegularImmutableMap                                   : loaded 2 times (x 121B)
Class com.google.common.collect.ImmutableMapEntry$NonTerminalImmutableMapEntry        : loaded 2 times (x 85B)
Class org.jetbrains.plugins.gradle.tooling.serialization.SerializationService         : loaded 2 times (x 70B)
Class org.gradle.tooling.internal.gradle.GradleBuildIdentity                          : loaded 2 times (x 70B)
Class kotlin.enums.EnumEntries                                                        : loaded 2 times (x 70B)
Class com.google.common.cache.CacheBuilder$OneWeigher                                 : loaded 2 times (x 82B)
Class org.gradle.api.internal.classpath.ManifestUtil                                  : loaded 2 times (x 71B)
Class org.jetbrains.plugins.gradle.tooling.serialization.internal.adapter.Supplier    : loaded 2 times (x 70B)
Class org.gradle.tooling.internal.adapter.ProtocolToModelAdapter$MixInMappingAction   : loaded 2 times (x 80B)
Class org.gradle.internal.exceptions.ResolutionProvider                               : loaded 2 times (x 70B)
Class jdk.internal.jimage.ImageBufferCache                                            : loaded 2 times (x 71B)
Class jdk.internal.jrtfs.JrtPath                                                      : loaded 2 times (x 118B)
Class org.gradle.tooling.model.idea.IdeaCompilerOutput                                : loaded 2 times (x 70B)
Class org.gradle.tooling.model.ProjectIdentifier                                      : loaded 2 times (x 70B)
Class org.gradle.internal.classloader.ClasspathUtil                                   : loaded 2 times (x 71B)
Class org.jetbrains.kotlin.tooling.core.HasExtras                                     : loaded 2 times (x 70B)
Class com.google.common.base.Charsets                                                 : loaded 2 times (x 71B)
Class com.google.common.util.concurrent.Uninterruptibles                              : loaded 2 times (x 71B)
Class com.intellij.gradle.toolingExtension.impl.model.sourceSetModel.GradleSourceSetSerialisationService: loaded 2 times (x 77B)
Class com.google.common.collect.Maps                                                  : loaded 2 times (x 71B)
Class org.gradle.internal.time.TimeSource$1                                           : loaded 2 times (x 77B)
Class kotlin.jvm.internal.DefaultConstructorMarker                                    : loaded 2 times (x 71B)
Class org.gradle.api.specs.Spec                                                       : loaded 2 times (x 70B)
Class [Lcom.google.common.collect.ImmutableEntry;                                     : loaded 2 times (x 69B)
Class jdk.internal.jimage.ImageReader$SharedImageReader$LocationVisitor               : loaded 2 times (x 70B)
Class com.google.common.cache.LocalCache$LoadingValueReference                        : loaded 2 times (x 96B)
Class com.intellij.gradle.toolingExtension.impl.model.buildScriptClasspathModel.GradleBuildScriptClasspathSerializationService: loaded 2 times (x 77B)
Class org.gradle.tooling.internal.adapter.ProtocolToModelAdapter$InvocationHandlerImpl: loaded 2 times (x 77B)
Class com.google.common.base.Platform                                                 : loaded 2 times (x 71B)
Class jdk.internal.jimage.decompressor.ResourceDecompressorRepository                 : loaded 2 times (x 71B)
Class org.jetbrains.plugins.gradle.model.FileCollectionDependency                     : loaded 2 times (x 70B)
Class org.gradle.internal.impldep.gnu.trove.TObjectHashingStrategy                    : loaded 2 times (x 70B)
Class com.intellij.gradle.toolingExtension.impl.model.utilDummyModel.DummyModel       : loaded 2 times (x 70B)
Class org.gradle.internal.time.Clock                                                  : loaded 2 times (x 70B)
Class [Lorg.objectweb.asm.AnnotationWriter;                                           : loaded 2 times (x 69B)
Class com.google.common.collect.Maps$8                                                : loaded 2 times (x 82B)
Class jdk.internal.jimage.ImageReader$Directory                                       : loaded 2 times (x 84B)
Class org.jetbrains.plugins.gradle.model.GradleSourceSetDependencyModel               : loaded 2 times (x 70B)
Class com.google.common.collect.CompoundOrdering                                      : loaded 2 times (x 115B)
Class kotlin.sequences.SequencesKt__SequencesJVMKt                                    : loaded 2 times (x 71B)
Class kotlin.coroutines.jvm.internal.RestrictedSuspendLambda                          : loaded 2 times (x 91B)
Class org.gradle.tooling.internal.adapter.TypeInspector                               : loaded 2 times (x 73B)
Class org.gradle.tooling.internal.adapter.ProtocolToModelAdapter$NoOpDecoration       : loaded 2 times (x 79B)
Class org.gradle.tooling.model.Element                                                : loaded 2 times (x 70B)
Class kotlin.collections.AbstractList                                                 : loaded 2 times (x 197B)
Class kotlin.collections.AbstractCollection                                           : loaded 2 times (x 117B)
Class org.gradle.tooling.model.build.GradleEnvironment                                : loaded 2 times (x 70B)
Class org.jetbrains.kotlin.tooling.core.Extras                                        : loaded 2 times (x 70B)
Class com.google.common.collect.Sets$SetView                                          : loaded 2 times (x 138B)
Class com.google.common.cache.LocalCache$StrongValueReference                         : loaded 2 times (x 90B)
Class com.google.common.util.concurrent.AbstractFuture$SynchronizedHelper             : loaded 2 times (x 78B)
Class com.intellij.gradle.toolingExtension.impl.model.taskModel.GradleTaskSerialisationService: loaded 2 times (x 76B)
Class com.android.ide.gradle.model.LegacyV1AgpVersionModel                            : loaded 2 times (x 70B)
Class kotlin.text.Regex                                                               : loaded 2 times (x 72B)
Class kotlin.sequences.SequencesKt__SequenceBuilderKt$sequence$$inlined$Sequence$1    : loaded 2 times (x 75B)
Class kotlin.Triple                                                                   : loaded 2 times (x 72B)
Class org.objectweb.asm.Type                                                          : loaded 2 times (x 72B)
Class org.jetbrains.plugins.gradle.tooling.util.IntObjectMap$1                        : loaded 2 times (x 77B)
Class org.gradle.internal.impldep.com.google.common.base.Preconditions                : loaded 2 times (x 71B)
Class org.gradle.internal.classloader.VisitableURLClassLoader$InstrumentingVisitableURLClassLoader: loaded 2 times (x 123B)
Class org.objectweb.asm.ByteVector                                                    : loaded 2 times (x 79B)
Class [Lcom.google.common.cache.CacheBuilder$NullListener;                            : loaded 2 times (x 69B)
Class com.google.common.math.IntMath$1                                                : loaded 2 times (x 71B)
Class kotlin.ranges.RangesKt__RangesKt                                                : loaded 2 times (x 71B)
Class kotlin.collections.SetsKt___SetsKt                                              : loaded 2 times (x 71B)
Class kotlin.sequences.SequencesKt__SequencesKt                                       : loaded 2 times (x 71B)
Class kotlin.coroutines.Continuation                                                  : loaded 2 times (x 70B)
Class org.gradle.internal.classloader.VisitableURLClassLoader$Spec                    : loaded 2 times (x 74B)
Class org.gradle.internal.classpath.DefaultClassPath                                  : loaded 2 times (x 90B)
Class org.objectweb.asm.Symbol                                                        : loaded 2 times (x 73B)
Class jdk.internal.jimage.decompressor.ZipDecompressorFactory                         : loaded 2 times (x 74B)
Class org.jetbrains.plugins.gradle.model.GradleBuildScriptClasspathModel              : loaded 2 times (x 70B)
Class kotlin.coroutines.jvm.internal.BaseContinuationImpl                             : loaded 2 times (x 87B)
Class kotlin.Result$Companion                                                         : loaded 2 times (x 71B)
Class org.gradle.util.internal.DefaultGradleVersion                                   : loaded 2 times (x 80B)
Class com.google.common.base.CharMatcher$Ascii                                        : loaded 2 times (x 112B)
Class com.google.common.base.CharMatcher$BitSetMatcher                                : loaded 2 times (x 112B)
Class com.google.common.collect.RegularImmutableMap$Values                            : loaded 2 times (x 207B)
Class org.jetbrains.plugins.gradle.tooling.util.IntObjectMap$ObjectFactory            : loaded 2 times (x 70B)
Class org.gradle.internal.classloader.ClassLoaderSpec                                 : loaded 2 times (x 71B)
Class org.objectweb.asm.AnnotationWriter                                              : loaded 2 times (x 79B)
Class com.google.common.cache.CacheStats                                              : loaded 2 times (x 71B)
Class kotlin.jvm.internal.FunctionReferenceImpl                                       : loaded 2 times (x 122B)
Class kotlin.collections.CollectionsKt___CollectionsJvmKt                             : loaded 2 times (x 71B)
Class org.objectweb.asm.RecordComponentWriter                                         : loaded 2 times (x 78B)
Class com.google.common.util.concurrent.AbstractFuture$Listener                       : loaded 2 times (x 72B)
Class com.google.common.base.CharMatcher$Or                                           : loaded 2 times (x 112B)
Class Settings_gradle$1$1                                                             : loaded 2 times (x 74B)
Class kotlin.TuplesKt                                                                 : loaded 2 times (x 71B)
Class kotlin.jvm.internal.markers.KMutableIterable                                    : loaded 2 times (x 70B)
Class kotlin.sequences.SequencesKt___SequencesJvmKt                                   : loaded 2 times (x 71B)
Class org.gradle.tooling.internal.adapter.ProtocolToModelAdapter$DefaultViewBuilder   : loaded 2 times (x 80B)
Class kotlin.Unit                                                                     : loaded 2 times (x 71B)
Class org.objectweb.asm.Attribute                                                     : loaded 2 times (x 77B)
Class com.google.common.base.Supplier                                                 : loaded 2 times (x 70B)
Class kotlin.ranges.RangesKt                                                          : loaded 2 times (x 71B)
Class org.gradle.tooling.internal.adapter.ProtocolToModelAdapter$ViewGraphDetails$1   : loaded 2 times (x 77B)
Class org.gradle.internal.classloader.VisitableURLClassLoader                         : loaded 2 times (x 117B)
Class com.google.common.util.concurrent.AbstractFuture$Waiter                         : loaded 2 times (x 72B)
Class com.android.ide.common.repository.AgpVersion$Companion                          : loaded 2 times (x 71B)
Class Settings_gradle                                                                 : loaded 2 times (x 128B)
Class org.jetbrains.plugins.gradle.tooling.serialization.ExternalTestsSerializationService$ReadContext: loaded 2 times (x 72B)
Class kotlin.sequences.FlatteningSequence$iterator$1                                  : loaded 2 times (x 79B)
Class kotlin.jvm.functions.Function0                                                  : loaded 2 times (x 70B)
Class kotlin.collections.ArraysUtilJVM                                                : loaded 2 times (x 71B)
Class com.google.common.util.concurrent.ExecutionError                                : loaded 2 times (x 82B)
Class com.google.common.collect.ImmutableEnumSet                                      : loaded 2 times (x 146B)
Class org.gradle.tooling.model.idea.IdeaDependency                                    : loaded 2 times (x 70B)
Class com.google.common.base.Strings                                                  : loaded 2 times (x 71B)
Class com.google.common.collect.Sets                                                  : loaded 2 times (x 71B)
Class org.objectweb.asm.Handler                                                       : loaded 2 times (x 72B)
Class com.google.common.base.Ticker                                                   : loaded 2 times (x 72B)
Class com.google.common.base.CharMatcher$FastMatcher                                  : loaded 2 times (x 111B)
Class jdk.internal.jimage.decompressor.ZipDecompressor                                : loaded 2 times (x 75B)
Class kotlin.collections.AbstractMutableList                                          : loaded 2 times (x 206B)
Class kotlin.jvm.functions.Function1                                                  : loaded 2 times (x 70B)
Class [Lcom.google.common.cache.LocalCache$Segment;                                   : loaded 2 times (x 69B)
Class [Lcom.google.common.cache.LocalCache$Strength;                                  : loaded 2 times (x 69B)
Class com.google.common.cache.CacheBuilder$1                                          : loaded 2 times (x 85B)
Class com.android.builder.model.v2.models.VariantDependenciesAdjacencyList            : loaded 2 times (x 70B)
Class com.google.common.collect.ImmutableMap                                          : loaded 2 times (x 120B)
Class org.jetbrains.plugins.gradle.tooling.serialization.internal.IdeaProjectSerializationService$WriteContext: loaded 2 times (x 72B)
Class com.intellij.gradle.toolingExtension.impl.model.sourceSetDependencyModel.GradleSourceSetDependencySerialisationService: loaded 2 times (x 77B)
Class org.jetbrains.plugins.gradle.model.GradleSourceSetModel                         : loaded 2 times (x 70B)
Class kotlin.jvm.functions.Function2                                                  : loaded 2 times (x 70B)
Class org.gradle.internal.classpath.DefaultClassPath$ImmutableUniqueList$Builder      : loaded 2 times (x 75B)
Class org.gradle.internal.classloader.ClassLoaderHierarchy                            : loaded 2 times (x 70B)
Class com.google.common.cache.LocalCache                                              : loaded 2 times (x 187B)
Class com.google.common.cache.CacheBuilder$2                                          : loaded 2 times (x 79B)
Class com.google.common.base.CharMatcher$NegatedFastMatcher                           : loaded 2 times (x 113B)
Class com.android.ide.gradle.model.dependencies.Coordinates                           : loaded 2 times (x 70B)
Class kotlin.collections.MapsKt___MapsJvmKt                                           : loaded 2 times (x 71B)
Class org.gradle.tooling.internal.adapter.WeakIdentityHashMap$AbsentValueProvider     : loaded 2 times (x 70B)
Class com.google.common.collect.ArrayListMultimap                                     : loaded 2 times (x 172B)
Class com.google.common.cache.CacheBuilder$3                                          : loaded 2 times (x 72B)
Class [Lcom.google.common.collect.AbstractMapEntry;                                   : loaded 2 times (x 69B)
Class com.google.common.collect.ImmutableEntry                                        : loaded 2 times (x 82B)
Class org.jetbrains.plugins.gradle.tooling.util.ObjectCollector$Processor             : loaded 2 times (x 70B)
Class kotlin.annotation.Target                                                        : loaded 2 times (x 70B)
Class kotlin.collections.CollectionsKt___CollectionsKt                                : loaded 2 times (x 71B)
Class kotlin.collections.CollectionsKt__ReversedViewsKt                               : loaded 2 times (x 71B)
Class org.gradle.internal.exceptions.NonGradleCauseExceptionsHolder                   : loaded 2 times (x 70B)
Class org.gradle.tooling.model.idea.IdeaModuleDependency                              : loaded 2 times (x 70B)
Class org.gradle.tooling.internal.adapter.ViewBuilder                                 : loaded 2 times (x 70B)
Class com.google.common.collect.CollectPreconditions                                  : loaded 2 times (x 71B)
Class jdk.internal.jimage.ImageStrings                                                : loaded 2 times (x 70B)
Class org.jetbrains.plugins.gradle.model.AnnotationProcessingConfig                   : loaded 2 times (x 70B)
Class kotlin.reflect.KDeclarationContainer                                            : loaded 2 times (x 70B)
Class kotlin.annotation.Retention                                                     : loaded 2 times (x 70B)
Class com.android.builder.model.v2.models.Versions$Version                            : loaded 2 times (x 70B)
Class com.google.common.collect.SortedMapDifference                                   : loaded 2 times (x 70B)
Class org.jetbrains.plugins.gradle.tooling.ModelBuilderService$Parameter              : loaded 2 times (x 70B)
Class kotlin.collections.MapsKt___MapsKt                                              : loaded 2 times (x 71B)
Class kotlin.collections.ArraysKt___ArraysKt                                          : loaded 2 times (x 71B)
Class com.google.common.cache.LocalCache$EntryFactory                                 : loaded 2 times (x 83B)
Class org.gradle.internal.impldep.gnu.trove.TObjectIntProcedure                       : loaded 2 times (x 70B)
Class kotlin.collections.MapsKt__MapWithDefaultKt                                     : loaded 2 times (x 71B)
Class org.gradle.tooling.internal.adapter.ProtocolToModelAdapter$ReflectionMethodInvoker: loaded 2 times (x 76B)
Class org.jetbrains.kotlin.tooling.core.HasMutableExtras                              : loaded 2 times (x 70B)
Class com.google.common.cache.LocalCache$AbstractReferenceEntry                       : loaded 2 times (x 107B)
Class com.google.common.collect.NullsLastOrdering                                     : loaded 2 times (x 115B)
Class kotlin.collections.CollectionsKt__MutableCollectionsJVMKt                       : loaded 2 times (x 71B)
Class kotlin.sequences.SequencesKt__SequenceBuilderKt                                 : loaded 2 times (x 71B)
Class kotlin.enums.EnumEntriesKt                                                      : loaded 2 times (x 71B)
Class com.android.builder.model.v2.models.VariantDependencies                         : loaded 2 times (x 70B)
Class com.intellij.gradle.toolingExtension.impl.model.sourceSetModel.GradleSourceSetSerialisationService$Companion: loaded 2 times (x 71B)
Class org.objectweb.asm.SymbolTable                                                   : loaded 2 times (x 72B)
Class com.google.common.cache.CacheLoader$InvalidCacheLoadException                   : loaded 2 times (x 82B)
Class jdk.internal.jimage.BasicImageReader                                            : loaded 2 times (x 95B)
Class com.intellij.gradle.toolingExtension.model.repositoryModel.ProjectRepositoriesModel: loaded 2 times (x 70B)
Class org.jetbrains.plugins.gradle.model.GradleProperty                               : loaded 2 times (x 70B)
Class org.gradle.internal.classloader.SystemClassLoaderSpec                           : loaded 2 times (x 71B)
Class com.google.common.cache.LocalCache$StrongEntry                                  : loaded 2 times (x 108B)
Class com.google.common.util.concurrent.AbstractFuture$TrustedFuture                  : loaded 2 times (x 114B)
Class com.google.common.cache.LoadingCache                                            : loaded 2 times (x 70B)
Class kotlin.text.MatcherMatchResult$groups$1                                         : loaded 2 times (x 151B)
Class kotlin.collections.EmptyMap                                                     : loaded 2 times (x 108B)
Class kotlin.reflect.KAnnotatedElement                                                : loaded 2 times (x 70B)
Class kotlin.jvm.internal.markers.KMutableCollection                                  : loaded 2 times (x 70B)
Class kotlin.coroutines.intrinsics.IntrinsicsKt                                       : loaded 2 times (x 71B)
Class org.gradle.internal.exceptions.MultiCauseException                              : loaded 2 times (x 70B)
Class org.gradle.internal.time.CountdownTimer                                         : loaded 2 times (x 70B)
Class kotlin.jvm.internal.Intrinsics                                                  : loaded 2 times (x 71B)
Class org.objectweb.asm.MethodWriter                                                  : loaded 2 times (x 106B)
Class [Lcom.google.common.cache.Weigher;                                              : loaded 2 times (x 69B)
Class com.google.common.collect.RegularImmutableMap$BucketOverflowException           : loaded 2 times (x 82B)
Class jdk.internal.jrtfs.JrtFileSystem                                                : loaded 2 times (x 102B)
Class com.intellij.gradle.toolingExtension.impl.model.projectModel.GradleExternalProjectSerializationService$ReadContext: loaded 2 times (x 73B)
Class com.intellij.gradle.toolingExtension.impl.model.dependencyModel.DependencyWriteContext: loaded 2 times (x 72B)
Class kotlin.collections.MapsKt                                                       : loaded 2 times (x 71B)
Class kotlin.coroutines.intrinsics.CoroutineSingletons                                : loaded 2 times (x 79B)
Class kotlin.collections.CollectionsKt__IterablesKt                                   : loaded 2 times (x 71B)
Class org.gradle.tooling.model.ProjectModel                                           : loaded 2 times (x 70B)
Class jdk.internal.jimage.decompressor.CompressedResourceHeader                       : loaded 2 times (x 71B)
Class kotlin.sequences.SequenceBuilderIterator                                        : loaded 2 times (x 85B)
Class kotlin.KotlinNullPointerException                                               : loaded 2 times (x 83B)
Class com.google.common.collect.RegularImmutableBiMap                                 : loaded 2 times (x 149B)
Class com.google.common.cache.LocalCache$ValueReference                               : loaded 2 times (x 70B)
Class com.google.common.base.CharMatcher$Negated                                      : loaded 2 times (x 113B)
Class com.google.common.base.CharMatcher$Is                                           : loaded 2 times (x 111B)
Class org.jetbrains.plugins.gradle.model.tests.ExternalTestsModel                     : loaded 2 times (x 70B)
Class sync_studio_tooling5_b4uoizelykqrlohpshxayrlim                                  : loaded 2 times (x 179B)
Class kotlin.ranges.RangesKt___RangesKt                                               : loaded 2 times (x 71B)
Class org.gradle.tooling.model.idea.IdeaLanguageLevel                                 : loaded 2 times (x 70B)
Class org.gradle.tooling.internal.adapter.ProtocolToModelAdapter$SafeMethodInvoker    : loaded 2 times (x 76B)
Class org.gradle.tooling.internal.adapter.WeakIdentityHashMap$WeakKey                 : loaded 2 times (x 79B)
Class org.gradle.internal.exceptions.DefaultMultiCauseException                       : loaded 2 times (x 95B)
Class com.google.common.base.PatternCompiler                                          : loaded 2 times (x 70B)
Class com.google.common.util.concurrent.AbstractFuture$Failure                        : loaded 2 times (x 72B)
Class com.google.common.base.Equivalence$Equals                                       : loaded 2 times (x 82B)
Class com.google.common.collect.Hashing                                               : loaded 2 times (x 71B)
Class com.google.common.base.CharMatcher$IsEither                                     : loaded 2 times (x 111B)
Class com.intellij.gradle.toolingExtension.impl.model.projectModel.GradleExternalProjectSerializationService: loaded 2 times (x 77B)
Class kotlin.collections.ArrayDeque$Companion                                         : loaded 2 times (x 71B)
Class kotlin.collections.ArraysKt                                                     : loaded 2 times (x 71B)
Class org.gradle.tooling.model.HierarchicalElement                                    : loaded 2 times (x 70B)
Class org.gradle.internal.classloader.FilteringClassLoader                            : loaded 2 times (x 105B)
Class org.objectweb.asm.Label                                                         : loaded 2 times (x 73B)
Class org.objectweb.asm.CurrentFrame                                                  : loaded 2 times (x 73B)
Class org.objectweb.asm.ClassTooLargeException                                        : loaded 2 times (x 83B)
Class com.google.common.base.CharMatcher                                              : loaded 2 times (x 111B)
Class kotlin.NotImplementedError                                                      : loaded 2 times (x 82B)
Class org.jetbrains.plugins.gradle.tooling.serialization.ExternalTestsSerializationService: loaded 2 times (x 77B)
Class com.google.common.collect.ByFunctionOrdering                                    : loaded 2 times (x 115B)
Class kotlin.collections.SetsKt__SetsKt                                               : loaded 2 times (x 71B)
Class kotlin.coroutines.EmptyCoroutineContext                                         : loaded 2 times (x 77B)
Class org.gradle.internal.time.Time                                                   : loaded 2 times (x 71B)
Class com.android.builder.model.v2.models.ProjectGraph                                : loaded 2 times (x 70B)
Class kotlin.sequences.FlatteningSequence                                             : loaded 2 times (x 75B)
Class kotlin.text.MatcherMatchResult                                                  : loaded 2 times (x 80B)
Class org.objectweb.asm.Frame                                                         : loaded 2 times (x 73B)
Class org.objectweb.asm.MethodVisitor                                                 : loaded 2 times (x 105B)
Class com.google.common.cache.LocalCache$EntryFactory$1                               : loaded 2 times (x 83B)
Class [Lcom.google.common.cache.RemovalListener;                                      : loaded 2 times (x 69B)
Class com.google.common.base.CharMatcher$1                                            : loaded 2 times (x 113B)
Class com.google.common.base.CharMatcher$NamedFastMatcher                             : loaded 2 times (x 112B)
Class com.android.ide.common.repository.AgpVersion$PreviewKind                        : loaded 2 times (x 79B)
Class org.jetbrains.plugins.gradle.tooling.serialization.AnnotationProcessingModelSerializationService: loaded 2 times (x 77B)
Class kotlin.collections.ArraysKt__ArraysJVMKt                                        : loaded 2 times (x 71B)
Class kotlin.text.MatchGroupCollection                                                : loaded 2 times (x 70B)
Class com.google.common.cache.LocalCache$EntryFactory$2                               : loaded 2 times (x 83B)
Class org.jetbrains.plugins.gradle.model.DependencyAccessorsModel                     : loaded 2 times (x 70B)
Class [Lcom.intellij.openapi.externalSystem.model.project.dependencies.ResolutionState;: loaded 2 times (x 69B)
Class org.gradle.internal.impldep.gnu.trove.TObjectHash                               : loaded 2 times (x 94B)
Class kotlin.jvm.internal.CallableReference$NoReceiver                                : loaded 2 times (x 71B)
Class org.gradle.api.internal.classpath.GlobalCacheRootsProvider                      : loaded 2 times (x 70B)
Class com.google.common.collect.CollectCollectors                                     : loaded 2 times (x 71B)
Class org.objectweb.asm.ModuleWriter                                                  : loaded 2 times (x 82B)
Class com.google.common.cache.LocalCache$EntryFactory$3                               : loaded 2 times (x 83B)
Class com.google.common.base.Ticker$1                                                 : loaded 2 times (x 72B)
Class com.google.common.collect.Maps$BiMapConverter                                   : loaded 2 times (x 90B)
Class com.google.common.collect.ImmutableMapEntrySet$RegularEntrySet                  : loaded 2 times (x 152B)
Class org.jetbrains.kotlin.idea.gradleTooling.KotlinMPPGradleModel                    : loaded 2 times (x 70B)
Class com.intellij.gradle.toolingExtension.impl.model.dependencyDownloadPolicyModel.GradleDependencyDownloadPolicy: loaded 2 times (x 70B)
Class kotlin.NoWhenBranchMatchedException                                             : loaded 2 times (x 82B)
Class org.gradle.tooling.model.BuildIdentifier                                        : loaded 2 times (x 70B)
Class com.google.common.cache.LocalCache$EntryFactory$4                               : loaded 2 times (x 83B)
Class com.google.common.base.CharMatcher$InRange                                      : loaded 2 times (x 111B)
Class com.google.common.collect.ImmutableSet$Builder                                  : loaded 2 times (x 85B)
Class org.jetbrains.kotlin.idea.gradleTooling.PrepareKotlinIdeImportTaskModel         : loaded 2 times (x 70B)
Class com.android.builder.model.v2.models.VariantDependenciesFlatList                 : loaded 2 times (x 70B)
Class com.google.common.cache.LocalCache$EntryFactory$5                               : loaded 2 times (x 83B)
Class com.android.ide.gradle.model.GradlePluginModel                                  : loaded 2 times (x 70B)
Class com.google.common.collect.ReverseOrdering                                       : loaded 2 times (x 115B)
Class org.gradle.tooling.model.build.JavaEnvironment                                  : loaded 2 times (x 70B)
Class com.android.ide.gradle.model.dependencies.DeclaredDependencies                  : loaded 2 times (x 70B)
Class com.google.common.cache.LocalCache$EntryFactory$6                               : loaded 2 times (x 83B)
Class org.gradle.internal.time.Timer                                                  : loaded 2 times (x 70B)
Class kotlin.jvm.internal.markers.KMappedMarker                                       : loaded 2 times (x 70B)
Class org.gradle.internal.installation.CurrentGradleInstallationLocator               : loaded 2 times (x 71B)
Class com.google.common.collect.Maps$KeySet                                           : loaded 2 times (x 137B)
Class com.google.common.cache.LocalCache$EntryFactory$7                               : loaded 2 times (x 83B)
Class com.google.common.collect.ImmutableSet$EmptySetBuilderImpl                      : loaded 2 times (x 76B)
Class org.jetbrains.plugins.gradle.tooling.serialization.internal.IdeaProjectSerializationService$ReadContext: loaded 2 times (x 72B)
Class org.gradle.tooling.internal.adapter.ProtocolToModelAdapter$ViewGraphDetails     : loaded 2 times (x 72B)
Class org.gradle.tooling.model.idea.IdeaProject                                       : loaded 2 times (x 70B)
Class org.gradle.tooling.model.DomainObjectSet                                        : loaded 2 times (x 70B)
Class org.gradle.internal.service.DefaultServiceLocator                               : loaded 2 times (x 83B)
Class org.jetbrains.kotlin.util.capitalizeDecapitalize.CapitalizeDecapitalizeKt       : loaded 2 times (x 71B)
Class com.google.common.cache.LocalCache$EntryFactory$8                               : loaded 2 times (x 83B)
Class com.google.common.collect.RegularImmutableMap$KeySet                            : loaded 2 times (x 152B)
Class jdk.internal.jrtfs.JrtDirectoryStream                                           : loaded 2 times (x 89B)
Class kotlin.coroutines.jvm.internal.SuspendFunction                                  : loaded 2 times (x 70B)
Class org.gradle.util.GradleVersion                                                   : loaded 2 times (x 79B)
Class org.gradle.internal.installation.CurrentGradleInstallation                      : loaded 2 times (x 73B)
Class com.google.common.cache.CacheLoader$1                                           : loaded 2 times (x 75B)
Class com.google.common.collect.ForwardingObject                                      : loaded 2 times (x 72B)
Class com.google.common.base.Equivalence$Identity                                     : loaded 2 times (x 82B)
Class org.jetbrains.plugins.gradle.javaModel.JavaGradleManifestModel                  : loaded 2 times (x 70B)
Class org.jetbrains.plugins.gradle.tooling.serialization.GradleExtensionsSerializationService$WriteContext: loaded 2 times (x 72B)
Class com.intellij.gradle.toolingExtension.impl.model.taskModel.GradleTaskSerialisationService$Companion: loaded 2 times (x 71B)
Class kotlin.jvm.internal.StringCompanionObject                                       : loaded 2 times (x 71B)
Class kotlin.coroutines.intrinsics.IntrinsicsKt__IntrinsicsJvmKt                      : loaded 2 times (x 71B)
Class kotlin.coroutines.jvm.internal.CoroutineStackFrame                              : loaded 2 times (x 70B)
Class org.gradle.tooling.internal.adapter.ProtocolToModelAdapter$MethodInvocationCache$MethodInvocationKey: loaded 2 times (x 73B)
Class org.gradle.util.internal.GUtil                                                  : loaded 2 times (x 71B)
Class com.google.common.util.concurrent.AbstractFuture$SetFuture                      : loaded 2 times (x 75B)
Class com.google.common.cache.AbstractCache$StatsCounter                              : loaded 2 times (x 70B)
Class com.intellij.gradle.toolingExtension.impl.model.utilTurnOffDefaultTasksModel.TurnOffDefaultTasks: loaded 2 times (x 70B)
Class com.intellij.gradle.toolingExtension.impl.model.sourceSetModel.GradleSourceSetSerialisationService$SourceSetModelReadContext: loaded 2 times (x 72B)
Class kotlin.collections.CollectionsKt                                                : loaded 2 times (x 71B)
Class com.google.common.collect.UsingToStringOrdering                                 : loaded 2 times (x 114B)
Class com.google.common.base.PairwiseEquivalence                                      : loaded 2 times (x 83B)
Class com.intellij.gradle.toolingExtension.impl.model.sourceSetModel.GradleSourceSetSerialisationService$SourceSetModelWriteContext: loaded 2 times (x 72B)
Class kotlin.coroutines.CoroutineContext                                              : loaded 2 times (x 70B)
Class kotlin.coroutines.jvm.internal.DebugProbesKt                                    : loaded 2 times (x 71B)
Class org.gradle.tooling.internal.adapter.WeakIdentityHashMap                         : loaded 2 times (x 76B)
Class org.gradle.tooling.internal.adapter.ProtocolToModelAdapter$1                    : loaded 2 times (x 75B)
Class org.gradle.tooling.internal.adapter.ProtocolToModelAdapter$ViewDecoration       : loaded 2 times (x 70B)
Class org.gradle.internal.installation.GradleInstallation                             : loaded 2 times (x 75B)
Class com.google.common.collect.Iterables                                             : loaded 2 times (x 71B)
Class jdk.internal.jimage.decompressor.ResourceDecompressor$StringsProvider           : loaded 2 times (x 70B)
Class org.jetbrains.plugins.gradle.tooling.serialization.GradleExtensionsSerializationService$ReadContext: loaded 2 times (x 72B)
Class com.google.common.collect.LexicographicalOrdering                               : loaded 2 times (x 115B)
Class org.gradle.tooling.internal.adapter.MethodInvoker                               : loaded 2 times (x 70B)
Class org.jetbrains.plugins.gradle.tooling.serialization.RepositoriesModelSerializationService$WriteContext: loaded 2 times (x 72B)
Class com.android.ide.gradle.model.LegacyAndroidGradlePluginProperties                : loaded 2 times (x 70B)
Class kotlin.jvm.KotlinReflectionNotSupportedError                                    : loaded 2 times (x 82B)
Class org.gradle.tooling.model.gradle.GradleScript                                    : loaded 2 times (x 70B)

---------------  S Y S T E M  ---------------

OS:
 Windows 11 , 64 bit Build 26100 (10.0.26100.7920)
OS uptime: 11 days 23:34 hours
Hyper-V role detected

CPU: total 32 (initial active 32) (32 cores per cpu, 2 threads per core) family 25 model 97 stepping 2 microcode 0xa601203, cx8, cmov, fxsr, ht, mmx, 3dnowpref, sse, sse2, sse3, ssse3, sse4a, sse4.1, sse4.2, popcnt, lzcnt, tsc, tscinvbit, avx, avx2, aes, erms, clmul, bmi1, bmi2, adx, avx512f, avx512dq, avx512cd, avx512bw, avx512vl, sha, fma, vzeroupper, avx512_vpopcntdq, avx512_vpclmulqdq, avx512_vaes, avx512_vnni, clflush, clflushopt, avx512_vbmi2, avx512_vbmi, hv, rdtscp, rdpid, fsrm, gfni, avx512_bitalg, f16c, cet_ss, avx512_ifma
Processor Information for processor 0
  Max Mhz: 2501, Current Mhz: 2501, Mhz Limit: 2501
Processor Information for processor 1
  Max Mhz: 2501, Current Mhz: 2007, Mhz Limit: 2501
Processor Information for processor 2
  Max Mhz: 2501, Current Mhz: 2501, Mhz Limit: 2501
Processor Information for processor 3
  Max Mhz: 2501, Current Mhz: 2501, Mhz Limit: 2501
Processor Information for processor 4
  Max Mhz: 2501, Current Mhz: 2501, Mhz Limit: 2501
Processor Information for processor 5
  Max Mhz: 2501, Current Mhz: 2007, Mhz Limit: 2501
Processor Information for processor 6
  Max Mhz: 2501, Current Mhz: 2007, Mhz Limit: 2501
Processor Information for processor 7
  Max Mhz: 2501, Current Mhz: 2007, Mhz Limit: 2501
Processor Information for processor 8
  Max Mhz: 2501, Current Mhz: 2501, Mhz Limit: 2501
Processor Information for processor 9
  Max Mhz: 2501, Current Mhz: 2501, Mhz Limit: 2501
Processor Information for processor 10
  Max Mhz: 2501, Current Mhz: 2007, Mhz Limit: 2501
Processor Information for processor 11
  Max Mhz: 2501, Current Mhz: 2007, Mhz Limit: 2501
Processor Information for processor 12
  Max Mhz: 2501, Current Mhz: 2501, Mhz Limit: 2501
Processor Information for processor 13
  Max Mhz: 2501, Current Mhz: 2501, Mhz Limit: 2501
Processor Information for processor 14
  Max Mhz: 2501, Current Mhz: 2501, Mhz Limit: 2501
Processor Information for processor 15
  Max Mhz: 2501, Current Mhz: 2501, Mhz Limit: 2501
Processor Information for processor 16
  Max Mhz: 2501, Current Mhz: 2007, Mhz Limit: 2501
Processor Information for processor 17
  Max Mhz: 2501, Current Mhz: 2007, Mhz Limit: 2501
Processor Information for processor 18
  Max Mhz: 2501, Current Mhz: 2007, Mhz Limit: 2501
Processor Information for processor 19
  Max Mhz: 2501, Current Mhz: 2007, Mhz Limit: 2501
Processor Information for processor 20
  Max Mhz: 2501, Current Mhz: 2007, Mhz Limit: 2501
Processor Information for processor 21
  Max Mhz: 2501, Current Mhz: 2007, Mhz Limit: 2501
Processor Information for processor 22
  Max Mhz: 2501, Current Mhz: 2007, Mhz Limit: 2501
Processor Information for processor 23
  Max Mhz: 2501, Current Mhz: 2007, Mhz Limit: 2501
Processor Information for processor 24
  Max Mhz: 2501, Current Mhz: 2501, Mhz Limit: 2501
Processor Information for processor 25
  Max Mhz: 2501, Current Mhz: 2501, Mhz Limit: 2501
Processor Information for processor 26
  Max Mhz: 2501, Current Mhz: 2501, Mhz Limit: 2501
Processor Information for processor 27
  Max Mhz: 2501, Current Mhz: 2501, Mhz Limit: 2501
Processor Information for processor 28
  Max Mhz: 2501, Current Mhz: 2007, Mhz Limit: 2501
Processor Information for processor 29
  Max Mhz: 2501, Current Mhz: 2007, Mhz Limit: 2501
Processor Information for processor 30
  Max Mhz: 2501, Current Mhz: 2007, Mhz Limit: 2501
Processor Information for processor 31
  Max Mhz: 2501, Current Mhz: 2007, Mhz Limit: 2501

Memory: 4k page, system-wide physical 15540M (501M free)
TotalPageFile size 53940M (AvailPageFile size 1M)
current process WorkingSet (physical memory assigned to process): 858M, peak: 863M
current process commit charge ("private bytes"): 926M, peak: 932M

vm_info: OpenJDK 64-Bit Server VM (21.0.8+-14196175-b1038.72) for windows-amd64 JRE (21.0.8+-14196175-b1038.72), built on 2025-10-01T10:24:33Z by "builder" with MS VC++ 16.10 / 16.11 (VS2019)

END.
