#
# There is insufficient memory for the Java Runtime Environment to continue.
# Native memory allocation (mmap) failed to map 121634816 bytes. Error detail: G1 virtual space
# Possible reasons:
#   The system is out of physical RAM or swap space
#   This process is running with CompressedOops enabled, and the Java Heap may be blocking the growth of the native heap
# Possible solutions:
#   Reduce memory load on the system
#   Increase physical memory or swap space
#   Check if swap backing store is full
#   Decrease Java heap size (-Xmx/-Xms)
#   Decrease number of Java threads
#   Decrease Java thread stack sizes (-Xss)
#   Set larger code cache with -XX:ReservedCodeCacheSize=
#   JVM is running with Unscaled Compressed Oops mode in which the Java heap is
#     placed in the first 4GB address space. The Java Heap base address is the
#     maximum limit for the native heap growth. Please use -XX:HeapBaseMinAddress
#     to set the Java Heap base and to place the Java Heap above 4GB virtual address.
# This output file may be truncated or incomplete.
#
#  Out of Memory Error (os_windows.cpp:3925), pid=288736, tid=285488
#
# JRE version: OpenJDK Runtime Environment (21.0.8) (build 21.0.8+-14196175-b1038.72)
# Java VM: OpenJDK 64-Bit Server VM (21.0.8+-14196175-b1038.72, mixed mode, tiered, compressed oops, compressed class ptrs, g1 gc, windows-amd64)
# No core dump will be written. Minidumps are not enabled by default on client versions of Windows
#

---------------  S U M M A R Y ------------

Command Line: --add-opens=java.base/java.lang=ALL-UNNAMED --add-opens=java.base/java.lang.invoke=ALL-UNNAMED --add-opens=java.base/java.util=ALL-UNNAMED --add-opens=java.prefs/java.util.prefs=ALL-UNNAMED --add-exports=jdk.compiler/com.sun.tools.javac.api=ALL-UNNAMED --add-exports=jdk.compiler/com.sun.tools.javac.util=ALL-UNNAMED --add-opens=java.base/java.util=ALL-UNNAMED --add-opens=java.prefs/java.util.prefs=ALL-UNNAMED --add-opens=java.base/java.nio.charset=ALL-UNNAMED --add-opens=java.base/java.net=ALL-UNNAMED --add-opens=java.base/java.util.concurrent.atomic=ALL-UNNAMED --add-opens=java.xml/javax.xml.namespace=ALL-UNNAMED -Xmx1024m -Dfile.encoding=UTF-8 -Duser.country=CN -Duser.language=zh -Duser.variant -javaagent:C:\Users\30720\.gradle\wrapper\dists\gradle-8.13-bin\5xuhj0ry160q40clulazy9h7d\gradle-8.13\lib\agents\gradle-instrumentation-agent-8.13.jar org.gradle.launcher.daemon.bootstrap.GradleDaemon 8.13

Host: AMD Ryzen 9 7945HX with Radeon Graphics        , 32 cores, 15G,  Windows 11 , 64 bit Build 26100 (10.0.26100.7920)
Time: Thu Apr 16 19:37:19 2026 elapsed time: 23.553381 seconds (0d 0h 0m 23s)

---------------  T H R E A D  ---------------

Current thread (0x0000029f1e3f4f20):  VMThread "VM Thread"          [id=285488, stack(0x000000fc72100000,0x000000fc72200000) (1024K)]

Stack: [0x000000fc72100000,0x000000fc72200000]
Native frames: (J=compiled Java code, j=interpreted, Vv=VM code, C=native code)
V  [jvm.dll+0x6d68d9]
V  [jvm.dll+0x866693]
V  [jvm.dll+0x868c4e]
V  [jvm.dll+0x869333]
V  [jvm.dll+0x280566]
V  [jvm.dll+0x6d3195]
V  [jvm.dll+0x6c69ea]
V  [jvm.dll+0x3586db]
V  [jvm.dll+0x360336]
V  [jvm.dll+0x3b23f6]
V  [jvm.dll+0x3b26c8]
V  [jvm.dll+0x32ae6c]
V  [jvm.dll+0x32aef7]
V  [jvm.dll+0x370d3c]
V  [jvm.dll+0x36f4ee]
V  [jvm.dll+0x32a5c1]
V  [jvm.dll+0x36ebf0]
V  [jvm.dll+0x86f0b8]
V  [jvm.dll+0x870434]
V  [jvm.dll+0x870970]
V  [jvm.dll+0x870c03]
V  [jvm.dll+0x80eac8]
V  [jvm.dll+0x6d512d]
C  [ucrtbase.dll+0x37b0]
C  [KERNEL32.DLL+0x2e8d7]
C  [ntdll.dll+0x8c48c]

VM_Operation (0x000000fc7affa1a0): G1CollectForAllocation, mode: safepoint, requested by thread 0x0000029f247ccbe0


---------------  P R O C E S S  ---------------

Threads class SMR info:
_java_thread_list=0x0000029f23351c20, length=434, elements={
0x0000029f03cb7c70, 0x0000029f1e45e0d0, 0x0000029f1e461c00, 0x0000029f1e473430,
0x0000029f1e490490, 0x0000029f1e49a230, 0x0000029f1e49c370, 0x0000029f1e49cdd0,
0x0000029f1e4a66e0, 0x0000029f1e4d4820, 0x0000029f1e4d3a80, 0x0000029f1e4d4ef0,
0x0000029f231da140, 0x0000029f249d3870, 0x0000029f24c35e10, 0x0000029f24ae6430,
0x0000029f24acfbe0, 0x0000029f24ad5c00, 0x0000029f24b1c1b0, 0x0000029f24a9ee70,
0x0000029f24af0830, 0x0000029f24aefb10, 0x0000029f24aef480, 0x0000029f24aeedf0,
0x0000029f24af01a0, 0x0000029f24af0ec0, 0x0000029f24af1550, 0x0000029f24af1be0,
0x0000029f26c5d590, 0x0000029f26c5dc20, 0x0000029f26c5e2b0, 0x0000029f26c5cf00,
0x0000029f1e4d2ce0, 0x0000029f1e4d1f40, 0x0000029f26c5e940, 0x0000029f26c5b4c0,
0x0000029f26c5efd0, 0x0000029f26c5bb50, 0x0000029f26c5f660, 0x0000029f26c5fcf0,
0x0000029f26c5c870, 0x0000029f26c610a0, 0x0000029f26c61730, 0x0000029f26c60380,
0x0000029f26c62450, 0x0000029f26c60a10, 0x0000029f26c61dc0, 0x0000029f276b9780,
0x0000029f276b90f0, 0x0000029f276b7020, 0x0000029f276b6990, 0x0000029f276ba4a0,
0x0000029f276b8a60, 0x0000029f276b7d40, 0x0000029f276b9e10, 0x0000029f276bab30,
0x0000029f276b76b0, 0x0000029f276bb1c0, 0x0000029f276bb850, 0x0000029f276bcc00,
0x0000029f2540c130, 0x0000029f2540e200, 0x0000029f2540d4e0, 0x0000029f2540f5b0,
0x0000029f2540db70, 0x0000029f2540e890, 0x0000029f2540ef20, 0x0000029f2540fc40,
0x0000029f2540c7c0, 0x0000029f254102d0, 0x0000029f2540ce50, 0x0000029f25411d10,
0x0000029f25413750, 0x0000029f254130c0, 0x0000029f25410ff0, 0x0000029f254123a0,
0x0000029f25410960, 0x0000029f25411680, 0x0000029f25412a30, 0x0000029f2328fa60,
0x0000029f2328cc70, 0x0000029f2328e020, 0x0000029f2328ed40, 0x0000029f2328f3d0,
0x0000029f232900f0, 0x0000029f2328e6b0, 0x0000029f23290780, 0x0000029f2328d300,
0x0000029f2328d990, 0x0000029f23294290, 0x0000029f23292850, 0x0000029f23290e10,
0x0000029f23293c00, 0x0000029f23292ee0, 0x0000029f232914a0, 0x0000029f23291b30,
0x0000029f23293570, 0x0000029f232921c0, 0x0000029f247c7000, 0x0000029f247c9df0,
0x0000029f247c83b0, 0x0000029f247c9760, 0x0000029f247ca480, 0x0000029f247cab10,
0x0000029f247c7690, 0x0000029f247cb1a0, 0x0000029f247c7d20, 0x0000029f247cb830,
0x0000029f247cbec0, 0x0000029f247c8a40, 0x0000029f247cc550, 0x0000029f247c90d0,
0x0000029f247cd900, 0x0000029f247ccbe0, 0x0000029f247cdf90, 0x0000029f247cd270,
0x0000029f247ce620, 0x0000029f274ae250, 0x0000029f274ab460, 0x0000029f274ad530,
0x0000029f274abaf0, 0x0000029f274adbc0, 0x0000029f274aadd0, 0x0000029f274ac810,
0x0000029f274ae8e0, 0x0000029f274aef70, 0x0000029f274af600, 0x0000029f274ac180,
0x0000029f274afc90, 0x0000029f274b0320, 0x0000029f274acea0, 0x0000029f274b09b0,
0x0000029f274b1040, 0x0000029f274b16d0, 0x0000029f274b1d60, 0x0000029f274b23f0,
0x0000029f26321cc0, 0x0000029f2631fbf0, 0x0000029f2631f560, 0x0000029f26323700,
0x0000029f263229e0, 0x0000029f26320280, 0x0000029f26323d90, 0x0000029f26323070,
0x0000029f26320fa0, 0x0000029f26321630, 0x0000029f26320910, 0x0000029f26324420,
0x0000029f26324ab0, 0x0000029f26325140, 0x0000029f263257d0, 0x0000029f26322350,
0x0000029f23561160, 0x0000029f23560ad0, 0x0000029f2e824740, 0x0000029f26432a60,
0x0000029f2e828f70, 0x0000029f2e828250, 0x0000029f2e8288e0, 0x0000029f2e829c90,
0x0000029f2e829600, 0x0000029f2e82a320, 0x0000029f2e827530, 0x0000029f2e82de30,
0x0000029f2e82d7a0, 0x0000029f2e82d110, 0x0000029f2e82b6d0, 0x0000029f2e82e4c0,
0x0000029f2e82b040, 0x0000029f2e82eb50, 0x0000029f2e82ca80, 0x0000029f2e82f1e0,
0x0000029f2e82f870, 0x0000029f2e82c3f0, 0x0000029f2e82ff00, 0x0000029f2e830590,
0x0000029f2e830c20, 0x0000029f2e8312b0, 0x0000029f2e831940, 0x0000029f2e831fd0,
0x0000029f2355f090, 0x0000029f2355dce0, 0x0000029f235617f0, 0x0000029f23562ba0,
0x0000029f2355fdb0, 0x0000029f23563230, 0x0000029f23564c70, 0x0000029f23565300,
0x0000029f235638c0, 0x0000029f2f107bb0, 0x0000029f2f10b6c0, 0x0000029f2f10de20,
0x0000029f2f10d790, 0x0000029f2f10eb40, 0x0000029f2f10ca70, 0x0000029f2f10e4b0,
0x0000029f2f10f1d0, 0x0000029f2f10bd50, 0x0000029f2f10f860, 0x0000029f2f10c3e0,
0x0000029f2f110580, 0x0000029f2f111930, 0x0000029f2f10d100, 0x0000029f2f10fef0,
0x0000029f2f110c10, 0x0000029f2f111fc0, 0x0000029f2f1112a0, 0x0000029f2e47e170,
0x0000029f2e47fbb0, 0x0000029f2e47ee90, 0x0000029f2e47f520, 0x0000029f2e47e800,
0x0000029f2e47d450, 0x0000029f2e47c730, 0x0000029f2e47dae0, 0x0000029f2e480240,
0x0000029f2e47cdc0, 0x0000029f2e4815f0, 0x0000029f2e483d50, 0x0000029f2e481c80,
0x0000029f2f106e90, 0x0000029f2f103a10, 0x0000029f2f104dc0, 0x0000029f2f107520,
0x0000029f2f104730, 0x0000029f2f109c80, 0x0000029f2f10b030, 0x0000029f2f108240,
0x0000029f2f10a310, 0x0000029f2f1088d0, 0x0000029f2f108f60, 0x0000029f2f1095f0,
0x0000029f2f112650, 0x0000029f23563f50, 0x0000029f23562510, 0x0000029f26325e60,
0x0000029f263264f0, 0x0000029f2e82bd60, 0x0000029f30db7e90, 0x0000029f30db8bb0,
0x0000029f30db6ae0, 0x0000029f30db8520, 0x0000029f30db5730, 0x0000029f30db7170,
0x0000029f30db7800, 0x0000029f30db9240, 0x0000029f30db5dc0, 0x0000029f30db98d0,
0x0000029f30db6450, 0x0000029f30dbc6c0, 0x0000029f30dba5f0, 0x0000029f30dbb310,
0x0000029f30dbe100, 0x0000029f30dbd3e0, 0x0000029f30dbb9a0, 0x0000029f30dbda70,
0x0000029f30dbac80, 0x0000029f30dbe790, 0x0000029f30dbee20, 0x0000029f30dbf4b0,
0x0000029f30dbc030, 0x0000029f30dc2930, 0x0000029f30dc2fc0, 0x0000029f30dc22a0,
0x0000029f30dbfb40, 0x0000029f30dc3650, 0x0000029f30dc01d0, 0x0000029f30dc3ce0,
0x0000029f30dc0ef0, 0x0000029f30dc0860, 0x0000029f30dc4a00, 0x0000029f30dc4370,
0x0000029f30dc1580, 0x0000029f30dc1c10, 0x0000029f2eee2040, 0x0000029f2eee0600,
0x0000029f2eee26d0, 0x0000029f2eee0c90, 0x0000029f2eee1320, 0x0000029f2eee19b0,
0x0000029f2eee2d60, 0x0000029f2eee33f0, 0x0000029f2eedff70, 0x0000029f2eee54c0,
0x0000029f2eee6f00, 0x0000029f264345a0, 0x0000029f2eee3a80, 0x0000029f2eef0c80,
0x0000029f2eef4790, 0x0000029f2eef1310, 0x0000029f2eef54b0, 0x0000029f2eef61d0,
0x0000029f2eef6ef0, 0x0000029f2eef4e20, 0x0000029f2eef5b40, 0x0000029f2eef7580,
0x0000029f2eef7c10, 0x0000029f2eef8fc0, 0x0000029f2eef8930, 0x0000029f2eef9650,
0x0000029f2eef9ce0, 0x0000029f2eef6860, 0x0000029f2eefbdb0, 0x0000029f2eefc440,
0x0000029f2eefcad0, 0x0000029f2eefaa00, 0x0000029f2eefb090, 0x0000029f2eefd7f0,
0x0000029f2eefb720, 0x0000029f2eefd160, 0x0000029f2eefa370, 0x0000029f2eefe510,
0x0000029f2eeff230, 0x0000029f2eefeba0, 0x0000029f2e4836c0, 0x0000029f2e4808d0,
0x0000029f2e4864b0, 0x0000029f2e4871d0, 0x0000029f2e485e20, 0x0000029f2e486b40,
0x0000029f2e487860, 0x0000029f2e484a70, 0x0000029f2e487ef0, 0x0000029f2e488580,
0x0000029f2e485100, 0x0000029f2e488c10, 0x0000029f2e485790, 0x0000029f2e48ace0,
0x0000029f2e489930, 0x0000029f2e48ba00, 0x0000029f2e48b370, 0x0000029f2e4892a0,
0x0000029f2e489fc0, 0x0000029f2e48a650, 0x0000029f2eee47a0, 0x0000029f2eee7590,
0x0000029f2eeea380, 0x0000029f2eee8fd0, 0x0000029f2eee9660, 0x0000029f2eeeb0a0,
0x0000029f2eee9cf0, 0x0000029f2eeeaa10, 0x0000029f2eee7c20, 0x0000029f2eeeb730,
0x0000029f2eee8940, 0x0000029f2eee82b0, 0x0000029f2eeee520, 0x0000029f2eeed800,
0x0000029f2eeede90, 0x0000029f2eeecae0, 0x0000029f2eeeebb0, 0x0000029f2eeef240,
0x0000029f2eeebdc0, 0x0000029f2eef05f0, 0x0000029f2eeed170, 0x0000029f2eef19a0,
0x0000029f2eef3a70, 0x0000029f2eef4100, 0x0000029f2eef2030, 0x0000029f2eef26c0,
0x0000029f2eef2d50, 0x0000029f2eefde80, 0x0000029f2f106800, 0x0000029f2f105450,
0x0000029f2f105ae0, 0x0000029f2f106170, 0x0000029f2f103380, 0x0000029f2f1040a0,
0x0000029f2f10a9a0, 0x0000029f30dfff40, 0x0000029f30e02010, 0x0000029f30e01980,
0x0000029f30e005d0, 0x0000029f30dff8b0, 0x0000029f30dff220, 0x0000029f30e02d30,
0x0000029f30e026a0, 0x0000029f30e012f0, 0x0000029f30e040e0, 0x0000029f30e00c60,
0x0000029f30e04e00, 0x0000029f30e04770, 0x0000029f30e06ed0, 0x0000029f30e061b0,
0x0000029f30e05b20, 0x0000029f30e07560, 0x0000029f30e08280, 0x0000029f30e06840,
0x0000029f30e08910, 0x0000029f30e07bf0, 0x0000029f30e05490, 0x0000029f30e08fa0,
0x0000029f30e0c420, 0x0000029f30e0b700, 0x0000029f30e09cc0, 0x0000029f30e0bd90,
0x0000029f30e09630, 0x0000029f30e0a350, 0x0000029f30e0cab0, 0x0000029f30e0a9e0,
0x0000029f30e0e4f0, 0x0000029f30e0d140, 0x0000029f30e0b070, 0x0000029f30e0f8a0,
0x0000029f30e0ff30, 0x0000029f30e10c50, 0x0000029f30e0de60, 0x0000029f30e0eb80,
0x0000029f30e0f210, 0x0000029f30e0d7d0, 0x0000029f30e12000, 0x0000029f30e11970,
0x0000029f30e133b0, 0x0000029f30e12690, 0x0000029f30e13a40, 0x0000029f30e12d20,
0x0000029f30e140d0, 0x0000029f30e14760, 0x0000029f30e112e0, 0x0000029f30e18270,
0x0000029f30e161a0, 0x0000029f30e14df0, 0x0000029f30e18900, 0x0000029f30e15b10,
0x0000029f30e16830, 0x0000029f30e15480, 0x0000029f30e17550, 0x0000029f30e16ec0,
0x0000029f30e17be0, 0x0000029f30e18f90, 0x0000029f30e19cb0, 0x0000029f30e1a340,
0x0000029f30e1a9d0, 0x0000029f30e1c410
}

Java Threads: ( => current thread )
  0x0000029f03cb7c70 JavaThread "main"                              [_thread_blocked, id=274260, stack(0x000000fc71a00000,0x000000fc71b00000) (1024K)]
  0x0000029f1e45e0d0 JavaThread "Common-Cleaner"             daemon [_thread_blocked, id=290296, stack(0x000000fc72200000,0x000000fc72300000) (1024K)]
  0x0000029f1e461c00 JavaThread "Reference Handler"          daemon [_thread_blocked, id=284972, stack(0x000000fc72300000,0x000000fc72400000) (1024K)]
  0x0000029f1e473430 JavaThread "Finalizer"                  daemon [_thread_blocked, id=284500, stack(0x000000fc72400000,0x000000fc72500000) (1024K)]
  0x0000029f1e490490 JavaThread "Signal Dispatcher"          daemon [_thread_blocked, id=281252, stack(0x000000fc72500000,0x000000fc72600000) (1024K)]
  0x0000029f1e49a230 JavaThread "Attach Listener"            daemon [_thread_blocked, id=289872, stack(0x000000fc72600000,0x000000fc72700000) (1024K)]
  0x0000029f1e49c370 JavaThread "Service Thread"             daemon [_thread_blocked, id=289992, stack(0x000000fc72700000,0x000000fc72800000) (1024K)]
  0x0000029f1e49cdd0 JavaThread "Monitor Deflation Thread"   daemon [_thread_blocked, id=284644, stack(0x000000fc72800000,0x000000fc72900000) (1024K)]
  0x0000029f1e4a66e0 JavaThread "C2 CompilerThread0"         daemon [_thread_blocked, id=278988, stack(0x000000fc72900000,0x000000fc72a00000) (1024K)]
  0x0000029f1e4d4820 JavaThread "C1 CompilerThread0"         daemon [_thread_blocked, id=293180, stack(0x000000fc72a00000,0x000000fc72b00000) (1024K)]
  0x0000029f1e4d3a80 JavaThread "C1 CompilerThread1"         daemon [_thread_blocked, id=278620, stack(0x000000fc72b00000,0x000000fc72c00000) (1024K)]
  0x0000029f1e4d4ef0 JavaThread "C1 CompilerThread2"         daemon [_thread_blocked, id=290140, stack(0x000000fc72c00000,0x000000fc72d00000) (1024K)]
  0x0000029f231da140 JavaThread "Notification Thread"        daemon [_thread_blocked, id=283912, stack(0x000000fc72d00000,0x000000fc72e00000) (1024K)]
  0x0000029f249d3870 JavaThread "Daemon health stats"               [_thread_blocked, id=277052, stack(0x000000fc73300000,0x000000fc73400000) (1024K)]
  0x0000029f24c35e10 JavaThread "Incoming local TCP Connector on port 54342"        [_thread_in_native, id=269676, stack(0x000000fc73900000,0x000000fc73a00000) (1024K)]
  0x0000029f24ae6430 JavaThread "Daemon periodic checks"            [_thread_blocked, id=293608, stack(0x000000fc73a00000,0x000000fc73b00000) (1024K)]
  0x0000029f24acfbe0 JavaThread "Daemon"                            [_thread_blocked, id=290332, stack(0x000000fc73b00000,0x000000fc73c00000) (1024K)]
  0x0000029f24ad5c00 JavaThread "Handler for socket connection from /127.0.0.1:54342 to /127.0.0.1:54343"        [_thread_in_native, id=272296, stack(0x000000fc73c00000,0x000000fc73d00000) (1024K)]
  0x0000029f24b1c1b0 JavaThread "Cancel handler"                    [_thread_blocked, id=265392, stack(0x000000fc73d00000,0x000000fc73e00000) (1024K)]
  0x0000029f24a9ee70 JavaThread "Daemon worker"                     [_thread_blocked, id=291372, stack(0x000000fc73e00000,0x000000fc73f00000) (1024K)]
  0x0000029f24af0830 JavaThread "Asynchronous log dispatcher for DefaultDaemonConnection: socket connection from /127.0.0.1:54342 to /127.0.0.1:54343"        [_thread_blocked, id=267052, stack(0x000000fc73f00000,0x000000fc74000000) (1024K)]
  0x0000029f24aefb10 JavaThread "Stdin handler"                     [_thread_blocked, id=272196, stack(0x000000fc74000000,0x000000fc74100000) (1024K)]
  0x0000029f24aef480 JavaThread "Daemon client event forwarder"        [_thread_blocked, id=280672, stack(0x000000fc74100000,0x000000fc74200000) (1024K)]
  0x0000029f24aeedf0 JavaThread "Cache worker for journal cache (C:\Users\30720\.gradle\caches\journal-1)"        [_thread_blocked, id=268316, stack(0x000000fc75300000,0x000000fc75400000) (1024K)]
  0x0000029f24af01a0 JavaThread "File lock request listener"        [_thread_in_native, id=278992, stack(0x000000fc75400000,0x000000fc75500000) (1024K)]
  0x0000029f24af0ec0 JavaThread "Cache worker for file hash cache (C:\Users\30720\.gradle\caches\8.13\fileHashes)"        [_thread_blocked, id=292136, stack(0x000000fc75500000,0x000000fc75600000) (1024K)]
  0x0000029f24af1550 JavaThread "Cache worker for file hash cache (D:\AndroidStudioProjects\XiaoYi\.gradle\8.13\fileHashes)"        [_thread_blocked, id=267964, stack(0x000000fc75700000,0x000000fc75800000) (1024K)]
  0x0000029f24af1be0 JavaThread "Cache worker for Build Output Cleanup Cache (D:\AndroidStudioProjects\XiaoYi\.gradle\buildOutputCleanup)"        [_thread_blocked, id=284508, stack(0x000000fc75800000,0x000000fc75900000) (1024K)]
  0x0000029f26c5d590 JavaThread "File watcher server"        daemon [_thread_blocked, id=288824, stack(0x000000fc75900000,0x000000fc75a00000) (1024K)]
  0x0000029f26c5dc20 JavaThread "File watcher consumer"      daemon [_thread_blocked, id=266908, stack(0x000000fc75a00000,0x000000fc75b00000) (1024K)]
  0x0000029f26c5e2b0 JavaThread "jar transforms"                    [_thread_blocked, id=278452, stack(0x000000fc75b00000,0x000000fc75c00000) (1024K)]
  0x0000029f26c5cf00 JavaThread "jar transforms Thread 2"           [_thread_blocked, id=279836, stack(0x000000fc75c00000,0x000000fc75d00000) (1024K)]
  0x0000029f1e4d2ce0 JavaThread "C1 CompilerThread3"         daemon [_thread_blocked, id=292300, stack(0x000000fc75d00000,0x000000fc75e00000) (1024K)]
  0x0000029f1e4d1f40 JavaThread "C1 CompilerThread4"         daemon [_thread_blocked, id=271544, stack(0x000000fc75e00000,0x000000fc75f00000) (1024K)]
  0x0000029f26c5e940 JavaThread "Cache worker for checksums cache (D:\AndroidStudioProjects\XiaoYi\.gradle\8.13\checksums)"        [_thread_blocked, id=280980, stack(0x000000fc75f00000,0x000000fc76000000) (1024K)]
  0x0000029f26c5b4c0 JavaThread "Cache worker for file content cache (C:\Users\30720\.gradle\caches\8.13\fileContent)"        [_thread_blocked, id=270264, stack(0x000000fc76000000,0x000000fc76100000) (1024K)]
  0x0000029f26c5efd0 JavaThread "jar transforms Thread 3"           [_thread_blocked, id=269980, stack(0x000000fc76100000,0x000000fc76200000) (1024K)]
  0x0000029f26c5bb50 JavaThread "Cache worker for cache directory md-supplier (C:\Users\30720\.gradle\caches\8.13\md-supplier)"        [_thread_blocked, id=273284, stack(0x000000fc76200000,0x000000fc76300000) (1024K)]
  0x0000029f26c5f660 JavaThread "Cache worker for cache directory md-rule (C:\Users\30720\.gradle\caches\8.13\md-rule)"        [_thread_blocked, id=288204, stack(0x000000fc76300000,0x000000fc76400000) (1024K)]
  0x0000029f26c5fcf0 JavaThread "Unconstrained build operations"        [_thread_blocked, id=279484, stack(0x000000fc76400000,0x000000fc76500000) (1024K)]
  0x0000029f26c5c870 JavaThread "Unconstrained build operations Thread 2"        [_thread_blocked, id=289064, stack(0x000000fc76500000,0x000000fc76600000) (1024K)]
  0x0000029f26c610a0 JavaThread "Unconstrained build operations Thread 3"        [_thread_blocked, id=291244, stack(0x000000fc76600000,0x000000fc76700000) (1024K)]
  0x0000029f26c61730 JavaThread "Unconstrained build operations Thread 4"        [_thread_blocked, id=289788, stack(0x000000fc76700000,0x000000fc76800000) (1024K)]
  0x0000029f26c60380 JavaThread "Unconstrained build operations Thread 5"        [_thread_blocked, id=273484, stack(0x000000fc76800000,0x000000fc76900000) (1024K)]
  0x0000029f26c62450 JavaThread "Unconstrained build operations Thread 6"        [_thread_blocked, id=287700, stack(0x000000fc76900000,0x000000fc76a00000) (1024K)]
  0x0000029f26c60a10 JavaThread "Unconstrained build operations Thread 7"        [_thread_blocked, id=268624, stack(0x000000fc76a00000,0x000000fc76b00000) (1024K)]
  0x0000029f26c61dc0 JavaThread "Unconstrained build operations Thread 8"        [_thread_blocked, id=272236, stack(0x000000fc76b00000,0x000000fc76c00000) (1024K)]
  0x0000029f276b9780 JavaThread "Unconstrained build operations Thread 9"        [_thread_blocked, id=270112, stack(0x000000fc76c00000,0x000000fc76d00000) (1024K)]
  0x0000029f276b90f0 JavaThread "Unconstrained build operations Thread 10"        [_thread_blocked, id=288380, stack(0x000000fc76d00000,0x000000fc76e00000) (1024K)]
  0x0000029f276b7020 JavaThread "jar transforms Thread 4"           [_thread_blocked, id=291464, stack(0x000000fc76e00000,0x000000fc76f00000) (1024K)]
  0x0000029f276b6990 JavaThread "jar transforms Thread 5"           [_thread_blocked, id=285252, stack(0x000000fc76f00000,0x000000fc77000000) (1024K)]
  0x0000029f276ba4a0 JavaThread "Unconstrained build operations Thread 11"        [_thread_blocked, id=264920, stack(0x000000fc77000000,0x000000fc77100000) (1024K)]
  0x0000029f276b8a60 JavaThread "Unconstrained build operations Thread 12"        [_thread_blocked, id=279040, stack(0x000000fc77100000,0x000000fc77200000) (1024K)]
  0x0000029f276b7d40 JavaThread "Unconstrained build operations Thread 13"        [_thread_blocked, id=278112, stack(0x000000fc77200000,0x000000fc77300000) (1024K)]
  0x0000029f276b9e10 JavaThread "Unconstrained build operations Thread 14"        [_thread_blocked, id=271956, stack(0x000000fc77300000,0x000000fc77400000) (1024K)]
  0x0000029f276bab30 JavaThread "Unconstrained build operations Thread 15"        [_thread_blocked, id=276708, stack(0x000000fc77400000,0x000000fc77500000) (1024K)]
  0x0000029f276b76b0 JavaThread "jar transforms Thread 6"           [_thread_blocked, id=285608, stack(0x000000fc77500000,0x000000fc77600000) (1024K)]
  0x0000029f276bb1c0 JavaThread "jar transforms Thread 7"           [_thread_blocked, id=264628, stack(0x000000fc77600000,0x000000fc77700000) (1024K)]
  0x0000029f276bb850 JavaThread "jar transforms Thread 8"           [_thread_blocked, id=293488, stack(0x000000fc77700000,0x000000fc77800000) (1024K)]
  0x0000029f276bcc00 JavaThread "Unconstrained build operations Thread 16"        [_thread_blocked, id=267220, stack(0x000000fc77900000,0x000000fc77a00000) (1024K)]
  0x0000029f2540c130 JavaThread "Unconstrained build operations Thread 17"        [_thread_blocked, id=285900, stack(0x000000fc77a00000,0x000000fc77b00000) (1024K)]
  0x0000029f2540e200 JavaThread "Unconstrained build operations Thread 18"        [_thread_blocked, id=264436, stack(0x000000fc77b00000,0x000000fc77c00000) (1024K)]
  0x0000029f2540d4e0 JavaThread "Unconstrained build operations Thread 19"        [_thread_blocked, id=285728, stack(0x000000fc77c00000,0x000000fc77d00000) (1024K)]
  0x0000029f2540f5b0 JavaThread "Unconstrained build operations Thread 20"        [_thread_blocked, id=287740, stack(0x000000fc77d00000,0x000000fc77e00000) (1024K)]
  0x0000029f2540db70 JavaThread "Unconstrained build operations Thread 21"        [_thread_blocked, id=293268, stack(0x000000fc77e00000,0x000000fc77f00000) (1024K)]
  0x0000029f2540e890 JavaThread "Unconstrained build operations Thread 22"        [_thread_blocked, id=277148, stack(0x000000fc77f00000,0x000000fc78000000) (1024K)]
  0x0000029f2540ef20 JavaThread "Unconstrained build operations Thread 23"        [_thread_blocked, id=292156, stack(0x000000fc78000000,0x000000fc78100000) (1024K)]
  0x0000029f2540fc40 JavaThread "Unconstrained build operations Thread 24"        [_thread_blocked, id=266452, stack(0x000000fc78100000,0x000000fc78200000) (1024K)]
  0x0000029f2540c7c0 JavaThread "Unconstrained build operations Thread 25"        [_thread_blocked, id=269296, stack(0x000000fc78200000,0x000000fc78300000) (1024K)]
  0x0000029f254102d0 JavaThread "Unconstrained build operations Thread 26"        [_thread_blocked, id=291956, stack(0x000000fc78300000,0x000000fc78400000) (1024K)]
  0x0000029f2540ce50 JavaThread "Unconstrained build operations Thread 27"        [_thread_blocked, id=287232, stack(0x000000fc78400000,0x000000fc78500000) (1024K)]
  0x0000029f25411d10 JavaThread "Unconstrained build operations Thread 28"        [_thread_blocked, id=284276, stack(0x000000fc78500000,0x000000fc78600000) (1024K)]
  0x0000029f25413750 JavaThread "Unconstrained build operations Thread 29"        [_thread_blocked, id=292952, stack(0x000000fc78600000,0x000000fc78700000) (1024K)]
  0x0000029f254130c0 JavaThread "Unconstrained build operations Thread 30"        [_thread_blocked, id=267040, stack(0x000000fc78700000,0x000000fc78800000) (1024K)]
  0x0000029f25410ff0 JavaThread "Unconstrained build operations Thread 31"        [_thread_blocked, id=286080, stack(0x000000fc78800000,0x000000fc78900000) (1024K)]
  0x0000029f254123a0 JavaThread "Unconstrained build operations Thread 32"        [_thread_blocked, id=285132, stack(0x000000fc78900000,0x000000fc78a00000) (1024K)]
  0x0000029f25410960 JavaThread "Unconstrained build operations Thread 33"        [_thread_blocked, id=269240, stack(0x000000fc78a00000,0x000000fc78b00000) (1024K)]
  0x0000029f25411680 JavaThread "Unconstrained build operations Thread 34"        [_thread_blocked, id=245608, stack(0x000000fc78b00000,0x000000fc78c00000) (1024K)]
  0x0000029f25412a30 JavaThread "Unconstrained build operations Thread 35"        [_thread_blocked, id=290376, stack(0x000000fc78c00000,0x000000fc78d00000) (1024K)]
  0x0000029f2328fa60 JavaThread "Unconstrained build operations Thread 36"        [_thread_blocked, id=263364, stack(0x000000fc78d00000,0x000000fc78e00000) (1024K)]
  0x0000029f2328cc70 JavaThread "Unconstrained build operations Thread 37"        [_thread_blocked, id=277528, stack(0x000000fc78e00000,0x000000fc78f00000) (1024K)]
  0x0000029f2328e020 JavaThread "Unconstrained build operations Thread 38"        [_thread_blocked, id=270624, stack(0x000000fc78f00000,0x000000fc79000000) (1024K)]
  0x0000029f2328ed40 JavaThread "Unconstrained build operations Thread 39"        [_thread_blocked, id=292792, stack(0x000000fc79000000,0x000000fc79100000) (1024K)]
  0x0000029f2328f3d0 JavaThread "Unconstrained build operations Thread 40"        [_thread_blocked, id=270508, stack(0x000000fc79100000,0x000000fc79200000) (1024K)]
  0x0000029f232900f0 JavaThread "Unconstrained build operations Thread 41"        [_thread_blocked, id=287564, stack(0x000000fc79200000,0x000000fc79300000) (1024K)]
  0x0000029f2328e6b0 JavaThread "Unconstrained build operations Thread 42"        [_thread_blocked, id=291024, stack(0x000000fc79300000,0x000000fc79400000) (1024K)]
  0x0000029f23290780 JavaThread "Unconstrained build operations Thread 43"        [_thread_blocked, id=293432, stack(0x000000fc79400000,0x000000fc79500000) (1024K)]
  0x0000029f2328d300 JavaThread "Unconstrained build operations Thread 44"        [_thread_blocked, id=283616, stack(0x000000fc79500000,0x000000fc79600000) (1024K)]
  0x0000029f2328d990 JavaThread "Unconstrained build operations Thread 45"        [_thread_blocked, id=291016, stack(0x000000fc79600000,0x000000fc79700000) (1024K)]
  0x0000029f23294290 JavaThread "Unconstrained build operations Thread 46"        [_thread_blocked, id=265304, stack(0x000000fc79700000,0x000000fc79800000) (1024K)]
  0x0000029f23292850 JavaThread "Unconstrained build operations Thread 47"        [_thread_blocked, id=292164, stack(0x000000fc79800000,0x000000fc79900000) (1024K)]
  0x0000029f23290e10 JavaThread "Unconstrained build operations Thread 48"        [_thread_blocked, id=292404, stack(0x000000fc79900000,0x000000fc79a00000) (1024K)]
  0x0000029f23293c00 JavaThread "Unconstrained build operations Thread 49"        [_thread_blocked, id=268996, stack(0x000000fc79a00000,0x000000fc79b00000) (1024K)]
  0x0000029f23292ee0 JavaThread "Unconstrained build operations Thread 50"        [_thread_blocked, id=293564, stack(0x000000fc79b00000,0x000000fc79c00000) (1024K)]
  0x0000029f232914a0 JavaThread "Unconstrained build operations Thread 51"        [_thread_blocked, id=264032, stack(0x000000fc79c00000,0x000000fc79d00000) (1024K)]
  0x0000029f23291b30 JavaThread "Unconstrained build operations Thread 52"        [_thread_blocked, id=283780, stack(0x000000fc79d00000,0x000000fc79e00000) (1024K)]
  0x0000029f23293570 JavaThread "Unconstrained build operations Thread 53"        [_thread_blocked, id=268532, stack(0x000000fc79e00000,0x000000fc79f00000) (1024K)]
  0x0000029f232921c0 JavaThread "Unconstrained build operations Thread 54"        [_thread_blocked, id=275616, stack(0x000000fc79f00000,0x000000fc7a000000) (1024K)]
  0x0000029f247c7000 JavaThread "Unconstrained build operations Thread 55"        [_thread_blocked, id=273344, stack(0x000000fc7a000000,0x000000fc7a100000) (1024K)]
  0x0000029f247c9df0 JavaThread "Unconstrained build operations Thread 56"        [_thread_blocked, id=293804, stack(0x000000fc7a100000,0x000000fc7a200000) (1024K)]
  0x0000029f247c83b0 JavaThread "Unconstrained build operations Thread 57"        [_thread_blocked, id=276556, stack(0x000000fc7a200000,0x000000fc7a300000) (1024K)]
  0x0000029f247c9760 JavaThread "Unconstrained build operations Thread 58"        [_thread_blocked, id=282780, stack(0x000000fc7a300000,0x000000fc7a400000) (1024K)]
  0x0000029f247ca480 JavaThread "Unconstrained build operations Thread 59"        [_thread_blocked, id=284288, stack(0x000000fc7a400000,0x000000fc7a500000) (1024K)]
  0x0000029f247cab10 JavaThread "Unconstrained build operations Thread 60"        [_thread_blocked, id=267924, stack(0x000000fc7a500000,0x000000fc7a600000) (1024K)]
  0x0000029f247c7690 JavaThread "Unconstrained build operations Thread 61"        [_thread_blocked, id=289140, stack(0x000000fc7a600000,0x000000fc7a700000) (1024K)]
  0x0000029f247cb1a0 JavaThread "Unconstrained build operations Thread 62"        [_thread_blocked, id=289532, stack(0x000000fc7a700000,0x000000fc7a800000) (1024K)]
  0x0000029f247c7d20 JavaThread "Unconstrained build operations Thread 63"        [_thread_blocked, id=264644, stack(0x000000fc7a800000,0x000000fc7a900000) (1024K)]
  0x0000029f247cb830 JavaThread "Unconstrained build operations Thread 64"        [_thread_blocked, id=291452, stack(0x000000fc7a900000,0x000000fc7aa00000) (1024K)]
  0x0000029f247cbec0 JavaThread "Unconstrained build operations Thread 65"        [_thread_blocked, id=288376, stack(0x000000fc7aa00000,0x000000fc7ab00000) (1024K)]
  0x0000029f247c8a40 JavaThread "Unconstrained build operations Thread 66"        [_thread_blocked, id=287520, stack(0x000000fc7ab00000,0x000000fc7ac00000) (1024K)]
  0x0000029f247cc550 JavaThread "Unconstrained build operations Thread 67"        [_thread_blocked, id=268116, stack(0x000000fc7ac00000,0x000000fc7ad00000) (1024K)]
  0x0000029f247c90d0 JavaThread "Unconstrained build operations Thread 68"        [_thread_blocked, id=279540, stack(0x000000fc7ad00000,0x000000fc7ae00000) (1024K)]
  0x0000029f247cd900 JavaThread "Unconstrained build operations Thread 69"        [_thread_blocked, id=289448, stack(0x000000fc7ae00000,0x000000fc7af00000) (1024K)]
  0x0000029f247ccbe0 JavaThread "Unconstrained build operations Thread 70"        [_thread_blocked, id=275184, stack(0x000000fc7af00000,0x000000fc7b000000) (1024K)]
  0x0000029f247cdf90 JavaThread "Unconstrained build operations Thread 71"        [_thread_blocked, id=284724, stack(0x000000fc7b000000,0x000000fc7b100000) (1024K)]
  0x0000029f247cd270 JavaThread "Unconstrained build operations Thread 72"        [_thread_blocked, id=292380, stack(0x000000fc7b100000,0x000000fc7b200000) (1024K)]
  0x0000029f247ce620 JavaThread "Unconstrained build operations Thread 73"        [_thread_blocked, id=277764, stack(0x000000fc7b200000,0x000000fc7b300000) (1024K)]
  0x0000029f274ae250 JavaThread "Unconstrained build operations Thread 74"        [_thread_blocked, id=263852, stack(0x000000fc7b300000,0x000000fc7b400000) (1024K)]
  0x0000029f274ab460 JavaThread "Unconstrained build operations Thread 75"        [_thread_blocked, id=286404, stack(0x000000fc7b400000,0x000000fc7b500000) (1024K)]
  0x0000029f274ad530 JavaThread "Unconstrained build operations Thread 76"        [_thread_blocked, id=285288, stack(0x000000fc7b500000,0x000000fc7b600000) (1024K)]
  0x0000029f274abaf0 JavaThread "Unconstrained build operations Thread 77"        [_thread_blocked, id=291500, stack(0x000000fc7b600000,0x000000fc7b700000) (1024K)]
  0x0000029f274adbc0 JavaThread "Unconstrained build operations Thread 78"        [_thread_blocked, id=293480, stack(0x000000fc7b700000,0x000000fc7b800000) (1024K)]
  0x0000029f274aadd0 JavaThread "Unconstrained build operations Thread 79"        [_thread_blocked, id=265124, stack(0x000000fc7b800000,0x000000fc7b900000) (1024K)]
  0x0000029f274ac810 JavaThread "Unconstrained build operations Thread 80"        [_thread_blocked, id=271184, stack(0x000000fc7b900000,0x000000fc7ba00000) (1024K)]
  0x0000029f274ae8e0 JavaThread "Unconstrained build operations Thread 81"        [_thread_blocked, id=273712, stack(0x000000fc7ba00000,0x000000fc7bb00000) (1024K)]
  0x0000029f274aef70 JavaThread "Unconstrained build operations Thread 82"        [_thread_blocked, id=276984, stack(0x000000fc7bb00000,0x000000fc7bc00000) (1024K)]
  0x0000029f274af600 JavaThread "Unconstrained build operations Thread 83"        [_thread_blocked, id=270732, stack(0x000000fc7bc00000,0x000000fc7bd00000) (1024K)]
  0x0000029f274ac180 JavaThread "Unconstrained build operations Thread 84"        [_thread_blocked, id=292984, stack(0x000000fc7bd00000,0x000000fc7be00000) (1024K)]
  0x0000029f274afc90 JavaThread "Unconstrained build operations Thread 85"        [_thread_blocked, id=290668, stack(0x000000fc7be00000,0x000000fc7bf00000) (1024K)]
  0x0000029f274b0320 JavaThread "Unconstrained build operations Thread 86"        [_thread_blocked, id=291040, stack(0x000000fc7bf00000,0x000000fc7c000000) (1024K)]
  0x0000029f274acea0 JavaThread "Unconstrained build operations Thread 87"        [_thread_blocked, id=270876, stack(0x000000fc7c000000,0x000000fc7c100000) (1024K)]
  0x0000029f274b09b0 JavaThread "Unconstrained build operations Thread 88"        [_thread_blocked, id=270140, stack(0x000000fc7c100000,0x000000fc7c200000) (1024K)]
  0x0000029f274b1040 JavaThread "Unconstrained build operations Thread 89"        [_thread_blocked, id=290088, stack(0x000000fc7c200000,0x000000fc7c300000) (1024K)]
  0x0000029f274b16d0 JavaThread "Unconstrained build operations Thread 90"        [_thread_blocked, id=291712, stack(0x000000fc7c300000,0x000000fc7c400000) (1024K)]
  0x0000029f274b1d60 JavaThread "Unconstrained build operations Thread 91"        [_thread_blocked, id=265824, stack(0x000000fc7c400000,0x000000fc7c500000) (1024K)]
  0x0000029f274b23f0 JavaThread "Unconstrained build operations Thread 92"        [_thread_blocked, id=291856, stack(0x000000fc7c500000,0x000000fc7c600000) (1024K)]
  0x0000029f26321cc0 JavaThread "Unconstrained build operations Thread 93"        [_thread_blocked, id=292548, stack(0x000000fc7c600000,0x000000fc7c700000) (1024K)]
  0x0000029f2631fbf0 JavaThread "Unconstrained build operations Thread 94"        [_thread_blocked, id=287960, stack(0x000000fc7c700000,0x000000fc7c800000) (1024K)]
  0x0000029f2631f560 JavaThread "Unconstrained build operations Thread 95"        [_thread_blocked, id=290980, stack(0x000000fc7c800000,0x000000fc7c900000) (1024K)]
  0x0000029f26323700 JavaThread "Unconstrained build operations Thread 96"        [_thread_blocked, id=286216, stack(0x000000fc7c900000,0x000000fc7ca00000) (1024K)]
  0x0000029f263229e0 JavaThread "Unconstrained build operations Thread 97"        [_thread_blocked, id=293252, stack(0x000000fc7ca00000,0x000000fc7cb00000) (1024K)]
  0x0000029f26320280 JavaThread "Unconstrained build operations Thread 98"        [_thread_blocked, id=281468, stack(0x000000fc7cb00000,0x000000fc7cc00000) (1024K)]
  0x0000029f26323d90 JavaThread "Unconstrained build operations Thread 99"        [_thread_blocked, id=264408, stack(0x000000fc7cc00000,0x000000fc7cd00000) (1024K)]
  0x0000029f26323070 JavaThread "Unconstrained build operations Thread 100"        [_thread_blocked, id=292884, stack(0x000000fc7cd00000,0x000000fc7ce00000) (1024K)]
  0x0000029f26320fa0 JavaThread "Unconstrained build operations Thread 101"        [_thread_blocked, id=258632, stack(0x000000fc7ce00000,0x000000fc7cf00000) (1024K)]
  0x0000029f26321630 JavaThread "Unconstrained build operations Thread 102"        [_thread_blocked, id=290700, stack(0x000000fc7cf00000,0x000000fc7d000000) (1024K)]
  0x0000029f26320910 JavaThread "Unconstrained build operations Thread 103"        [_thread_blocked, id=288820, stack(0x000000fc7d000000,0x000000fc7d100000) (1024K)]
  0x0000029f26324420 JavaThread "Unconstrained build operations Thread 104"        [_thread_blocked, id=291892, stack(0x000000fc7d100000,0x000000fc7d200000) (1024K)]
  0x0000029f26324ab0 JavaThread "Unconstrained build operations Thread 105"        [_thread_blocked, id=293868, stack(0x000000fc7d200000,0x000000fc7d300000) (1024K)]
  0x0000029f26325140 JavaThread "Unconstrained build operations Thread 106"        [_thread_blocked, id=274396, stack(0x000000fc7d300000,0x000000fc7d400000) (1024K)]
  0x0000029f263257d0 JavaThread "Unconstrained build operations Thread 107"        [_thread_blocked, id=284728, stack(0x000000fc7d400000,0x000000fc7d500000) (1024K)]
  0x0000029f26322350 JavaThread "Unconstrained build operations Thread 108"        [_thread_blocked, id=293248, stack(0x000000fc7d500000,0x000000fc7d600000) (1024K)]
  0x0000029f23561160 JavaThread "build event listener"              [_thread_blocked, id=284744, stack(0x000000fc7d600000,0x000000fc7d700000) (1024K)]
  0x0000029f23560ad0 JavaThread "Memory manager"                    [_thread_blocked, id=273628, stack(0x000000fc7d700000,0x000000fc7d800000) (1024K)]
  0x0000029f2e824740 JavaThread "build event listener"              [_thread_blocked, id=292128, stack(0x000000fc7d800000,0x000000fc7d900000) (1024K)]
  0x0000029f26432a60 JavaThread "C2 CompilerThread1"         daemon [_thread_blocked, id=290680, stack(0x000000fc72e00000,0x000000fc72f00000) (1024K)]
  0x0000029f2e828f70 JavaThread "included builds"                   [_thread_blocked, id=286172, stack(0x000000fc7d900000,0x000000fc7da00000) (1024K)]
  0x0000029f2e828250 JavaThread "Execution worker"                  [_thread_blocked, id=287364, stack(0x000000fc7da00000,0x000000fc7db00000) (1024K)]
  0x0000029f2e8288e0 JavaThread "Execution worker Thread 2"         [_thread_blocked, id=277064, stack(0x000000fc7db00000,0x000000fc7dc00000) (1024K)]
  0x0000029f2e829c90 JavaThread "Execution worker Thread 3"         [_thread_blocked, id=289440, stack(0x000000fc7dc00000,0x000000fc7dd00000) (1024K)]
  0x0000029f2e829600 JavaThread "Execution worker Thread 4"         [_thread_blocked, id=283332, stack(0x000000fc7dd00000,0x000000fc7de00000) (1024K)]
  0x0000029f2e82a320 JavaThread "Execution worker Thread 5"         [_thread_blocked, id=282756, stack(0x000000fc7de00000,0x000000fc7df00000) (1024K)]
  0x0000029f2e827530 JavaThread "Execution worker Thread 6"         [_thread_blocked, id=285772, stack(0x000000fc7df00000,0x000000fc7e000000) (1024K)]
  0x0000029f2e82de30 JavaThread "Execution worker Thread 7"         [_thread_blocked, id=284736, stack(0x000000fc7e000000,0x000000fc7e100000) (1024K)]
  0x0000029f2e82d7a0 JavaThread "Execution worker Thread 8"         [_thread_blocked, id=289072, stack(0x000000fc7e100000,0x000000fc7e200000) (1024K)]
  0x0000029f2e82d110 JavaThread "Execution worker Thread 9"         [_thread_blocked, id=271748, stack(0x000000fc7e200000,0x000000fc7e300000) (1024K)]
  0x0000029f2e82b6d0 JavaThread "Execution worker Thread 10"        [_thread_blocked, id=280176, stack(0x000000fc7e300000,0x000000fc7e400000) (1024K)]
  0x0000029f2e82e4c0 JavaThread "Execution worker Thread 11"        [_thread_blocked, id=282648, stack(0x000000fc7e400000,0x000000fc7e500000) (1024K)]
  0x0000029f2e82b040 JavaThread "Execution worker Thread 12"        [_thread_blocked, id=288572, stack(0x000000fc7e500000,0x000000fc7e600000) (1024K)]
  0x0000029f2e82eb50 JavaThread "Execution worker Thread 13"        [_thread_blocked, id=288356, stack(0x000000fc7e600000,0x000000fc7e700000) (1024K)]
  0x0000029f2e82ca80 JavaThread "Execution worker Thread 14"        [_thread_blocked, id=262992, stack(0x000000fc7e700000,0x000000fc7e800000) (1024K)]
  0x0000029f2e82f1e0 JavaThread "Execution worker Thread 15"        [_thread_blocked, id=288704, stack(0x000000fc7e800000,0x000000fc7e900000) (1024K)]
  0x0000029f2e82f870 JavaThread "Execution worker Thread 16"        [_thread_blocked, id=266332, stack(0x000000fc7e900000,0x000000fc7ea00000) (1024K)]
  0x0000029f2e82c3f0 JavaThread "Execution worker Thread 17"        [_thread_blocked, id=290840, stack(0x000000fc7ea00000,0x000000fc7eb00000) (1024K)]
  0x0000029f2e82ff00 JavaThread "Execution worker Thread 18"        [_thread_blocked, id=290600, stack(0x000000fc7eb00000,0x000000fc7ec00000) (1024K)]
  0x0000029f2e830590 JavaThread "Execution worker Thread 19"        [_thread_blocked, id=279384, stack(0x000000fc7ec00000,0x000000fc7ed00000) (1024K)]
  0x0000029f2e830c20 JavaThread "Execution worker Thread 20"        [_thread_blocked, id=281556, stack(0x000000fc7ed00000,0x000000fc7ee00000) (1024K)]
  0x0000029f2e8312b0 JavaThread "Execution worker Thread 21"        [_thread_blocked, id=268068, stack(0x000000fc7ee00000,0x000000fc7ef00000) (1024K)]
  0x0000029f2e831940 JavaThread "Execution worker Thread 22"        [_thread_blocked, id=291048, stack(0x000000fc7ef00000,0x000000fc7f000000) (1024K)]
  0x0000029f2e831fd0 JavaThread "Execution worker Thread 23"        [_thread_blocked, id=269388, stack(0x000000fc7f000000,0x000000fc7f100000) (1024K)]
  0x0000029f2355f090 JavaThread "Execution worker Thread 24"        [_thread_blocked, id=284788, stack(0x000000fc7f100000,0x000000fc7f200000) (1024K)]
  0x0000029f2355dce0 JavaThread "Execution worker Thread 25"        [_thread_blocked, id=285924, stack(0x000000fc7f200000,0x000000fc7f300000) (1024K)]
  0x0000029f235617f0 JavaThread "Execution worker Thread 26"        [_thread_blocked, id=290660, stack(0x000000fc7f300000,0x000000fc7f400000) (1024K)]
  0x0000029f23562ba0 JavaThread "Execution worker Thread 27"        [_thread_blocked, id=288316, stack(0x000000fc7f400000,0x000000fc7f500000) (1024K)]
  0x0000029f2355fdb0 JavaThread "Execution worker Thread 28"        [_thread_blocked, id=291704, stack(0x000000fc7f500000,0x000000fc7f600000) (1024K)]
  0x0000029f23563230 JavaThread "Execution worker Thread 29"        [_thread_blocked, id=289964, stack(0x000000fc7f600000,0x000000fc7f700000) (1024K)]
  0x0000029f23564c70 JavaThread "Execution worker Thread 30"        [_thread_blocked, id=282884, stack(0x000000fc7f700000,0x000000fc7f800000) (1024K)]
  0x0000029f23565300 JavaThread "Execution worker Thread 31"        [_thread_blocked, id=290832, stack(0x000000fc7f800000,0x000000fc7f900000) (1024K)]
  0x0000029f235638c0 JavaThread "Cache worker for execution history cache (D:\AndroidStudioProjects\XiaoYi\.gradle\8.13\executionHistory)"        [_thread_blocked, id=285816, stack(0x000000fc7f900000,0x000000fc7fa00000) (1024K)]
  0x0000029f2f107bb0 JavaThread "Unconstrained build operations Thread 109"        [_thread_blocked, id=284028, stack(0x000000fc7fa00000,0x000000fc7fb00000) (1024K)]
  0x0000029f2f10b6c0 JavaThread "Unconstrained build operations Thread 110"        [_thread_blocked, id=291912, stack(0x000000fc7fb00000,0x000000fc7fc00000) (1024K)]
  0x0000029f2f10de20 JavaThread "Unconstrained build operations Thread 111"        [_thread_blocked, id=292744, stack(0x000000fc7fc00000,0x000000fc7fd00000) (1024K)]
  0x0000029f2f10d790 JavaThread "Unconstrained build operations Thread 112"        [_thread_blocked, id=263532, stack(0x000000fc7fd00000,0x000000fc7fe00000) (1024K)]
  0x0000029f2f10eb40 JavaThread "Unconstrained build operations Thread 113"        [_thread_blocked, id=283720, stack(0x000000fc7fe00000,0x000000fc7ff00000) (1024K)]
  0x0000029f2f10ca70 JavaThread "Unconstrained build operations Thread 114"        [_thread_blocked, id=282292, stack(0x000000fc7ff00000,0x000000fc80000000) (1024K)]
  0x0000029f2f10e4b0 JavaThread "Unconstrained build operations Thread 115"        [_thread_blocked, id=290208, stack(0x000000fc00000000,0x000000fc00100000) (1024K)]
  0x0000029f2f10f1d0 JavaThread "Unconstrained build operations Thread 116"        [_thread_blocked, id=283356, stack(0x000000fc00100000,0x000000fc00200000) (1024K)]
  0x0000029f2f10bd50 JavaThread "Unconstrained build operations Thread 117"        [_thread_blocked, id=276600, stack(0x000000fc00200000,0x000000fc00300000) (1024K)]
  0x0000029f2f10f860 JavaThread "Unconstrained build operations Thread 118"        [_thread_blocked, id=269104, stack(0x000000fc00300000,0x000000fc00400000) (1024K)]
  0x0000029f2f10c3e0 JavaThread "Unconstrained build operations Thread 119"        [_thread_blocked, id=268804, stack(0x000000fc00400000,0x000000fc00500000) (1024K)]
  0x0000029f2f110580 JavaThread "Unconstrained build operations Thread 120"        [_thread_blocked, id=278568, stack(0x000000fc00500000,0x000000fc00600000) (1024K)]
  0x0000029f2f111930 JavaThread "Unconstrained build operations Thread 121"        [_thread_blocked, id=270144, stack(0x000000fc00600000,0x000000fc00700000) (1024K)]
  0x0000029f2f10d100 JavaThread "Unconstrained build operations Thread 122"        [_thread_blocked, id=265420, stack(0x000000fc00700000,0x000000fc00800000) (1024K)]
  0x0000029f2f10fef0 JavaThread "Unconstrained build operations Thread 123"        [_thread_blocked, id=270184, stack(0x000000fc00800000,0x000000fc00900000) (1024K)]
  0x0000029f2f110c10 JavaThread "Unconstrained build operations Thread 124"        [_thread_blocked, id=276292, stack(0x000000fc00900000,0x000000fc00a00000) (1024K)]
  0x0000029f2f111fc0 JavaThread "Unconstrained build operations Thread 125"        [_thread_blocked, id=286008, stack(0x000000fc00a00000,0x000000fc00b00000) (1024K)]
  0x0000029f2f1112a0 JavaThread "Unconstrained build operations Thread 126"        [_thread_blocked, id=279308, stack(0x000000fc00b00000,0x000000fc00c00000) (1024K)]
  0x0000029f2e47e170 JavaThread "Unconstrained build operations Thread 127"        [_thread_blocked, id=289692, stack(0x000000fc00c00000,0x000000fc00d00000) (1024K)]
  0x0000029f2e47fbb0 JavaThread "Unconstrained build operations Thread 128"        [_thread_blocked, id=288548, stack(0x000000fc00d00000,0x000000fc00e00000) (1024K)]
  0x0000029f2e47ee90 JavaThread "Unconstrained build operations Thread 129"        [_thread_blocked, id=279528, stack(0x000000fc00e00000,0x000000fc00f00000) (1024K)]
  0x0000029f2e47f520 JavaThread "Unconstrained build operations Thread 130"        [_thread_blocked, id=265772, stack(0x000000fc00f00000,0x000000fc01000000) (1024K)]
  0x0000029f2e47e800 JavaThread "Unconstrained build operations Thread 131"        [_thread_blocked, id=265912, stack(0x000000fc01000000,0x000000fc01100000) (1024K)]
  0x0000029f2e47d450 JavaThread "Unconstrained build operations Thread 132"        [_thread_blocked, id=276852, stack(0x000000fc01100000,0x000000fc01200000) (1024K)]
  0x0000029f2e47c730 JavaThread "Unconstrained build operations Thread 133"        [_thread_blocked, id=259396, stack(0x000000fc01200000,0x000000fc01300000) (1024K)]
  0x0000029f2e47dae0 JavaThread "Unconstrained build operations Thread 134"        [_thread_blocked, id=282712, stack(0x000000fc01300000,0x000000fc01400000) (1024K)]
  0x0000029f2e480240 JavaThread "Unconstrained build operations Thread 135"        [_thread_blocked, id=277372, stack(0x000000fc01400000,0x000000fc01500000) (1024K)]
  0x0000029f2e47cdc0 JavaThread "Unconstrained build operations Thread 136"        [_thread_blocked, id=278784, stack(0x000000fc01500000,0x000000fc01600000) (1024K)]
  0x0000029f2e4815f0 JavaThread "Unconstrained build operations Thread 137"        [_thread_blocked, id=288564, stack(0x000000fc01800000,0x000000fc01900000) (1024K)]
  0x0000029f2e483d50 JavaThread "Unconstrained build operations Thread 138"        [_thread_blocked, id=268008, stack(0x000000fc01900000,0x000000fc01a00000) (1024K)]
  0x0000029f2e481c80 JavaThread "Unconstrained build operations Thread 139"        [_thread_blocked, id=288744, stack(0x000000fc01a00000,0x000000fc01b00000) (1024K)]
  0x0000029f2f106e90 JavaThread "WorkerExecutor Queue"              [_thread_blocked, id=277664, stack(0x000000fc01b00000,0x000000fc01c00000) (1024K)]
  0x0000029f2f103a10 JavaThread "Unconstrained build operations Thread 140"        [_thread_blocked, id=285836, stack(0x000000fc01c00000,0x000000fc01d00000) (1024K)]
  0x0000029f2f104dc0 JavaThread "Unconstrained build operations Thread 141"        [_thread_blocked, id=267724, stack(0x000000fc01d00000,0x000000fc01e00000) (1024K)]
  0x0000029f2f107520 JavaThread "Unconstrained build operations Thread 142"        [_thread_blocked, id=290820, stack(0x000000fc01e00000,0x000000fc01f00000) (1024K)]
  0x0000029f2f104730 JavaThread "Unconstrained build operations Thread 143"        [_thread_blocked, id=291448, stack(0x000000fc01f00000,0x000000fc02000000) (1024K)]
  0x0000029f2f109c80 JavaThread "Unconstrained build operations Thread 144"        [_thread_blocked, id=277604, stack(0x000000fc02000000,0x000000fc02100000) (1024K)]
  0x0000029f2f10b030 JavaThread "Unconstrained build operations Thread 145"        [_thread_blocked, id=278676, stack(0x000000fc02100000,0x000000fc02200000) (1024K)]
  0x0000029f2f108240 JavaThread "Unconstrained build operations Thread 146"        [_thread_blocked, id=274404, stack(0x000000fc02200000,0x000000fc02300000) (1024K)]
  0x0000029f2f10a310 JavaThread "Unconstrained build operations Thread 147"        [_thread_blocked, id=268816, stack(0x000000fc02300000,0x000000fc02400000) (1024K)]
  0x0000029f2f1088d0 JavaThread "Unconstrained build operations Thread 148"        [_thread_blocked, id=267796, stack(0x000000fc02400000,0x000000fc02500000) (1024K)]
  0x0000029f2f108f60 JavaThread "Unconstrained build operations Thread 149"        [_thread_blocked, id=281616, stack(0x000000fc02500000,0x000000fc02600000) (1024K)]
  0x0000029f2f1095f0 JavaThread "Unconstrained build operations Thread 150"        [_thread_blocked, id=275352, stack(0x000000fc02600000,0x000000fc02700000) (1024K)]
  0x0000029f2f112650 JavaThread "Unconstrained build operations Thread 151"        [_thread_blocked, id=277524, stack(0x000000fc02700000,0x000000fc02800000) (1024K)]
  0x0000029f23563f50 JavaThread "Unconstrained build operations Thread 152"        [_thread_blocked, id=267092, stack(0x000000fc02800000,0x000000fc02900000) (1024K)]
  0x0000029f23562510 JavaThread "Unconstrained build operations Thread 153"        [_thread_blocked, id=272680, stack(0x000000fc02900000,0x000000fc02a00000) (1024K)]
  0x0000029f26325e60 JavaThread "Unconstrained build operations Thread 154"        [_thread_blocked, id=268388, stack(0x000000fc02a00000,0x000000fc02b00000) (1024K)]
  0x0000029f263264f0 JavaThread "Unconstrained build operations Thread 155"        [_thread_blocked, id=268976, stack(0x000000fc02b00000,0x000000fc02c00000) (1024K)]
  0x0000029f2e82bd60 JavaThread "Unconstrained build operations Thread 156"        [_thread_blocked, id=269632, stack(0x000000fc02c00000,0x000000fc02d00000) (1024K)]
  0x0000029f30db7e90 JavaThread "Unconstrained build operations Thread 157"        [_thread_blocked, id=249376, stack(0x000000fc02d00000,0x000000fc02e00000) (1024K)]
  0x0000029f30db8bb0 JavaThread "Unconstrained build operations Thread 158"        [_thread_blocked, id=261032, stack(0x000000fc02e00000,0x000000fc02f00000) (1024K)]
  0x0000029f30db6ae0 JavaThread "Unconstrained build operations Thread 159"        [_thread_blocked, id=248828, stack(0x000000fc02f00000,0x000000fc03000000) (1024K)]
  0x0000029f30db8520 JavaThread "Unconstrained build operations Thread 160"        [_thread_blocked, id=282804, stack(0x000000fc03000000,0x000000fc03100000) (1024K)]
  0x0000029f30db5730 JavaThread "Unconstrained build operations Thread 161"        [_thread_blocked, id=268656, stack(0x000000fc03100000,0x000000fc03200000) (1024K)]
  0x0000029f30db7170 JavaThread "Unconstrained build operations Thread 162"        [_thread_blocked, id=286604, stack(0x000000fc03200000,0x000000fc03300000) (1024K)]
  0x0000029f30db7800 JavaThread "Unconstrained build operations Thread 163"        [_thread_blocked, id=275028, stack(0x000000fc03300000,0x000000fc03400000) (1024K)]
  0x0000029f30db9240 JavaThread "Unconstrained build operations Thread 164"        [_thread_blocked, id=286116, stack(0x000000fc03400000,0x000000fc03500000) (1024K)]
  0x0000029f30db5dc0 JavaThread "Unconstrained build operations Thread 165"        [_thread_blocked, id=287576, stack(0x000000fc03500000,0x000000fc03600000) (1024K)]
  0x0000029f30db98d0 JavaThread "Unconstrained build operations Thread 166"        [_thread_blocked, id=285988, stack(0x000000fc03600000,0x000000fc03700000) (1024K)]
  0x0000029f30db6450 JavaThread "Unconstrained build operations Thread 167"        [_thread_blocked, id=266280, stack(0x000000fc03700000,0x000000fc03800000) (1024K)]
  0x0000029f30dbc6c0 JavaThread "Unconstrained build operations Thread 168"        [_thread_blocked, id=282092, stack(0x000000fc03800000,0x000000fc03900000) (1024K)]
  0x0000029f30dba5f0 JavaThread "Unconstrained build operations Thread 169"        [_thread_blocked, id=266156, stack(0x000000fc03900000,0x000000fc03a00000) (1024K)]
  0x0000029f30dbb310 JavaThread "Unconstrained build operations Thread 170"        [_thread_blocked, id=286748, stack(0x000000fc03a00000,0x000000fc03b00000) (1024K)]
  0x0000029f30dbe100 JavaThread "Unconstrained build operations Thread 171"        [_thread_blocked, id=288292, stack(0x000000fc03b00000,0x000000fc03c00000) (1024K)]
  0x0000029f30dbd3e0 JavaThread "WorkerExecutor Queue Thread 2"        [_thread_blocked, id=280480, stack(0x000000fc03c00000,0x000000fc03d00000) (1024K)]
  0x0000029f30dbb9a0 JavaThread "Unconstrained build operations Thread 172"        [_thread_blocked, id=278240, stack(0x000000fc03d00000,0x000000fc03e00000) (1024K)]
  0x0000029f30dbda70 JavaThread "Unconstrained build operations Thread 173"        [_thread_blocked, id=288496, stack(0x000000fc03e00000,0x000000fc03f00000) (1024K)]
  0x0000029f30dbac80 JavaThread "Unconstrained build operations Thread 174"        [_thread_blocked, id=270068, stack(0x000000fc03f00000,0x000000fc04000000) (1024K)]
  0x0000029f30dbe790 JavaThread "Unconstrained build operations Thread 175"        [_thread_blocked, id=265888, stack(0x000000fc04000000,0x000000fc04100000) (1024K)]
  0x0000029f30dbee20 JavaThread "Unconstrained build operations Thread 176"        [_thread_blocked, id=272220, stack(0x000000fc04100000,0x000000fc04200000) (1024K)]
  0x0000029f30dbf4b0 JavaThread "Unconstrained build operations Thread 177"        [_thread_blocked, id=286868, stack(0x000000fc04200000,0x000000fc04300000) (1024K)]
  0x0000029f30dbc030 JavaThread "Unconstrained build operations Thread 178"        [_thread_blocked, id=286588, stack(0x000000fc04300000,0x000000fc04400000) (1024K)]
  0x0000029f30dc2930 JavaThread "Unconstrained build operations Thread 179"        [_thread_blocked, id=288944, stack(0x000000fc04400000,0x000000fc04500000) (1024K)]
  0x0000029f30dc2fc0 JavaThread "Unconstrained build operations Thread 180"        [_thread_blocked, id=283076, stack(0x000000fc04500000,0x000000fc04600000) (1024K)]
  0x0000029f30dc22a0 JavaThread "Unconstrained build operations Thread 181"        [_thread_blocked, id=283136, stack(0x000000fc04600000,0x000000fc04700000) (1024K)]
  0x0000029f30dbfb40 JavaThread "Unconstrained build operations Thread 182"        [_thread_blocked, id=288360, stack(0x000000fc04700000,0x000000fc04800000) (1024K)]
  0x0000029f30dc3650 JavaThread "Unconstrained build operations Thread 183"        [_thread_blocked, id=278036, stack(0x000000fc04800000,0x000000fc04900000) (1024K)]
  0x0000029f30dc01d0 JavaThread "Unconstrained build operations Thread 184"        [_thread_blocked, id=280944, stack(0x000000fc04900000,0x000000fc04a00000) (1024K)]
  0x0000029f30dc3ce0 JavaThread "Unconstrained build operations Thread 185"        [_thread_blocked, id=282604, stack(0x000000fc04a00000,0x000000fc04b00000) (1024K)]
  0x0000029f30dc0ef0 JavaThread "Unconstrained build operations Thread 186"        [_thread_blocked, id=288616, stack(0x000000fc04b00000,0x000000fc04c00000) (1024K)]
  0x0000029f30dc0860 JavaThread "Unconstrained build operations Thread 187"        [_thread_blocked, id=282748, stack(0x000000fc04c00000,0x000000fc04d00000) (1024K)]
  0x0000029f30dc4a00 JavaThread "Unconstrained build operations Thread 188"        [_thread_blocked, id=271368, stack(0x000000fc04d00000,0x000000fc04e00000) (1024K)]
  0x0000029f30dc4370 JavaThread "Unconstrained build operations Thread 189"        [_thread_blocked, id=289740, stack(0x000000fc04e00000,0x000000fc04f00000) (1024K)]
  0x0000029f30dc1580 JavaThread "Unconstrained build operations Thread 190"        [_thread_blocked, id=272800, stack(0x000000fc04f00000,0x000000fc05000000) (1024K)]
  0x0000029f30dc1c10 JavaThread "Unconstrained build operations Thread 191"        [_thread_blocked, id=268296, stack(0x000000fc05000000,0x000000fc05100000) (1024K)]
  0x0000029f2eee2040 JavaThread "Unconstrained build operations Thread 192"        [_thread_blocked, id=284524, stack(0x000000fc05100000,0x000000fc05200000) (1024K)]
  0x0000029f2eee0600 JavaThread "Unconstrained build operations Thread 193"        [_thread_blocked, id=292836, stack(0x000000fc05200000,0x000000fc05300000) (1024K)]
  0x0000029f2eee26d0 JavaThread "Unconstrained build operations Thread 194"        [_thread_blocked, id=266220, stack(0x000000fc05300000,0x000000fc05400000) (1024K)]
  0x0000029f2eee0c90 JavaThread "Unconstrained build operations Thread 195"        [_thread_blocked, id=291524, stack(0x000000fc05400000,0x000000fc05500000) (1024K)]
  0x0000029f2eee1320 JavaThread "Unconstrained build operations Thread 196"        [_thread_blocked, id=291732, stack(0x000000fc05500000,0x000000fc05600000) (1024K)]
  0x0000029f2eee19b0 JavaThread "Unconstrained build operations Thread 197"        [_thread_blocked, id=285676, stack(0x000000fc05600000,0x000000fc05700000) (1024K)]
  0x0000029f2eee2d60 JavaThread "Unconstrained build operations Thread 198"        [_thread_blocked, id=291348, stack(0x000000fc05700000,0x000000fc05800000) (1024K)]
  0x0000029f2eee33f0 JavaThread "Unconstrained build operations Thread 199"        [_thread_blocked, id=282224, stack(0x000000fc05800000,0x000000fc05900000) (1024K)]
  0x0000029f2eedff70 JavaThread "Unconstrained build operations Thread 200"        [_thread_blocked, id=265572, stack(0x000000fc05900000,0x000000fc05a00000) (1024K)]
  0x0000029f2eee54c0 JavaThread "Unconstrained build operations Thread 201"        [_thread_blocked, id=273992, stack(0x000000fc05a00000,0x000000fc05b00000) (1024K)]
  0x0000029f2eee6f00 JavaThread "Unconstrained build operations Thread 202"        [_thread_blocked, id=279732, stack(0x000000fc05b00000,0x000000fc05c00000) (1024K)]
  0x0000029f264345a0 JavaThread "C2 CompilerThread2"         daemon [_thread_blocked, id=274816, stack(0x000000fc05c00000,0x000000fc05d00000) (1024K)]
  0x0000029f2eee3a80 JavaThread "WorkerExecutor Queue Thread 3"        [_thread_blocked, id=262856, stack(0x000000fc05d00000,0x000000fc05e00000) (1024K)]
  0x0000029f2eef0c80 JavaThread "WorkerExecutor Queue Thread 4"        [_thread_blocked, id=291212, stack(0x000000fc05e00000,0x000000fc05f00000) (1024K)]
  0x0000029f2eef4790 JavaThread "WorkerExecutor Queue Thread 5"        [_thread_blocked, id=281528, stack(0x000000fc05f00000,0x000000fc06000000) (1024K)]
  0x0000029f2eef1310 JavaThread "WorkerExecutor Queue Thread 6"        [_thread_blocked, id=273860, stack(0x000000fc06000000,0x000000fc06100000) (1024K)]
  0x0000029f2eef54b0 JavaThread "WorkerExecutor Queue Thread 7"        [_thread_blocked, id=293200, stack(0x000000fc06100000,0x000000fc06200000) (1024K)]
  0x0000029f2eef61d0 JavaThread "WorkerExecutor Queue Thread 8"        [_thread_blocked, id=274148, stack(0x000000fc06200000,0x000000fc06300000) (1024K)]
  0x0000029f2eef6ef0 JavaThread "WorkerExecutor Queue Thread 9"        [_thread_blocked, id=291584, stack(0x000000fc06300000,0x000000fc06400000) (1024K)]
  0x0000029f2eef4e20 JavaThread "WorkerExecutor Queue Thread 10"        [_thread_blocked, id=289456, stack(0x000000fc06400000,0x000000fc06500000) (1024K)]
  0x0000029f2eef5b40 JavaThread "WorkerExecutor Queue Thread 11"        [_thread_blocked, id=288556, stack(0x000000fc06500000,0x000000fc06600000) (1024K)]
  0x0000029f2eef7580 JavaThread "WorkerExecutor Queue Thread 12"        [_thread_blocked, id=270268, stack(0x000000fc06600000,0x000000fc06700000) (1024K)]
  0x0000029f2eef7c10 JavaThread "WorkerExecutor Queue Thread 13"        [_thread_blocked, id=289144, stack(0x000000fc06700000,0x000000fc06800000) (1024K)]
  0x0000029f2eef8fc0 JavaThread "WorkerExecutor Queue Thread 14"        [_thread_blocked, id=289704, stack(0x000000fc06800000,0x000000fc06900000) (1024K)]
  0x0000029f2eef8930 JavaThread "WorkerExecutor Queue Thread 15"        [_thread_blocked, id=268300, stack(0x000000fc06900000,0x000000fc06a00000) (1024K)]
  0x0000029f2eef9650 JavaThread "WorkerExecutor Queue Thread 16"        [_thread_blocked, id=276596, stack(0x000000fc06a00000,0x000000fc06b00000) (1024K)]
  0x0000029f2eef9ce0 JavaThread "WorkerExecutor Queue Thread 17"        [_thread_blocked, id=265204, stack(0x000000fc06b00000,0x000000fc06c00000) (1024K)]
  0x0000029f2eef6860 JavaThread "WorkerExecutor Queue Thread 18"        [_thread_blocked, id=270548, stack(0x000000fc06c00000,0x000000fc06d00000) (1024K)]
  0x0000029f2eefbdb0 JavaThread "WorkerExecutor Queue Thread 19"        [_thread_blocked, id=281284, stack(0x000000fc06d00000,0x000000fc06e00000) (1024K)]
  0x0000029f2eefc440 JavaThread "WorkerExecutor Queue Thread 20"        [_thread_blocked, id=275340, stack(0x000000fc06e00000,0x000000fc06f00000) (1024K)]
  0x0000029f2eefcad0 JavaThread "WorkerExecutor Queue Thread 21"        [_thread_blocked, id=291812, stack(0x000000fc06f00000,0x000000fc07000000) (1024K)]
  0x0000029f2eefaa00 JavaThread "WorkerExecutor Queue Thread 22"        [_thread_blocked, id=272616, stack(0x000000fc07000000,0x000000fc07100000) (1024K)]
  0x0000029f2eefb090 JavaThread "WorkerExecutor Queue Thread 23"        [_thread_blocked, id=271232, stack(0x000000fc07100000,0x000000fc07200000) (1024K)]
  0x0000029f2eefd7f0 JavaThread "WorkerExecutor Queue Thread 24"        [_thread_blocked, id=285856, stack(0x000000fc07200000,0x000000fc07300000) (1024K)]
  0x0000029f2eefb720 JavaThread "WorkerExecutor Queue Thread 25"        [_thread_blocked, id=289488, stack(0x000000fc07300000,0x000000fc07400000) (1024K)]
  0x0000029f2eefd160 JavaThread "WorkerExecutor Queue Thread 26"        [_thread_blocked, id=292712, stack(0x000000fc07400000,0x000000fc07500000) (1024K)]
  0x0000029f2eefa370 JavaThread "WorkerExecutor Queue Thread 27"        [_thread_blocked, id=272516, stack(0x000000fc07500000,0x000000fc07600000) (1024K)]
  0x0000029f2eefe510 JavaThread "WorkerExecutor Queue Thread 28"        [_thread_blocked, id=274244, stack(0x000000fc07600000,0x000000fc07700000) (1024K)]
  0x0000029f2eeff230 JavaThread "WorkerExecutor Queue Thread 29"        [_thread_blocked, id=291916, stack(0x000000fc07700000,0x000000fc07800000) (1024K)]
  0x0000029f2eefeba0 JavaThread "WorkerExecutor Queue Thread 30"        [_thread_blocked, id=279296, stack(0x000000fc07800000,0x000000fc07900000) (1024K)]
  0x0000029f2e4836c0 JavaThread "WorkerExecutor Queue Thread 32"        [_thread_blocked, id=288628, stack(0x000000fc07a00000,0x000000fc07b00000) (1024K)]
  0x0000029f2e4808d0 JavaThread "Unconstrained build operations Thread 203"        [_thread_blocked, id=293912, stack(0x000000fc07b00000,0x000000fc07c00000) (1024K)]
  0x0000029f2e4864b0 JavaThread "Unconstrained build operations Thread 204"        [_thread_blocked, id=293944, stack(0x000000fc07c00000,0x000000fc07d00000) (1024K)]
  0x0000029f2e4871d0 JavaThread "Unconstrained build operations Thread 205"        [_thread_blocked, id=293948, stack(0x000000fc07d00000,0x000000fc07e00000) (1024K)]
  0x0000029f2e485e20 JavaThread "Unconstrained build operations Thread 206"        [_thread_blocked, id=293952, stack(0x000000fc07e00000,0x000000fc07f00000) (1024K)]
  0x0000029f2e486b40 JavaThread "Unconstrained build operations Thread 207"        [_thread_blocked, id=293956, stack(0x000000fc07f00000,0x000000fc08000000) (1024K)]
  0x0000029f2e487860 JavaThread "Unconstrained build operations Thread 208"        [_thread_blocked, id=293960, stack(0x000000fc08000000,0x000000fc08100000) (1024K)]
  0x0000029f2e484a70 JavaThread "Unconstrained build operations Thread 209"        [_thread_blocked, id=293964, stack(0x000000fc08100000,0x000000fc08200000) (1024K)]
  0x0000029f2e487ef0 JavaThread "Unconstrained build operations Thread 210"        [_thread_blocked, id=293968, stack(0x000000fc08200000,0x000000fc08300000) (1024K)]
  0x0000029f2e488580 JavaThread "Unconstrained build operations Thread 211"        [_thread_blocked, id=293972, stack(0x000000fc08300000,0x000000fc08400000) (1024K)]
  0x0000029f2e485100 JavaThread "Unconstrained build operations Thread 212"        [_thread_blocked, id=293976, stack(0x000000fc08400000,0x000000fc08500000) (1024K)]
  0x0000029f2e488c10 JavaThread "Unconstrained build operations Thread 213"        [_thread_blocked, id=293980, stack(0x000000fc08500000,0x000000fc08600000) (1024K)]
  0x0000029f2e485790 JavaThread "Unconstrained build operations Thread 214"        [_thread_blocked, id=293984, stack(0x000000fc08600000,0x000000fc08700000) (1024K)]
  0x0000029f2e48ace0 JavaThread "Unconstrained build operations Thread 215"        [_thread_blocked, id=293988, stack(0x000000fc08700000,0x000000fc08800000) (1024K)]
  0x0000029f2e489930 JavaThread "Unconstrained build operations Thread 216"        [_thread_blocked, id=293992, stack(0x000000fc08800000,0x000000fc08900000) (1024K)]
  0x0000029f2e48ba00 JavaThread "Unconstrained build operations Thread 217"        [_thread_blocked, id=293996, stack(0x000000fc08900000,0x000000fc08a00000) (1024K)]
  0x0000029f2e48b370 JavaThread "Unconstrained build operations Thread 218"        [_thread_blocked, id=294000, stack(0x000000fc08a00000,0x000000fc08b00000) (1024K)]
  0x0000029f2e4892a0 JavaThread "Unconstrained build operations Thread 219"        [_thread_blocked, id=294004, stack(0x000000fc08b00000,0x000000fc08c00000) (1024K)]
  0x0000029f2e489fc0 JavaThread "Unconstrained build operations Thread 220"        [_thread_blocked, id=294008, stack(0x000000fc08c00000,0x000000fc08d00000) (1024K)]
  0x0000029f2e48a650 JavaThread "Unconstrained build operations Thread 221"        [_thread_blocked, id=294012, stack(0x000000fc08d00000,0x000000fc08e00000) (1024K)]
  0x0000029f2eee47a0 JavaThread "Unconstrained build operations Thread 222"        [_thread_blocked, id=294016, stack(0x000000fc08e00000,0x000000fc08f00000) (1024K)]
  0x0000029f2eee7590 JavaThread "Unconstrained build operations Thread 223"        [_thread_blocked, id=294020, stack(0x000000fc08f00000,0x000000fc09000000) (1024K)]
  0x0000029f2eeea380 JavaThread "Unconstrained build operations Thread 224"        [_thread_blocked, id=294024, stack(0x000000fc09000000,0x000000fc09100000) (1024K)]
  0x0000029f2eee8fd0 JavaThread "Unconstrained build operations Thread 225"        [_thread_blocked, id=294028, stack(0x000000fc09100000,0x000000fc09200000) (1024K)]
  0x0000029f2eee9660 JavaThread "Unconstrained build operations Thread 226"        [_thread_blocked, id=294032, stack(0x000000fc09200000,0x000000fc09300000) (1024K)]
  0x0000029f2eeeb0a0 JavaThread "Unconstrained build operations Thread 227"        [_thread_blocked, id=294036, stack(0x000000fc09300000,0x000000fc09400000) (1024K)]
  0x0000029f2eee9cf0 JavaThread "Unconstrained build operations Thread 228"        [_thread_blocked, id=294040, stack(0x000000fc09400000,0x000000fc09500000) (1024K)]
  0x0000029f2eeeaa10 JavaThread "Unconstrained build operations Thread 229"        [_thread_blocked, id=294044, stack(0x000000fc09500000,0x000000fc09600000) (1024K)]
  0x0000029f2eee7c20 JavaThread "Unconstrained build operations Thread 230"        [_thread_blocked, id=294048, stack(0x000000fc09600000,0x000000fc09700000) (1024K)]
  0x0000029f2eeeb730 JavaThread "Unconstrained build operations Thread 231"        [_thread_blocked, id=294052, stack(0x000000fc09700000,0x000000fc09800000) (1024K)]
  0x0000029f2eee8940 JavaThread "Unconstrained build operations Thread 232"        [_thread_blocked, id=294056, stack(0x000000fc09800000,0x000000fc09900000) (1024K)]
  0x0000029f2eee82b0 JavaThread "Unconstrained build operations Thread 233"        [_thread_blocked, id=294060, stack(0x000000fc09900000,0x000000fc09a00000) (1024K)]
  0x0000029f2eeee520 JavaThread "Unconstrained build operations Thread 234"        [_thread_blocked, id=294064, stack(0x000000fc09a00000,0x000000fc09b00000) (1024K)]
  0x0000029f2eeed800 JavaThread "Unconstrained build operations Thread 235"        [_thread_blocked, id=294076, stack(0x000000fc09b00000,0x000000fc09c00000) (1024K)]
  0x0000029f2eeede90 JavaThread "Unconstrained build operations Thread 236"        [_thread_blocked, id=294080, stack(0x000000fc09c00000,0x000000fc09d00000) (1024K)]
  0x0000029f2eeecae0 JavaThread "Unconstrained build operations Thread 237"        [_thread_blocked, id=294084, stack(0x000000fc09d00000,0x000000fc09e00000) (1024K)]
  0x0000029f2eeeebb0 JavaThread "Unconstrained build operations Thread 238"        [_thread_blocked, id=294088, stack(0x000000fc09e00000,0x000000fc09f00000) (1024K)]
  0x0000029f2eeef240 JavaThread "Unconstrained build operations Thread 239"        [_thread_blocked, id=294092, stack(0x000000fc09f00000,0x000000fc0a000000) (1024K)]
  0x0000029f2eeebdc0 JavaThread "Unconstrained build operations Thread 240"        [_thread_blocked, id=294096, stack(0x000000fc0a000000,0x000000fc0a100000) (1024K)]
  0x0000029f2eef05f0 JavaThread "Unconstrained build operations Thread 241"        [_thread_blocked, id=294100, stack(0x000000fc0a100000,0x000000fc0a200000) (1024K)]
  0x0000029f2eeed170 JavaThread "Unconstrained build operations Thread 242"        [_thread_blocked, id=294104, stack(0x000000fc0a200000,0x000000fc0a300000) (1024K)]
  0x0000029f2eef19a0 JavaThread "Unconstrained build operations Thread 243"        [_thread_blocked, id=294108, stack(0x000000fc0a300000,0x000000fc0a400000) (1024K)]
  0x0000029f2eef3a70 JavaThread "Unconstrained build operations Thread 244"        [_thread_blocked, id=294112, stack(0x000000fc0a400000,0x000000fc0a500000) (1024K)]
  0x0000029f2eef4100 JavaThread "Unconstrained build operations Thread 245"        [_thread_blocked, id=294116, stack(0x000000fc0a500000,0x000000fc0a600000) (1024K)]
  0x0000029f2eef2030 JavaThread "Unconstrained build operations Thread 246"        [_thread_blocked, id=294120, stack(0x000000fc0a600000,0x000000fc0a700000) (1024K)]
  0x0000029f2eef26c0 JavaThread "Unconstrained build operations Thread 247"        [_thread_blocked, id=294124, stack(0x000000fc0a700000,0x000000fc0a800000) (1024K)]
  0x0000029f2eef2d50 JavaThread "Unconstrained build operations Thread 248"        [_thread_blocked, id=294128, stack(0x000000fc0a800000,0x000000fc0a900000) (1024K)]
  0x0000029f2eefde80 JavaThread "Unconstrained build operations Thread 249"        [_thread_blocked, id=294132, stack(0x000000fc0a900000,0x000000fc0aa00000) (1024K)]
  0x0000029f2f106800 JavaThread "Unconstrained build operations Thread 250"        [_thread_blocked, id=294136, stack(0x000000fc0aa00000,0x000000fc0ab00000) (1024K)]
  0x0000029f2f105450 JavaThread "Unconstrained build operations Thread 251"        [_thread_blocked, id=294140, stack(0x000000fc0ab00000,0x000000fc0ac00000) (1024K)]
  0x0000029f2f105ae0 JavaThread "Unconstrained build operations Thread 252"        [_thread_blocked, id=294144, stack(0x000000fc0ac00000,0x000000fc0ad00000) (1024K)]
  0x0000029f2f106170 JavaThread "Unconstrained build operations Thread 253"        [_thread_blocked, id=294148, stack(0x000000fc0ad00000,0x000000fc0ae00000) (1024K)]
  0x0000029f2f103380 JavaThread "Unconstrained build operations Thread 254"        [_thread_blocked, id=294152, stack(0x000000fc0ae00000,0x000000fc0af00000) (1024K)]
  0x0000029f2f1040a0 JavaThread "Unconstrained build operations Thread 255"        [_thread_blocked, id=294156, stack(0x000000fc0af00000,0x000000fc0b000000) (1024K)]
  0x0000029f2f10a9a0 JavaThread "Unconstrained build operations Thread 256"        [_thread_blocked, id=294160, stack(0x000000fc0b000000,0x000000fc0b100000) (1024K)]
  0x0000029f30dfff40 JavaThread "Unconstrained build operations Thread 257"        [_thread_blocked, id=294164, stack(0x000000fc0b100000,0x000000fc0b200000) (1024K)]
  0x0000029f30e02010 JavaThread "Unconstrained build operations Thread 258"        [_thread_blocked, id=294168, stack(0x000000fc0b200000,0x000000fc0b300000) (1024K)]
  0x0000029f30e01980 JavaThread "Unconstrained build operations Thread 259"        [_thread_blocked, id=294172, stack(0x000000fc0b300000,0x000000fc0b400000) (1024K)]
  0x0000029f30e005d0 JavaThread "Unconstrained build operations Thread 260"        [_thread_blocked, id=294176, stack(0x000000fc0b400000,0x000000fc0b500000) (1024K)]
  0x0000029f30dff8b0 JavaThread "Unconstrained build operations Thread 261"        [_thread_blocked, id=294180, stack(0x000000fc0b500000,0x000000fc0b600000) (1024K)]
  0x0000029f30dff220 JavaThread "Unconstrained build operations Thread 262"        [_thread_blocked, id=294184, stack(0x000000fc0b600000,0x000000fc0b700000) (1024K)]
  0x0000029f30e02d30 JavaThread "Unconstrained build operations Thread 263"        [_thread_blocked, id=294188, stack(0x000000fc0b700000,0x000000fc0b800000) (1024K)]
  0x0000029f30e026a0 JavaThread "Unconstrained build operations Thread 264"        [_thread_blocked, id=294192, stack(0x000000fc0b800000,0x000000fc0b900000) (1024K)]
  0x0000029f30e012f0 JavaThread "Unconstrained build operations Thread 265"        [_thread_blocked, id=294196, stack(0x000000fc0b900000,0x000000fc0ba00000) (1024K)]
  0x0000029f30e040e0 JavaThread "Unconstrained build operations Thread 266"        [_thread_blocked, id=294236, stack(0x000000fc0ba00000,0x000000fc0bb00000) (1024K)]
  0x0000029f30e00c60 JavaThread "Unconstrained build operations Thread 267"        [_thread_blocked, id=294240, stack(0x000000fc0bb00000,0x000000fc0bc00000) (1024K)]
  0x0000029f30e04e00 JavaThread "Unconstrained build operations Thread 268"        [_thread_blocked, id=294244, stack(0x000000fc0bc00000,0x000000fc0bd00000) (1024K)]
  0x0000029f30e04770 JavaThread "Unconstrained build operations Thread 269"        [_thread_blocked, id=294248, stack(0x000000fc0bd00000,0x000000fc0be00000) (1024K)]
  0x0000029f30e06ed0 JavaThread "Unconstrained build operations Thread 270"        [_thread_blocked, id=294252, stack(0x000000fc0be00000,0x000000fc0bf00000) (1024K)]
  0x0000029f30e061b0 JavaThread "Unconstrained build operations Thread 271"        [_thread_blocked, id=294256, stack(0x000000fc0bf00000,0x000000fc0c000000) (1024K)]
  0x0000029f30e05b20 JavaThread "Unconstrained build operations Thread 272"        [_thread_blocked, id=294260, stack(0x000000fc0c000000,0x000000fc0c100000) (1024K)]
  0x0000029f30e07560 JavaThread "Unconstrained build operations Thread 273"        [_thread_blocked, id=294264, stack(0x000000fc0c100000,0x000000fc0c200000) (1024K)]
  0x0000029f30e08280 JavaThread "Unconstrained build operations Thread 274"        [_thread_blocked, id=294268, stack(0x000000fc0c200000,0x000000fc0c300000) (1024K)]
  0x0000029f30e06840 JavaThread "Unconstrained build operations Thread 275"        [_thread_blocked, id=294272, stack(0x000000fc0c300000,0x000000fc0c400000) (1024K)]
  0x0000029f30e08910 JavaThread "Unconstrained build operations Thread 276"        [_thread_blocked, id=294276, stack(0x000000fc0c400000,0x000000fc0c500000) (1024K)]
  0x0000029f30e07bf0 JavaThread "Unconstrained build operations Thread 277"        [_thread_blocked, id=294280, stack(0x000000fc0c500000,0x000000fc0c600000) (1024K)]
  0x0000029f30e05490 JavaThread "Unconstrained build operations Thread 278"        [_thread_blocked, id=294284, stack(0x000000fc0c600000,0x000000fc0c700000) (1024K)]
  0x0000029f30e08fa0 JavaThread "Unconstrained build operations Thread 279"        [_thread_blocked, id=294288, stack(0x000000fc0c700000,0x000000fc0c800000) (1024K)]
  0x0000029f30e0c420 JavaThread "Unconstrained build operations Thread 280"        [_thread_blocked, id=294292, stack(0x000000fc0c800000,0x000000fc0c900000) (1024K)]
  0x0000029f30e0b700 JavaThread "Unconstrained build operations Thread 281"        [_thread_blocked, id=294296, stack(0x000000fc0c900000,0x000000fc0ca00000) (1024K)]
  0x0000029f30e09cc0 JavaThread "Unconstrained build operations Thread 282"        [_thread_blocked, id=294300, stack(0x000000fc0ca00000,0x000000fc0cb00000) (1024K)]
  0x0000029f30e0bd90 JavaThread "Unconstrained build operations Thread 283"        [_thread_blocked, id=294304, stack(0x000000fc0cb00000,0x000000fc0cc00000) (1024K)]
  0x0000029f30e09630 JavaThread "Unconstrained build operations Thread 284"        [_thread_blocked, id=294308, stack(0x000000fc0cc00000,0x000000fc0cd00000) (1024K)]
  0x0000029f30e0a350 JavaThread "Unconstrained build operations Thread 285"        [_thread_blocked, id=294312, stack(0x000000fc0cd00000,0x000000fc0ce00000) (1024K)]
  0x0000029f30e0cab0 JavaThread "Unconstrained build operations Thread 286"        [_thread_blocked, id=294316, stack(0x000000fc0ce00000,0x000000fc0cf00000) (1024K)]
  0x0000029f30e0a9e0 JavaThread "Unconstrained build operations Thread 287"        [_thread_blocked, id=294320, stack(0x000000fc0cf00000,0x000000fc0d000000) (1024K)]
  0x0000029f30e0e4f0 JavaThread "Unconstrained build operations Thread 288"        [_thread_blocked, id=294324, stack(0x000000fc0d000000,0x000000fc0d100000) (1024K)]
  0x0000029f30e0d140 JavaThread "Unconstrained build operations Thread 289"        [_thread_blocked, id=294328, stack(0x000000fc0d100000,0x000000fc0d200000) (1024K)]
  0x0000029f30e0b070 JavaThread "Unconstrained build operations Thread 290"        [_thread_blocked, id=294332, stack(0x000000fc0d200000,0x000000fc0d300000) (1024K)]
  0x0000029f30e0f8a0 JavaThread "Unconstrained build operations Thread 291"        [_thread_blocked, id=294336, stack(0x000000fc0d300000,0x000000fc0d400000) (1024K)]
  0x0000029f30e0ff30 JavaThread "Unconstrained build operations Thread 292"        [_thread_blocked, id=294340, stack(0x000000fc0d400000,0x000000fc0d500000) (1024K)]
  0x0000029f30e10c50 JavaThread "Unconstrained build operations Thread 293"        [_thread_blocked, id=294344, stack(0x000000fc0d500000,0x000000fc0d600000) (1024K)]
  0x0000029f30e0de60 JavaThread "Unconstrained build operations Thread 294"        [_thread_blocked, id=294348, stack(0x000000fc0d600000,0x000000fc0d700000) (1024K)]
  0x0000029f30e0eb80 JavaThread "Unconstrained build operations Thread 295"        [_thread_blocked, id=294352, stack(0x000000fc0d700000,0x000000fc0d800000) (1024K)]
  0x0000029f30e0f210 JavaThread "Unconstrained build operations Thread 296"        [_thread_blocked, id=294356, stack(0x000000fc0d800000,0x000000fc0d900000) (1024K)]
  0x0000029f30e0d7d0 JavaThread "WorkerExecutor Queue Thread 33"        [_thread_blocked, id=294488, stack(0x000000fc0d900000,0x000000fc0da00000) (1024K)]
  0x0000029f30e12000 JavaThread "Unconstrained build operations Thread 297"        [_thread_blocked, id=294496, stack(0x000000fc0da00000,0x000000fc0db00000) (1024K)]
  0x0000029f30e11970 JavaThread "Unconstrained build operations Thread 298"        [_thread_blocked, id=294500, stack(0x000000fc0db00000,0x000000fc0dc00000) (1024K)]
  0x0000029f30e133b0 JavaThread "Unconstrained build operations Thread 299"        [_thread_blocked, id=294504, stack(0x000000fc0dc00000,0x000000fc0dd00000) (1024K)]
  0x0000029f30e12690 JavaThread "Unconstrained build operations Thread 300"        [_thread_blocked, id=294508, stack(0x000000fc0dd00000,0x000000fc0de00000) (1024K)]
  0x0000029f30e13a40 JavaThread "Unconstrained build operations Thread 301"        [_thread_blocked, id=294512, stack(0x000000fc0de00000,0x000000fc0df00000) (1024K)]
  0x0000029f30e12d20 JavaThread "Unconstrained build operations Thread 302"        [_thread_blocked, id=294516, stack(0x000000fc0df00000,0x000000fc0e000000) (1024K)]
  0x0000029f30e140d0 JavaThread "Unconstrained build operations Thread 303"        [_thread_blocked, id=294520, stack(0x000000fc0e000000,0x000000fc0e100000) (1024K)]
  0x0000029f30e14760 JavaThread "Unconstrained build operations Thread 304"        [_thread_blocked, id=294524, stack(0x000000fc0e100000,0x000000fc0e200000) (1024K)]
  0x0000029f30e112e0 JavaThread "Unconstrained build operations Thread 305"        [_thread_blocked, id=294528, stack(0x000000fc0e200000,0x000000fc0e300000) (1024K)]
  0x0000029f30e18270 JavaThread "Unconstrained build operations Thread 306"        [_thread_blocked, id=294532, stack(0x000000fc0e300000,0x000000fc0e400000) (1024K)]
  0x0000029f30e161a0 JavaThread "Unconstrained build operations Thread 307"        [_thread_blocked, id=294536, stack(0x000000fc0e400000,0x000000fc0e500000) (1024K)]
  0x0000029f30e14df0 JavaThread "Unconstrained build operations Thread 308"        [_thread_blocked, id=294540, stack(0x000000fc0e500000,0x000000fc0e600000) (1024K)]
  0x0000029f30e18900 JavaThread "Unconstrained build operations Thread 309"        [_thread_blocked, id=294544, stack(0x000000fc0e600000,0x000000fc0e700000) (1024K)]
  0x0000029f30e15b10 JavaThread "Unconstrained build operations Thread 310"        [_thread_blocked, id=294552, stack(0x000000fc0e700000,0x000000fc0e800000) (1024K)]
  0x0000029f30e16830 JavaThread "Unconstrained build operations Thread 311"        [_thread_blocked, id=294556, stack(0x000000fc0e800000,0x000000fc0e900000) (1024K)]
  0x0000029f30e15480 JavaThread "Unconstrained build operations Thread 312"        [_thread_blocked, id=294560, stack(0x000000fc0e900000,0x000000fc0ea00000) (1024K)]
  0x0000029f30e17550 JavaThread "Unconstrained build operations Thread 313"        [_thread_blocked, id=294564, stack(0x000000fc0ea00000,0x000000fc0eb00000) (1024K)]
  0x0000029f30e16ec0 JavaThread "Unconstrained build operations Thread 314"        [_thread_blocked, id=294568, stack(0x000000fc0eb00000,0x000000fc0ec00000) (1024K)]
  0x0000029f30e17be0 JavaThread "Unconstrained build operations Thread 315"        [_thread_blocked, id=294572, stack(0x000000fc0ec00000,0x000000fc0ed00000) (1024K)]
  0x0000029f30e18f90 JavaThread "Unconstrained build operations Thread 316"        [_thread_blocked, id=294576, stack(0x000000fc0ed00000,0x000000fc0ee00000) (1024K)]
  0x0000029f30e19cb0 JavaThread "Unconstrained build operations Thread 317"        [_thread_blocked, id=294580, stack(0x000000fc0ee00000,0x000000fc0ef00000) (1024K)]
  0x0000029f30e1a340 JavaThread "Unconstrained build operations Thread 318"        [_thread_blocked, id=294584, stack(0x000000fc0ef00000,0x000000fc0f000000) (1024K)]
  0x0000029f30e1a9d0 JavaThread "Unconstrained build operations Thread 319"        [_thread_blocked, id=294588, stack(0x000000fc0f000000,0x000000fc0f100000) (1024K)]
  0x0000029f30e1c410 JavaThread "Unconstrained build operations Thread 320"        [_thread_blocked, id=294592, stack(0x000000fc0f100000,0x000000fc0f200000) (1024K)]
Total: 434

Other Threads:
=>0x0000029f1e3f4f20 VMThread "VM Thread"                           [id=285488, stack(0x000000fc72100000,0x000000fc72200000) (1024K)]
  0x0000029f1dd7f260 WatcherThread "VM Periodic Task Thread"        [id=274228, stack(0x000000fc72000000,0x000000fc72100000) (1024K)]
  0x0000029f0603a1a0 WorkerThread "GC Thread#0"                     [id=262756, stack(0x000000fc71b00000,0x000000fc71c00000) (1024K)]
  0x0000029f2355d8f0 WorkerThread "GC Thread#1"                     [id=261948, stack(0x000000fc72f00000,0x000000fc73000000) (1024K)]
  0x0000029f232eae90 WorkerThread "GC Thread#2"                     [id=293592, stack(0x000000fc73000000,0x000000fc73100000) (1024K)]
  0x0000029f234418a0 WorkerThread "GC Thread#3"                     [id=279352, stack(0x000000fc73100000,0x000000fc73200000) (1024K)]
  0x0000029f23441c40 WorkerThread "GC Thread#4"                     [id=283672, stack(0x000000fc73200000,0x000000fc73300000) (1024K)]
  0x0000029f249b2150 WorkerThread "GC Thread#5"                     [id=293808, stack(0x000000fc73400000,0x000000fc73500000) (1024K)]
  0x0000029f249b24f0 WorkerThread "GC Thread#6"                     [id=278844, stack(0x000000fc73500000,0x000000fc73600000) (1024K)]
  0x0000029f249b69a0 WorkerThread "GC Thread#7"                     [id=290972, stack(0x000000fc73600000,0x000000fc73700000) (1024K)]
  0x0000029f249c6390 WorkerThread "GC Thread#8"                     [id=280476, stack(0x000000fc73700000,0x000000fc73800000) (1024K)]
  0x0000029f249c7950 WorkerThread "GC Thread#9"                     [id=262776, stack(0x000000fc73800000,0x000000fc73900000) (1024K)]
  0x0000029f24c07b30 WorkerThread "GC Thread#10"                    [id=266008, stack(0x000000fc74200000,0x000000fc74300000) (1024K)]
  0x0000029f24c090f0 WorkerThread "GC Thread#11"                    [id=286120, stack(0x000000fc74300000,0x000000fc74400000) (1024K)]
  0x0000029f24c089b0 WorkerThread "GC Thread#12"                    [id=290352, stack(0x000000fc74400000,0x000000fc74500000) (1024K)]
  0x0000029f24c08270 WorkerThread "GC Thread#13"                    [id=262484, stack(0x000000fc74500000,0x000000fc74600000) (1024K)]
  0x0000029f24c07790 WorkerThread "GC Thread#14"                    [id=287724, stack(0x000000fc74600000,0x000000fc74700000) (1024K)]
  0x0000029f24c07ed0 WorkerThread "GC Thread#15"                    [id=290804, stack(0x000000fc74700000,0x000000fc74800000) (1024K)]
  0x0000029f24c08610 WorkerThread "GC Thread#16"                    [id=280520, stack(0x000000fc74800000,0x000000fc74900000) (1024K)]
  0x0000029f24c08d50 WorkerThread "GC Thread#17"                    [id=269072, stack(0x000000fc74900000,0x000000fc74a00000) (1024K)]
  0x0000029f24fbcdf0 WorkerThread "GC Thread#18"                    [id=274088, stack(0x000000fc74a00000,0x000000fc74b00000) (1024K)]
  0x0000029f24fbd8d0 WorkerThread "GC Thread#19"                    [id=289248, stack(0x000000fc74b00000,0x000000fc74c00000) (1024K)]
  0x0000029f24fbd530 WorkerThread "GC Thread#20"                    [id=282072, stack(0x000000fc74c00000,0x000000fc74d00000) (1024K)]
  0x0000029f24fbd190 WorkerThread "GC Thread#21"                    [id=281296, stack(0x000000fc74d00000,0x000000fc74e00000) (1024K)]
  0x0000029f24fbeaf0 WorkerThread "GC Thread#22"                    [id=289912, stack(0x000000fc75600000,0x000000fc75700000) (1024K)]
  0x0000029f06043f90 ConcurrentGCThread "G1 Main Marker"            [id=275596, stack(0x000000fc71c00000,0x000000fc71d00000) (1024K)]
  0x0000029f06045140 WorkerThread "G1 Conc#0"                       [id=271060, stack(0x000000fc71d00000,0x000000fc71e00000) (1024K)]
  0x0000029f24fbdc70 WorkerThread "G1 Conc#1"                       [id=292260, stack(0x000000fc74e00000,0x000000fc74f00000) (1024K)]
  0x0000029f24fbe010 WorkerThread "G1 Conc#2"                       [id=291416, stack(0x000000fc74f00000,0x000000fc75000000) (1024K)]
  0x0000029f24fbf230 WorkerThread "G1 Conc#3"                       [id=273292, stack(0x000000fc75000000,0x000000fc75100000) (1024K)]
  0x0000029f24fbf5d0 WorkerThread "G1 Conc#4"                       [id=265664, stack(0x000000fc75100000,0x000000fc75200000) (1024K)]
  0x0000029f24fbe3b0 WorkerThread "G1 Conc#5"                       [id=285096, stack(0x000000fc75200000,0x000000fc75300000) (1024K)]
  0x0000029f060be920 ConcurrentGCThread "G1 Refine#0"               [id=287088, stack(0x000000fc71e00000,0x000000fc71f00000) (1024K)]
  0x0000029f1dcd65e0 ConcurrentGCThread "G1 Service"                [id=275540, stack(0x000000fc71f00000,0x000000fc72000000) (1024K)]
Total: 34

Threads with active compile tasks:
C2 CompilerThread0  23615 24092       4       com.android.tools.r8.internal.sv2::a (500 bytes)
C2 CompilerThread1  23615 22440       4       com.android.tools.r8.internal.ot::a (4509 bytes)
C2 CompilerThread2  23615 23969       4       com.android.tools.r8.internal.r32::c (803 bytes)
Total: 3

VM state: at safepoint (normal execution)

VM Mutex/Monitor currently owned by a thread:  ([mutex/lock_event])
[0x00007fffb41c85b8] Threads_lock - owner thread: 0x0000029f1e3f4f20
[0x00007fffb41c86b8] Heap_lock - owner thread: 0x0000029f247ccbe0

Heap address: 0x00000000c0000000, size: 1024 MB, Compressed Oops mode: 32-bit

CDS archive(s) not mapped
Compressed class space mapped at: 0x0000000100000000-0x0000000140000000, reserved size: 1073741824
Narrow klass base: 0x0000000000000000, Narrow klass shift: 3, Narrow klass range: 0x140000000

GC Precious Log:
 CardTable entry size: 512
 Card Set container configuration: InlinePtr #cards 5 size 8 Array Of Cards #cards 12 size 40 Howl #buckets 4 coarsen threshold 1843 Howl Bitmap #cards 512 size 80 coarsen threshold 460 Card regions per heap region 1 cards per card region 2048
 CPUs: 32 total, 32 available
 Memory: 15540M
 Large Page Support: Disabled
 NUMA Support: Disabled
 Compressed Oops: Enabled (32-bit)
 Heap Region Size: 1M
 Heap Min Capacity: 8M
 Heap Initial Capacity: 244M
 Heap Max Capacity: 1G
 Pre-touch: Disabled
 Parallel Workers: 23
 Concurrent Workers: 6
 Concurrent Refinement Workers: 23
 Periodic GC: Disabled

Heap:
 garbage-first heap   total 700416K, used 423538K [0x00000000c0000000, 0x0000000100000000)
  region size 1024K, 10 young (10240K), 10 survivors (10240K)
 Metaspace       used 160038K, committed 162432K, reserved 1245184K
  class space    used 23565K, committed 24768K, reserved 1048576K

Heap Regions: E=young(eden), S=young(survivor), O=old, HS=humongous(starts), HC=humongous(continues), CS=collection set, F=free, TAMS=top-at-mark-start, PB=parsable bottom
|   0|0x00000000c0000000, 0x00000000c0100000, 0x00000000c0100000|100%|HS|  |TAMS 0x00000000c0100000| PB 0x00000000c0000000| Complete 
|   1|0x00000000c0100000, 0x00000000c0200000, 0x00000000c0200000|100%|HC|  |TAMS 0x00000000c0200000| PB 0x00000000c0100000| Complete 
|   2|0x00000000c0200000, 0x00000000c0300000, 0x00000000c0300000|100%|HC|  |TAMS 0x00000000c0300000| PB 0x00000000c0200000| Complete 
|   3|0x00000000c0300000, 0x00000000c0400000, 0x00000000c0400000|100%| O|  |TAMS 0x00000000c0400000| PB 0x00000000c0300000| Untracked 
|   4|0x00000000c0400000, 0x00000000c0500000, 0x00000000c0500000|100%| O|  |TAMS 0x00000000c0500000| PB 0x00000000c0400000| Untracked 
|   5|0x00000000c0500000, 0x00000000c0600000, 0x00000000c0600000|100%| O|  |TAMS 0x00000000c0600000| PB 0x00000000c0500000| Untracked 
|   6|0x00000000c0600000, 0x00000000c0700000, 0x00000000c0700000|100%|HS|  |TAMS 0x00000000c0700000| PB 0x00000000c0600000| Complete 
|   7|0x00000000c0700000, 0x00000000c0800000, 0x00000000c0800000|100%| O|  |TAMS 0x00000000c0800000| PB 0x00000000c0700000| Untracked 
|   8|0x00000000c0800000, 0x00000000c0900000, 0x00000000c0900000|100%| O|  |TAMS 0x00000000c0900000| PB 0x00000000c0800000| Untracked 
|   9|0x00000000c0900000, 0x00000000c0a00000, 0x00000000c0a00000|100%| O|  |TAMS 0x00000000c0a00000| PB 0x00000000c0900000| Untracked 
|  10|0x00000000c0a00000, 0x00000000c0b00000, 0x00000000c0b00000|100%| O|  |TAMS 0x00000000c0b00000| PB 0x00000000c0a00000| Untracked 
|  11|0x00000000c0b00000, 0x00000000c0c00000, 0x00000000c0c00000|100%| O|  |TAMS 0x00000000c0c00000| PB 0x00000000c0b00000| Untracked 
|  12|0x00000000c0c00000, 0x00000000c0d00000, 0x00000000c0d00000|100%| O|  |TAMS 0x00000000c0d00000| PB 0x00000000c0c00000| Untracked 
|  13|0x00000000c0d00000, 0x00000000c0e00000, 0x00000000c0e00000|100%| O|  |TAMS 0x00000000c0e00000| PB 0x00000000c0d00000| Untracked 
|  14|0x00000000c0e00000, 0x00000000c0f00000, 0x00000000c0f00000|100%| O|  |TAMS 0x00000000c0f00000| PB 0x00000000c0e00000| Untracked 
|  15|0x00000000c0f00000, 0x00000000c1000000, 0x00000000c1000000|100%| O|  |TAMS 0x00000000c1000000| PB 0x00000000c0f00000| Untracked 
|  16|0x00000000c1000000, 0x00000000c1100000, 0x00000000c1100000|100%| O|  |TAMS 0x00000000c1100000| PB 0x00000000c1000000| Untracked 
|  17|0x00000000c1100000, 0x00000000c1200000, 0x00000000c1200000|100%| O|  |TAMS 0x00000000c1200000| PB 0x00000000c1100000| Untracked 
|  18|0x00000000c1200000, 0x00000000c1300000, 0x00000000c1300000|100%| O|  |TAMS 0x00000000c1300000| PB 0x00000000c1200000| Untracked 
|  19|0x00000000c1300000, 0x00000000c1400000, 0x00000000c1400000|100%| O|  |TAMS 0x00000000c1400000| PB 0x00000000c1300000| Untracked 
|  20|0x00000000c1400000, 0x00000000c1500000, 0x00000000c1500000|100%| O|  |TAMS 0x00000000c1500000| PB 0x00000000c1400000| Updating 
|  21|0x00000000c1500000, 0x00000000c1600000, 0x00000000c1600000|100%| O|  |TAMS 0x00000000c1600000| PB 0x00000000c1500000| Updating 
|  22|0x00000000c1600000, 0x00000000c1700000, 0x00000000c1700000|100%| O|  |TAMS 0x00000000c1700000| PB 0x00000000c1600000| Updating 
|  23|0x00000000c1700000, 0x00000000c1800000, 0x00000000c1800000|100%| O|  |TAMS 0x00000000c1800000| PB 0x00000000c1700000| Untracked 
|  24|0x00000000c1800000, 0x00000000c1900000, 0x00000000c1900000|100%| O|  |TAMS 0x00000000c1900000| PB 0x00000000c1800000| Untracked 
|  25|0x00000000c1900000, 0x00000000c1a00000, 0x00000000c1a00000|100%|HS|  |TAMS 0x00000000c1a00000| PB 0x00000000c1900000| Complete 
|  26|0x00000000c1a00000, 0x00000000c1b00000, 0x00000000c1b00000|100%|HC|  |TAMS 0x00000000c1b00000| PB 0x00000000c1a00000| Complete 
|  27|0x00000000c1b00000, 0x00000000c1c00000, 0x00000000c1c00000|100%| O|  |TAMS 0x00000000c1c00000| PB 0x00000000c1b00000| Untracked 
|  28|0x00000000c1c00000, 0x00000000c1d00000, 0x00000000c1d00000|100%| O|  |TAMS 0x00000000c1d00000| PB 0x00000000c1c00000| Untracked 
|  29|0x00000000c1d00000, 0x00000000c1e00000, 0x00000000c1e00000|100%| O|  |TAMS 0x00000000c1e00000| PB 0x00000000c1d00000| Untracked 
|  30|0x00000000c1e00000, 0x00000000c1f00000, 0x00000000c1f00000|100%| O|  |TAMS 0x00000000c1f00000| PB 0x00000000c1e00000| Updating 
|  31|0x00000000c1f00000, 0x00000000c2000000, 0x00000000c2000000|100%| O|  |TAMS 0x00000000c2000000| PB 0x00000000c1f00000| Untracked 
|  32|0x00000000c2000000, 0x00000000c2100000, 0x00000000c2100000|100%| O|  |TAMS 0x00000000c2100000| PB 0x00000000c2000000| Untracked 
|  33|0x00000000c2100000, 0x00000000c2200000, 0x00000000c2200000|100%| O|  |TAMS 0x00000000c2200000| PB 0x00000000c2100000| Untracked 
|  34|0x00000000c2200000, 0x00000000c2300000, 0x00000000c2300000|100%| O|  |TAMS 0x00000000c2300000| PB 0x00000000c2200000| Untracked 
|  35|0x00000000c2300000, 0x00000000c2400000, 0x00000000c2400000|100%| O|  |TAMS 0x00000000c2400000| PB 0x00000000c2300000| Untracked 
|  36|0x00000000c2400000, 0x00000000c2500000, 0x00000000c2500000|100%| O|  |TAMS 0x00000000c2500000| PB 0x00000000c2400000| Untracked 
|  37|0x00000000c2500000, 0x00000000c2600000, 0x00000000c2600000|100%| O|  |TAMS 0x00000000c2600000| PB 0x00000000c2500000| Untracked 
|  38|0x00000000c2600000, 0x00000000c2700000, 0x00000000c2700000|100%| O|  |TAMS 0x00000000c2700000| PB 0x00000000c2600000| Untracked 
|  39|0x00000000c2700000, 0x00000000c2800000, 0x00000000c2800000|100%| O|  |TAMS 0x00000000c2800000| PB 0x00000000c2700000| Updating 
|  40|0x00000000c2800000, 0x00000000c2900000, 0x00000000c2900000|100%| O|  |TAMS 0x00000000c2900000| PB 0x00000000c2800000| Updating 
|  41|0x00000000c2900000, 0x00000000c2a00000, 0x00000000c2a00000|100%| O|  |TAMS 0x00000000c2a00000| PB 0x00000000c2900000| Untracked 
|  42|0x00000000c2a00000, 0x00000000c2b00000, 0x00000000c2b00000|100%| O|  |TAMS 0x00000000c2b00000| PB 0x00000000c2a00000| Updating 
|  43|0x00000000c2b00000, 0x00000000c2c00000, 0x00000000c2c00000|100%| O|  |TAMS 0x00000000c2c00000| PB 0x00000000c2b00000| Untracked 
|  44|0x00000000c2c00000, 0x00000000c2d00000, 0x00000000c2d00000|100%| O|  |TAMS 0x00000000c2d00000| PB 0x00000000c2c00000| Untracked 
|  45|0x00000000c2d00000, 0x00000000c2e00000, 0x00000000c2e00000|100%| O|  |TAMS 0x00000000c2e00000| PB 0x00000000c2d00000| Untracked 
|  46|0x00000000c2e00000, 0x00000000c2f00000, 0x00000000c2f00000|100%| O|  |TAMS 0x00000000c2f00000| PB 0x00000000c2e00000| Untracked 
|  47|0x00000000c2f00000, 0x00000000c3000000, 0x00000000c3000000|100%| O|  |TAMS 0x00000000c3000000| PB 0x00000000c2f00000| Untracked 
|  48|0x00000000c3000000, 0x00000000c3100000, 0x00000000c3100000|100%| O|  |TAMS 0x00000000c3100000| PB 0x00000000c3000000| Updating 
|  49|0x00000000c3100000, 0x00000000c3200000, 0x00000000c3200000|100%|HS|  |TAMS 0x00000000c3200000| PB 0x00000000c3100000| Complete 
|  50|0x00000000c3200000, 0x00000000c3300000, 0x00000000c3300000|100%|HS|  |TAMS 0x00000000c3300000| PB 0x00000000c3200000| Complete 
|  51|0x00000000c3300000, 0x00000000c3400000, 0x00000000c3400000|100%|HS|  |TAMS 0x00000000c3400000| PB 0x00000000c3300000| Complete 
|  52|0x00000000c3400000, 0x00000000c3500000, 0x00000000c3500000|100%|HC|  |TAMS 0x00000000c3500000| PB 0x00000000c3400000| Complete 
|  53|0x00000000c3500000, 0x00000000c3600000, 0x00000000c3600000|100%| O|  |TAMS 0x00000000c3600000| PB 0x00000000c3500000| Untracked 
|  54|0x00000000c3600000, 0x00000000c3700000, 0x00000000c3700000|100%|HS|  |TAMS 0x00000000c3700000| PB 0x00000000c3600000| Complete 
|  55|0x00000000c3700000, 0x00000000c3800000, 0x00000000c3800000|100%|HC|  |TAMS 0x00000000c3800000| PB 0x00000000c3700000| Complete 
|  56|0x00000000c3800000, 0x00000000c3900000, 0x00000000c3900000|100%|HS|  |TAMS 0x00000000c3900000| PB 0x00000000c3800000| Complete 
|  57|0x00000000c3900000, 0x00000000c3a00000, 0x00000000c3a00000|100%|HC|  |TAMS 0x00000000c3a00000| PB 0x00000000c3900000| Complete 
|  58|0x00000000c3a00000, 0x00000000c3b00000, 0x00000000c3b00000|100%|HC|  |TAMS 0x00000000c3b00000| PB 0x00000000c3a00000| Complete 
|  59|0x00000000c3b00000, 0x00000000c3c00000, 0x00000000c3c00000|100%|HS|  |TAMS 0x00000000c3c00000| PB 0x00000000c3b00000| Complete 
|  60|0x00000000c3c00000, 0x00000000c3d00000, 0x00000000c3d00000|100%|HS|  |TAMS 0x00000000c3d00000| PB 0x00000000c3c00000| Complete 
|  61|0x00000000c3d00000, 0x00000000c3e00000, 0x00000000c3e00000|100%| O|  |TAMS 0x00000000c3e00000| PB 0x00000000c3d00000| Untracked 
|  62|0x00000000c3e00000, 0x00000000c3f00000, 0x00000000c3f00000|100%|HS|  |TAMS 0x00000000c3f00000| PB 0x00000000c3e00000| Complete 
|  63|0x00000000c3f00000, 0x00000000c4000000, 0x00000000c4000000|100%|HS|  |TAMS 0x00000000c4000000| PB 0x00000000c3f00000| Complete 
|  64|0x00000000c4000000, 0x00000000c4100000, 0x00000000c4100000|100%| O|  |TAMS 0x00000000c4100000| PB 0x00000000c4000000| Untracked 
|  65|0x00000000c4100000, 0x00000000c4200000, 0x00000000c4200000|100%| O|  |TAMS 0x00000000c4200000| PB 0x00000000c4100000| Untracked 
|  66|0x00000000c4200000, 0x00000000c4300000, 0x00000000c4300000|100%| O|  |TAMS 0x00000000c4300000| PB 0x00000000c4200000| Updating 
|  67|0x00000000c4300000, 0x00000000c4400000, 0x00000000c4400000|100%| O|  |TAMS 0x00000000c4400000| PB 0x00000000c4300000| Untracked 
|  68|0x00000000c4400000, 0x00000000c4500000, 0x00000000c4500000|100%| O|  |TAMS 0x00000000c4500000| PB 0x00000000c4400000| Untracked 
|  69|0x00000000c4500000, 0x00000000c4600000, 0x00000000c4600000|100%| O|  |TAMS 0x00000000c4600000| PB 0x00000000c4500000| Updating 
|  70|0x00000000c4600000, 0x00000000c4700000, 0x00000000c4700000|100%| O|  |TAMS 0x00000000c4700000| PB 0x00000000c4600000| Untracked 
|  71|0x00000000c4700000, 0x00000000c4800000, 0x00000000c4800000|100%| O|  |TAMS 0x00000000c4800000| PB 0x00000000c4700000| Untracked 
|  72|0x00000000c4800000, 0x00000000c4900000, 0x00000000c4900000|100%| O|  |TAMS 0x00000000c4900000| PB 0x00000000c4800000| Untracked 
|  73|0x00000000c4900000, 0x00000000c4a00000, 0x00000000c4a00000|100%|HS|  |TAMS 0x00000000c4a00000| PB 0x00000000c4900000| Complete 
|  74|0x00000000c4a00000, 0x00000000c4b00000, 0x00000000c4b00000|100%| O|  |TAMS 0x00000000c4b00000| PB 0x00000000c4a00000| Untracked 
|  75|0x00000000c4b00000, 0x00000000c4c00000, 0x00000000c4c00000|100%| O|  |TAMS 0x00000000c4c00000| PB 0x00000000c4b00000| Untracked 
|  76|0x00000000c4c00000, 0x00000000c4d00000, 0x00000000c4d00000|100%| O|  |TAMS 0x00000000c4d00000| PB 0x00000000c4c00000| Untracked 
|  77|0x00000000c4d00000, 0x00000000c4e00000, 0x00000000c4e00000|100%| O|  |TAMS 0x00000000c4e00000| PB 0x00000000c4d00000| Untracked 
|  78|0x00000000c4e00000, 0x00000000c4f00000, 0x00000000c4f00000|100%| O|  |TAMS 0x00000000c4f00000| PB 0x00000000c4e00000| Untracked 
|  79|0x00000000c4f00000, 0x00000000c5000000, 0x00000000c5000000|100%|HS|  |TAMS 0x00000000c5000000| PB 0x00000000c4f00000| Complete 
|  80|0x00000000c5000000, 0x00000000c5100000, 0x00000000c5100000|100%|HC|  |TAMS 0x00000000c5100000| PB 0x00000000c5000000| Complete 
|  81|0x00000000c5100000, 0x00000000c5200000, 0x00000000c5200000|100%|HC|  |TAMS 0x00000000c5200000| PB 0x00000000c5100000| Complete 
|  82|0x00000000c5200000, 0x00000000c5300000, 0x00000000c5300000|100%| O|  |TAMS 0x00000000c5300000| PB 0x00000000c5200000| Untracked 
|  83|0x00000000c5300000, 0x00000000c5400000, 0x00000000c5400000|100%| O|  |TAMS 0x00000000c5400000| PB 0x00000000c5300000| Untracked 
|  84|0x00000000c5400000, 0x00000000c5500000, 0x00000000c5500000|100%| O|  |TAMS 0x00000000c5500000| PB 0x00000000c5400000| Untracked 
|  85|0x00000000c5500000, 0x00000000c5600000, 0x00000000c5600000|100%| O|  |TAMS 0x00000000c5600000| PB 0x00000000c5500000| Updating 
|  86|0x00000000c5600000, 0x00000000c5700000, 0x00000000c5700000|100%| O|  |TAMS 0x00000000c5700000| PB 0x00000000c5600000| Untracked 
|  87|0x00000000c5700000, 0x00000000c5800000, 0x00000000c5800000|100%| O|  |TAMS 0x00000000c5800000| PB 0x00000000c5700000| Updating 
|  88|0x00000000c5800000, 0x00000000c5900000, 0x00000000c5900000|100%| O|  |TAMS 0x00000000c5900000| PB 0x00000000c5800000| Untracked 
|  89|0x00000000c5900000, 0x00000000c5a00000, 0x00000000c5a00000|100%| O|  |TAMS 0x00000000c5a00000| PB 0x00000000c5900000| Untracked 
|  90|0x00000000c5a00000, 0x00000000c5b00000, 0x00000000c5b00000|100%| O|  |TAMS 0x00000000c5b00000| PB 0x00000000c5a00000| Untracked 
|  91|0x00000000c5b00000, 0x00000000c5c00000, 0x00000000c5c00000|100%| O|  |TAMS 0x00000000c5c00000| PB 0x00000000c5b00000| Untracked 
|  92|0x00000000c5c00000, 0x00000000c5d00000, 0x00000000c5d00000|100%| O|  |TAMS 0x00000000c5d00000| PB 0x00000000c5c00000| Untracked 
|  93|0x00000000c5d00000, 0x00000000c5e00000, 0x00000000c5e00000|100%| O|  |TAMS 0x00000000c5e00000| PB 0x00000000c5d00000| Updating 
|  94|0x00000000c5e00000, 0x00000000c5f00000, 0x00000000c5f00000|100%| O|  |TAMS 0x00000000c5f00000| PB 0x00000000c5e00000| Untracked 
|  95|0x00000000c5f00000, 0x00000000c6000000, 0x00000000c6000000|100%| O|  |TAMS 0x00000000c6000000| PB 0x00000000c5f00000| Untracked 
|  96|0x00000000c6000000, 0x00000000c6100000, 0x00000000c6100000|100%| O|  |TAMS 0x00000000c6100000| PB 0x00000000c6000000| Untracked 
|  97|0x00000000c6100000, 0x00000000c6200000, 0x00000000c6200000|100%| O|  |TAMS 0x00000000c6200000| PB 0x00000000c6100000| Untracked 
|  98|0x00000000c6200000, 0x00000000c6300000, 0x00000000c6300000|100%| O|  |TAMS 0x00000000c6300000| PB 0x00000000c6200000| Updating 
|  99|0x00000000c6300000, 0x00000000c6400000, 0x00000000c6400000|100%| O|  |TAMS 0x00000000c6400000| PB 0x00000000c6300000| Untracked 
| 100|0x00000000c6400000, 0x00000000c6500000, 0x00000000c6500000|100%| O|  |TAMS 0x00000000c6500000| PB 0x00000000c6400000| Untracked 
| 101|0x00000000c6500000, 0x00000000c6600000, 0x00000000c6600000|100%| O|  |TAMS 0x00000000c6600000| PB 0x00000000c6500000| Untracked 
| 102|0x00000000c6600000, 0x00000000c6700000, 0x00000000c6700000|100%| O|  |TAMS 0x00000000c6700000| PB 0x00000000c6600000| Untracked 
| 103|0x00000000c6700000, 0x00000000c6800000, 0x00000000c6800000|100%| O|  |TAMS 0x00000000c6800000| PB 0x00000000c6700000| Untracked 
| 104|0x00000000c6800000, 0x00000000c6900000, 0x00000000c6900000|100%| O|  |TAMS 0x00000000c6900000| PB 0x00000000c6800000| Untracked 
| 105|0x00000000c6900000, 0x00000000c6a00000, 0x00000000c6a00000|100%| O|  |TAMS 0x00000000c6a00000| PB 0x00000000c6900000| Untracked 
| 106|0x00000000c6a00000, 0x00000000c6b00000, 0x00000000c6b00000|100%| O|  |TAMS 0x00000000c6b00000| PB 0x00000000c6a00000| Untracked 
| 107|0x00000000c6b00000, 0x00000000c6c00000, 0x00000000c6c00000|100%| O|  |TAMS 0x00000000c6c00000| PB 0x00000000c6b00000| Untracked 
| 108|0x00000000c6c00000, 0x00000000c6d00000, 0x00000000c6d00000|100%| O|  |TAMS 0x00000000c6d00000| PB 0x00000000c6c00000| Untracked 
| 109|0x00000000c6d00000, 0x00000000c6e00000, 0x00000000c6e00000|100%| O|  |TAMS 0x00000000c6e00000| PB 0x00000000c6d00000| Untracked 
| 110|0x00000000c6e00000, 0x00000000c6f00000, 0x00000000c6f00000|100%| O|  |TAMS 0x00000000c6f00000| PB 0x00000000c6e00000| Untracked 
| 111|0x00000000c6f00000, 0x00000000c7000000, 0x00000000c7000000|100%| O|  |TAMS 0x00000000c7000000| PB 0x00000000c6f00000| Untracked 
| 112|0x00000000c7000000, 0x00000000c7100000, 0x00000000c7100000|100%| O|  |TAMS 0x00000000c7100000| PB 0x00000000c7000000| Untracked 
| 113|0x00000000c7100000, 0x00000000c7200000, 0x00000000c7200000|100%| O|  |TAMS 0x00000000c7200000| PB 0x00000000c7100000| Updating 
| 114|0x00000000c7200000, 0x00000000c7300000, 0x00000000c7300000|100%| O|  |TAMS 0x00000000c7300000| PB 0x00000000c7200000| Untracked 
| 115|0x00000000c7300000, 0x00000000c7400000, 0x00000000c7400000|100%| O|  |TAMS 0x00000000c7400000| PB 0x00000000c7300000| Untracked 
| 116|0x00000000c7400000, 0x00000000c7500000, 0x00000000c7500000|100%| O|  |TAMS 0x00000000c7500000| PB 0x00000000c7400000| Untracked 
| 117|0x00000000c7500000, 0x00000000c7600000, 0x00000000c7600000|100%| O|  |TAMS 0x00000000c7600000| PB 0x00000000c7500000| Untracked 
| 118|0x00000000c7600000, 0x00000000c7700000, 0x00000000c7700000|100%| O|  |TAMS 0x00000000c7700000| PB 0x00000000c7600000| Untracked 
| 119|0x00000000c7700000, 0x00000000c7800000, 0x00000000c7800000|100%| O|  |TAMS 0x00000000c7800000| PB 0x00000000c7700000| Updating 
| 120|0x00000000c7800000, 0x00000000c7900000, 0x00000000c7900000|100%| O|  |TAMS 0x00000000c7900000| PB 0x00000000c7800000| Untracked 
| 121|0x00000000c7900000, 0x00000000c7a00000, 0x00000000c7a00000|100%| O|  |TAMS 0x00000000c7a00000| PB 0x00000000c7900000| Untracked 
| 122|0x00000000c7a00000, 0x00000000c7b00000, 0x00000000c7b00000|100%| O|  |TAMS 0x00000000c7b00000| PB 0x00000000c7a00000| Untracked 
| 123|0x00000000c7b00000, 0x00000000c7c00000, 0x00000000c7c00000|100%| O|  |TAMS 0x00000000c7c00000| PB 0x00000000c7b00000| Untracked 
| 124|0x00000000c7c00000, 0x00000000c7d00000, 0x00000000c7d00000|100%| O|  |TAMS 0x00000000c7d00000| PB 0x00000000c7c00000| Untracked 
| 125|0x00000000c7d00000, 0x00000000c7e00000, 0x00000000c7e00000|100%| O|  |TAMS 0x00000000c7e00000| PB 0x00000000c7d00000| Untracked 
| 126|0x00000000c7e00000, 0x00000000c7f00000, 0x00000000c7f00000|100%| O|  |TAMS 0x00000000c7f00000| PB 0x00000000c7e00000| Untracked 
| 127|0x00000000c7f00000, 0x00000000c8000000, 0x00000000c8000000|100%| O|  |TAMS 0x00000000c8000000| PB 0x00000000c7f00000| Untracked 
| 128|0x00000000c8000000, 0x00000000c8100000, 0x00000000c8100000|100%| O|  |TAMS 0x00000000c8100000| PB 0x00000000c8000000| Untracked 
| 129|0x00000000c8100000, 0x00000000c8200000, 0x00000000c8200000|100%| O|  |TAMS 0x00000000c8200000| PB 0x00000000c8100000| Untracked 
| 130|0x00000000c8200000, 0x00000000c8300000, 0x00000000c8300000|100%| O|  |TAMS 0x00000000c8300000| PB 0x00000000c8200000| Untracked 
| 131|0x00000000c8300000, 0x00000000c8400000, 0x00000000c8400000|100%| O|  |TAMS 0x00000000c8400000| PB 0x00000000c8300000| Untracked 
| 132|0x00000000c8400000, 0x00000000c8500000, 0x00000000c8500000|100%| O|  |TAMS 0x00000000c8500000| PB 0x00000000c8400000| Updating 
| 133|0x00000000c8500000, 0x00000000c8600000, 0x00000000c8600000|100%| O|  |TAMS 0x00000000c8600000| PB 0x00000000c8500000| Updating 
| 134|0x00000000c8600000, 0x00000000c8700000, 0x00000000c8700000|100%| O|  |TAMS 0x00000000c8700000| PB 0x00000000c8600000| Untracked 
| 135|0x00000000c8700000, 0x00000000c8800000, 0x00000000c8800000|100%| O|  |TAMS 0x00000000c8800000| PB 0x00000000c8700000| Updating 
| 136|0x00000000c8800000, 0x00000000c8900000, 0x00000000c8900000|100%| O|  |TAMS 0x00000000c8900000| PB 0x00000000c8800000| Untracked 
| 137|0x00000000c8900000, 0x00000000c8a00000, 0x00000000c8a00000|100%| O|  |TAMS 0x00000000c8a00000| PB 0x00000000c8900000| Untracked 
| 138|0x00000000c8a00000, 0x00000000c8b00000, 0x00000000c8b00000|100%| O|  |TAMS 0x00000000c8b00000| PB 0x00000000c8a00000| Untracked 
| 139|0x00000000c8b00000, 0x00000000c8c00000, 0x00000000c8c00000|100%| O|  |TAMS 0x00000000c8c00000| PB 0x00000000c8b00000| Untracked 
| 140|0x00000000c8c00000, 0x00000000c8d00000, 0x00000000c8d00000|100%| O|  |TAMS 0x00000000c8d00000| PB 0x00000000c8c00000| Untracked 
| 141|0x00000000c8d00000, 0x00000000c8e00000, 0x00000000c8e00000|100%| O|  |TAMS 0x00000000c8e00000| PB 0x00000000c8d00000| Untracked 
| 142|0x00000000c8e00000, 0x00000000c8f00000, 0x00000000c8f00000|100%| O|  |TAMS 0x00000000c8f00000| PB 0x00000000c8e00000| Untracked 
| 143|0x00000000c8f00000, 0x00000000c9000000, 0x00000000c9000000|100%| O|  |TAMS 0x00000000c9000000| PB 0x00000000c8f00000| Untracked 
| 144|0x00000000c9000000, 0x00000000c9100000, 0x00000000c9100000|100%| O|  |TAMS 0x00000000c9100000| PB 0x00000000c9000000| Untracked 
| 145|0x00000000c9100000, 0x00000000c9200000, 0x00000000c9200000|100%| O|  |TAMS 0x00000000c9200000| PB 0x00000000c9100000| Untracked 
| 146|0x00000000c9200000, 0x00000000c9300000, 0x00000000c9300000|100%| O|  |TAMS 0x00000000c9300000| PB 0x00000000c9200000| Untracked 
| 147|0x00000000c9300000, 0x00000000c9400000, 0x00000000c9400000|100%| O|  |TAMS 0x00000000c9400000| PB 0x00000000c9300000| Untracked 
| 148|0x00000000c9400000, 0x00000000c9500000, 0x00000000c9500000|100%| O|  |TAMS 0x00000000c9500000| PB 0x00000000c9400000| Untracked 
| 149|0x00000000c9500000, 0x00000000c9600000, 0x00000000c9600000|100%| O|  |TAMS 0x00000000c9600000| PB 0x00000000c9500000| Untracked 
| 150|0x00000000c9600000, 0x00000000c9700000, 0x00000000c9700000|100%| O|  |TAMS 0x00000000c9700000| PB 0x00000000c9600000| Untracked 
| 151|0x00000000c9700000, 0x00000000c9800000, 0x00000000c9800000|100%| O|  |TAMS 0x00000000c9800000| PB 0x00000000c9700000| Untracked 
| 152|0x00000000c9800000, 0x00000000c9900000, 0x00000000c9900000|100%| O|  |TAMS 0x00000000c9900000| PB 0x00000000c9800000| Untracked 
| 153|0x00000000c9900000, 0x00000000c9a00000, 0x00000000c9a00000|100%| O|  |TAMS 0x00000000c9a00000| PB 0x00000000c9900000| Untracked 
| 154|0x00000000c9a00000, 0x00000000c9b00000, 0x00000000c9b00000|100%| O|  |TAMS 0x00000000c9b00000| PB 0x00000000c9a00000| Updating 
| 155|0x00000000c9b00000, 0x00000000c9c00000, 0x00000000c9c00000|100%| O|  |TAMS 0x00000000c9c00000| PB 0x00000000c9b00000| Untracked 
| 156|0x00000000c9c00000, 0x00000000c9d00000, 0x00000000c9d00000|100%| O|  |TAMS 0x00000000c9d00000| PB 0x00000000c9c00000| Untracked 
| 157|0x00000000c9d00000, 0x00000000c9e00000, 0x00000000c9e00000|100%| O|  |TAMS 0x00000000c9e00000| PB 0x00000000c9d00000| Untracked 
| 158|0x00000000c9e00000, 0x00000000c9f00000, 0x00000000c9f00000|100%| O|  |TAMS 0x00000000c9f00000| PB 0x00000000c9e00000| Untracked 
| 159|0x00000000c9f00000, 0x00000000ca000000, 0x00000000ca000000|100%| O|  |TAMS 0x00000000ca000000| PB 0x00000000c9f00000| Untracked 
| 160|0x00000000ca000000, 0x00000000ca100000, 0x00000000ca100000|100%| O|  |TAMS 0x00000000ca100000| PB 0x00000000ca000000| Untracked 
| 161|0x00000000ca100000, 0x00000000ca200000, 0x00000000ca200000|100%| O|  |TAMS 0x00000000ca200000| PB 0x00000000ca100000| Untracked 
| 162|0x00000000ca200000, 0x00000000ca300000, 0x00000000ca300000|100%| O|  |TAMS 0x00000000ca300000| PB 0x00000000ca200000| Untracked 
| 163|0x00000000ca300000, 0x00000000ca400000, 0x00000000ca400000|100%| O|  |TAMS 0x00000000ca400000| PB 0x00000000ca300000| Untracked 
| 164|0x00000000ca400000, 0x00000000ca500000, 0x00000000ca500000|100%| O|  |TAMS 0x00000000ca500000| PB 0x00000000ca400000| Untracked 
| 165|0x00000000ca500000, 0x00000000ca600000, 0x00000000ca600000|100%| O|  |TAMS 0x00000000ca600000| PB 0x00000000ca500000| Updating 
| 166|0x00000000ca600000, 0x00000000ca700000, 0x00000000ca700000|100%| O|  |TAMS 0x00000000ca700000| PB 0x00000000ca600000| Updating 
| 167|0x00000000ca700000, 0x00000000ca800000, 0x00000000ca800000|100%| O|  |TAMS 0x00000000ca800000| PB 0x00000000ca700000| Updating 
| 168|0x00000000ca800000, 0x00000000ca900000, 0x00000000ca900000|100%| O|  |TAMS 0x00000000ca900000| PB 0x00000000ca800000| Untracked 
| 169|0x00000000ca900000, 0x00000000caa00000, 0x00000000caa00000|100%| O|  |TAMS 0x00000000caa00000| PB 0x00000000ca900000| Untracked 
| 170|0x00000000caa00000, 0x00000000cab00000, 0x00000000cab00000|100%| O|  |TAMS 0x00000000cab00000| PB 0x00000000caa00000| Untracked 
| 171|0x00000000cab00000, 0x00000000cac00000, 0x00000000cac00000|100%| O|  |TAMS 0x00000000cac00000| PB 0x00000000cab00000| Untracked 
| 172|0x00000000cac00000, 0x00000000cad00000, 0x00000000cad00000|100%| O|  |TAMS 0x00000000cad00000| PB 0x00000000cac00000| Updating 
| 173|0x00000000cad00000, 0x00000000cae00000, 0x00000000cae00000|100%| O|  |TAMS 0x00000000cae00000| PB 0x00000000cad00000| Untracked 
| 174|0x00000000cae00000, 0x00000000caf00000, 0x00000000caf00000|100%| O|  |TAMS 0x00000000caf00000| PB 0x00000000cae00000| Untracked 
| 175|0x00000000caf00000, 0x00000000cb000000, 0x00000000cb000000|100%| O|  |TAMS 0x00000000cb000000| PB 0x00000000caf00000| Updating 
| 176|0x00000000cb000000, 0x00000000cb100000, 0x00000000cb100000|100%| O|  |TAMS 0x00000000cb100000| PB 0x00000000cb000000| Updating 
| 177|0x00000000cb100000, 0x00000000cb200000, 0x00000000cb200000|100%| O|  |TAMS 0x00000000cb200000| PB 0x00000000cb100000| Untracked 
| 178|0x00000000cb200000, 0x00000000cb300000, 0x00000000cb300000|100%| O|  |TAMS 0x00000000cb300000| PB 0x00000000cb200000| Untracked 
| 179|0x00000000cb300000, 0x00000000cb400000, 0x00000000cb400000|100%| O|  |TAMS 0x00000000cb400000| PB 0x00000000cb300000| Untracked 
| 180|0x00000000cb400000, 0x00000000cb500000, 0x00000000cb500000|100%| O|  |TAMS 0x00000000cb500000| PB 0x00000000cb400000| Untracked 
| 181|0x00000000cb500000, 0x00000000cb600000, 0x00000000cb600000|100%| O|  |TAMS 0x00000000cb600000| PB 0x00000000cb500000| Updating 
| 182|0x00000000cb600000, 0x00000000cb700000, 0x00000000cb700000|100%| O|  |TAMS 0x00000000cb700000| PB 0x00000000cb600000| Untracked 
| 183|0x00000000cb700000, 0x00000000cb800000, 0x00000000cb800000|100%| O|  |TAMS 0x00000000cb800000| PB 0x00000000cb700000| Untracked 
| 184|0x00000000cb800000, 0x00000000cb900000, 0x00000000cb900000|100%| O|  |TAMS 0x00000000cb900000| PB 0x00000000cb800000| Untracked 
| 185|0x00000000cb900000, 0x00000000cba00000, 0x00000000cba00000|100%| O|  |TAMS 0x00000000cba00000| PB 0x00000000cb900000| Untracked 
| 186|0x00000000cba00000, 0x00000000cbb00000, 0x00000000cbb00000|100%| O|  |TAMS 0x00000000cbb00000| PB 0x00000000cba00000| Untracked 
| 187|0x00000000cbb00000, 0x00000000cbc00000, 0x00000000cbc00000|100%| O|  |TAMS 0x00000000cbc00000| PB 0x00000000cbb00000| Untracked 
| 188|0x00000000cbc00000, 0x00000000cbd00000, 0x00000000cbd00000|100%| O|  |TAMS 0x00000000cbd00000| PB 0x00000000cbc00000| Untracked 
| 189|0x00000000cbd00000, 0x00000000cbe00000, 0x00000000cbe00000|100%| O|  |TAMS 0x00000000cbe00000| PB 0x00000000cbd00000| Updating 
| 190|0x00000000cbe00000, 0x00000000cbf00000, 0x00000000cbf00000|100%| O|  |TAMS 0x00000000cbf00000| PB 0x00000000cbe00000| Updating 
| 191|0x00000000cbf00000, 0x00000000cc000000, 0x00000000cc000000|100%| O|  |TAMS 0x00000000cc000000| PB 0x00000000cbf00000| Updating 
| 192|0x00000000cc000000, 0x00000000cc100000, 0x00000000cc100000|100%| O|  |TAMS 0x00000000cc100000| PB 0x00000000cc000000| Untracked 
| 193|0x00000000cc100000, 0x00000000cc200000, 0x00000000cc200000|100%| O|  |TAMS 0x00000000cc200000| PB 0x00000000cc100000| Untracked 
| 194|0x00000000cc200000, 0x00000000cc300000, 0x00000000cc300000|100%| O|  |TAMS 0x00000000cc300000| PB 0x00000000cc200000| Untracked 
| 195|0x00000000cc300000, 0x00000000cc400000, 0x00000000cc400000|100%| O|  |TAMS 0x00000000cc400000| PB 0x00000000cc300000| Untracked 
| 196|0x00000000cc400000, 0x00000000cc500000, 0x00000000cc500000|100%| O|  |TAMS 0x00000000cc500000| PB 0x00000000cc400000| Untracked 
| 197|0x00000000cc500000, 0x00000000cc600000, 0x00000000cc600000|100%| O|  |TAMS 0x00000000cc600000| PB 0x00000000cc500000| Untracked 
| 198|0x00000000cc600000, 0x00000000cc700000, 0x00000000cc700000|100%| O|  |TAMS 0x00000000cc700000| PB 0x00000000cc600000| Untracked 
| 199|0x00000000cc700000, 0x00000000cc800000, 0x00000000cc800000|100%| O|  |TAMS 0x00000000cc800000| PB 0x00000000cc700000| Untracked 
| 200|0x00000000cc800000, 0x00000000cc900000, 0x00000000cc900000|100%| O|  |TAMS 0x00000000cc900000| PB 0x00000000cc800000| Untracked 
| 201|0x00000000cc900000, 0x00000000cca00000, 0x00000000cca00000|100%| O|  |TAMS 0x00000000cca00000| PB 0x00000000cc900000| Untracked 
| 202|0x00000000cca00000, 0x00000000ccb00000, 0x00000000ccb00000|100%| O|  |TAMS 0x00000000ccb00000| PB 0x00000000cca00000| Updating 
| 203|0x00000000ccb00000, 0x00000000ccb00000, 0x00000000ccc00000|  0%| F|  |TAMS 0x00000000ccb00000| PB 0x00000000ccb00000| Untracked 
| 204|0x00000000ccc00000, 0x00000000ccd00000, 0x00000000ccd00000|100%| O|  |TAMS 0x00000000ccd00000| PB 0x00000000ccc00000| Updating 
| 205|0x00000000ccd00000, 0x00000000cce00000, 0x00000000cce00000|100%| O|  |TAMS 0x00000000cce00000| PB 0x00000000ccd00000| Untracked 
| 206|0x00000000cce00000, 0x00000000ccf00000, 0x00000000ccf00000|100%| O|  |TAMS 0x00000000ccf00000| PB 0x00000000cce00000| Untracked 
| 207|0x00000000ccf00000, 0x00000000cd000000, 0x00000000cd000000|100%| O|  |TAMS 0x00000000cd000000| PB 0x00000000ccf00000| Untracked 
| 208|0x00000000cd000000, 0x00000000cd100000, 0x00000000cd100000|100%| O|  |TAMS 0x00000000cd100000| PB 0x00000000cd000000| Untracked 
| 209|0x00000000cd100000, 0x00000000cd200000, 0x00000000cd200000|100%| O|  |TAMS 0x00000000cd200000| PB 0x00000000cd100000| Untracked 
| 210|0x00000000cd200000, 0x00000000cd300000, 0x00000000cd300000|100%| O|  |TAMS 0x00000000cd300000| PB 0x00000000cd200000| Untracked 
| 211|0x00000000cd300000, 0x00000000cd400000, 0x00000000cd400000|100%| O|  |TAMS 0x00000000cd400000| PB 0x00000000cd300000| Untracked 
| 212|0x00000000cd400000, 0x00000000cd500000, 0x00000000cd500000|100%| O|  |TAMS 0x00000000cd500000| PB 0x00000000cd400000| Untracked 
| 213|0x00000000cd500000, 0x00000000cd600000, 0x00000000cd600000|100%| O|  |TAMS 0x00000000cd600000| PB 0x00000000cd500000| Untracked 
| 214|0x00000000cd600000, 0x00000000cd700000, 0x00000000cd700000|100%| O|  |TAMS 0x00000000cd700000| PB 0x00000000cd600000| Untracked 
| 215|0x00000000cd700000, 0x00000000cd800000, 0x00000000cd800000|100%| O|  |TAMS 0x00000000cd800000| PB 0x00000000cd700000| Untracked 
| 216|0x00000000cd800000, 0x00000000cd900000, 0x00000000cd900000|100%| O|  |TAMS 0x00000000cd900000| PB 0x00000000cd800000| Untracked 
| 217|0x00000000cd900000, 0x00000000cda00000, 0x00000000cda00000|100%| O|  |TAMS 0x00000000cda00000| PB 0x00000000cd900000| Untracked 
| 218|0x00000000cda00000, 0x00000000cdb00000, 0x00000000cdb00000|100%| O|  |TAMS 0x00000000cdb00000| PB 0x00000000cda00000| Untracked 
| 219|0x00000000cdb00000, 0x00000000cdc00000, 0x00000000cdc00000|100%| O|  |TAMS 0x00000000cdc00000| PB 0x00000000cdb00000| Untracked 
| 220|0x00000000cdc00000, 0x00000000cdd00000, 0x00000000cdd00000|100%| O|  |TAMS 0x00000000cdd00000| PB 0x00000000cdc00000| Untracked 
| 221|0x00000000cdd00000, 0x00000000cde00000, 0x00000000cde00000|100%| O|  |TAMS 0x00000000cde00000| PB 0x00000000cdd00000| Untracked 
| 222|0x00000000cde00000, 0x00000000cdf00000, 0x00000000cdf00000|100%| O|  |TAMS 0x00000000cdf00000| PB 0x00000000cde00000| Untracked 
| 223|0x00000000cdf00000, 0x00000000ce000000, 0x00000000ce000000|100%| O|  |TAMS 0x00000000ce000000| PB 0x00000000cdf00000| Untracked 
| 224|0x00000000ce000000, 0x00000000ce100000, 0x00000000ce100000|100%| O|  |TAMS 0x00000000ce100000| PB 0x00000000ce000000| Untracked 
| 225|0x00000000ce100000, 0x00000000ce200000, 0x00000000ce200000|100%| O|  |TAMS 0x00000000ce200000| PB 0x00000000ce100000| Untracked 
| 226|0x00000000ce200000, 0x00000000ce300000, 0x00000000ce300000|100%| O|  |TAMS 0x00000000ce300000| PB 0x00000000ce200000| Untracked 
| 227|0x00000000ce300000, 0x00000000ce400000, 0x00000000ce400000|100%| O|  |TAMS 0x00000000ce400000| PB 0x00000000ce300000| Untracked 
| 228|0x00000000ce400000, 0x00000000ce500000, 0x00000000ce500000|100%| O|  |TAMS 0x00000000ce500000| PB 0x00000000ce400000| Untracked 
| 229|0x00000000ce500000, 0x00000000ce600000, 0x00000000ce600000|100%| O|  |TAMS 0x00000000ce600000| PB 0x00000000ce500000| Untracked 
| 230|0x00000000ce600000, 0x00000000ce700000, 0x00000000ce700000|100%| O|  |TAMS 0x00000000ce700000| PB 0x00000000ce600000| Untracked 
| 231|0x00000000ce700000, 0x00000000ce800000, 0x00000000ce800000|100%| O|  |TAMS 0x00000000ce800000| PB 0x00000000ce700000| Updating 
| 232|0x00000000ce800000, 0x00000000ce900000, 0x00000000ce900000|100%| O|  |TAMS 0x00000000ce900000| PB 0x00000000ce800000| Untracked 
| 233|0x00000000ce900000, 0x00000000cea00000, 0x00000000cea00000|100%| O|  |TAMS 0x00000000cea00000| PB 0x00000000ce900000| Untracked 
| 234|0x00000000cea00000, 0x00000000ceb00000, 0x00000000ceb00000|100%| O|  |TAMS 0x00000000ceb00000| PB 0x00000000cea00000| Untracked 
| 235|0x00000000ceb00000, 0x00000000cec00000, 0x00000000cec00000|100%| O|  |TAMS 0x00000000cec00000| PB 0x00000000ceb00000| Untracked 
| 236|0x00000000cec00000, 0x00000000ced00000, 0x00000000ced00000|100%| O|  |TAMS 0x00000000ced00000| PB 0x00000000cec00000| Untracked 
| 237|0x00000000ced00000, 0x00000000cee00000, 0x00000000cee00000|100%| O|  |TAMS 0x00000000cee00000| PB 0x00000000ced00000| Untracked 
| 238|0x00000000cee00000, 0x00000000cef00000, 0x00000000cef00000|100%| O|  |TAMS 0x00000000cef00000| PB 0x00000000cee00000| Untracked 
| 239|0x00000000cef00000, 0x00000000cf000000, 0x00000000cf000000|100%| O|  |TAMS 0x00000000cf000000| PB 0x00000000cef00000| Untracked 
| 240|0x00000000cf000000, 0x00000000cf100000, 0x00000000cf100000|100%| O|  |TAMS 0x00000000cf100000| PB 0x00000000cf000000| Untracked 
| 241|0x00000000cf100000, 0x00000000cf200000, 0x00000000cf200000|100%| O|  |TAMS 0x00000000cf200000| PB 0x00000000cf100000| Untracked 
| 242|0x00000000cf200000, 0x00000000cf300000, 0x00000000cf300000|100%| O|  |TAMS 0x00000000cf300000| PB 0x00000000cf200000| Updating 
| 243|0x00000000cf300000, 0x00000000cf400000, 0x00000000cf400000|100%| O|  |TAMS 0x00000000cf400000| PB 0x00000000cf300000| Updating 
| 244|0x00000000cf400000, 0x00000000cf400000, 0x00000000cf500000|  0%| F|  |TAMS 0x00000000cf400000| PB 0x00000000cf400000| Untracked 
| 245|0x00000000cf500000, 0x00000000cf600000, 0x00000000cf600000|100%| O|  |TAMS 0x00000000cf600000| PB 0x00000000cf500000| Updating 
| 246|0x00000000cf600000, 0x00000000cf700000, 0x00000000cf700000|100%| O|  |TAMS 0x00000000cf700000| PB 0x00000000cf600000| Untracked 
| 247|0x00000000cf700000, 0x00000000cf800000, 0x00000000cf800000|100%| O|  |TAMS 0x00000000cf800000| PB 0x00000000cf700000| Untracked 
| 248|0x00000000cf800000, 0x00000000cf900000, 0x00000000cf900000|100%| O|  |TAMS 0x00000000cf900000| PB 0x00000000cf800000| Untracked 
| 249|0x00000000cf900000, 0x00000000cfa00000, 0x00000000cfa00000|100%| O|  |TAMS 0x00000000cfa00000| PB 0x00000000cf900000| Untracked 
| 250|0x00000000cfa00000, 0x00000000cfb00000, 0x00000000cfb00000|100%| O|  |TAMS 0x00000000cfb00000| PB 0x00000000cfa00000| Untracked 
| 251|0x00000000cfb00000, 0x00000000cfc00000, 0x00000000cfc00000|100%| O|  |TAMS 0x00000000cfc00000| PB 0x00000000cfb00000| Untracked 
| 252|0x00000000cfc00000, 0x00000000cfd00000, 0x00000000cfd00000|100%| O|  |TAMS 0x00000000cfd00000| PB 0x00000000cfc00000| Untracked 
| 253|0x00000000cfd00000, 0x00000000cfe00000, 0x00000000cfe00000|100%| O|  |TAMS 0x00000000cfe00000| PB 0x00000000cfd00000| Untracked 
| 254|0x00000000cfe00000, 0x00000000cff00000, 0x00000000cff00000|100%| O|  |TAMS 0x00000000cff00000| PB 0x00000000cfe00000| Untracked 
| 255|0x00000000cff00000, 0x00000000d0000000, 0x00000000d0000000|100%| O|  |TAMS 0x00000000d0000000| PB 0x00000000cff00000| Untracked 
| 256|0x00000000d0000000, 0x00000000d0100000, 0x00000000d0100000|100%| O|  |TAMS 0x00000000d0100000| PB 0x00000000d0000000| Untracked 
| 257|0x00000000d0100000, 0x00000000d0200000, 0x00000000d0200000|100%| O|  |TAMS 0x00000000d0200000| PB 0x00000000d0100000| Untracked 
| 258|0x00000000d0200000, 0x00000000d0300000, 0x00000000d0300000|100%| O|  |TAMS 0x00000000d0300000| PB 0x00000000d0200000| Untracked 
| 259|0x00000000d0300000, 0x00000000d0400000, 0x00000000d0400000|100%| O|  |TAMS 0x00000000d0400000| PB 0x00000000d0300000| Untracked 
| 260|0x00000000d0400000, 0x00000000d0500000, 0x00000000d0500000|100%| O|  |TAMS 0x00000000d0500000| PB 0x00000000d0400000| Untracked 
| 261|0x00000000d0500000, 0x00000000d0600000, 0x00000000d0600000|100%| O|  |TAMS 0x00000000d0600000| PB 0x00000000d0500000| Untracked 
| 262|0x00000000d0600000, 0x00000000d0700000, 0x00000000d0700000|100%| O|  |TAMS 0x00000000d0700000| PB 0x00000000d0700000| Untracked 
| 263|0x00000000d0700000, 0x00000000d0800000, 0x00000000d0800000|100%| O|  |TAMS 0x00000000d0800000| PB 0x00000000d0800000| Untracked 
| 264|0x00000000d0800000, 0x00000000d0900000, 0x00000000d0900000|100%| O|  |TAMS 0x00000000d0900000| PB 0x00000000d0900000| Untracked 
| 265|0x00000000d0900000, 0x00000000d0a00000, 0x00000000d0a00000|100%| O|  |TAMS 0x00000000d0a00000| PB 0x00000000d0a00000| Untracked 
| 266|0x00000000d0a00000, 0x00000000d0b00000, 0x00000000d0b00000|100%| O|  |TAMS 0x00000000d0b00000| PB 0x00000000d0b00000| Untracked 
| 267|0x00000000d0b00000, 0x00000000d0c00000, 0x00000000d0c00000|100%| O|  |TAMS 0x00000000d0c00000| PB 0x00000000d0c00000| Untracked 
| 268|0x00000000d0c00000, 0x00000000d0d00000, 0x00000000d0d00000|100%| O|  |TAMS 0x00000000d0d00000| PB 0x00000000d0d00000| Untracked 
| 269|0x00000000d0d00000, 0x00000000d0e00000, 0x00000000d0e00000|100%| O|  |TAMS 0x00000000d0e00000| PB 0x00000000d0e00000| Untracked 
| 270|0x00000000d0e00000, 0x00000000d0f00000, 0x00000000d0f00000|100%| O|  |TAMS 0x00000000d0f00000| PB 0x00000000d0f00000| Untracked 
| 271|0x00000000d0f00000, 0x00000000d1000000, 0x00000000d1000000|100%| O|  |TAMS 0x00000000d1000000| PB 0x00000000d1000000| Untracked 
| 272|0x00000000d1000000, 0x00000000d1100000, 0x00000000d1100000|100%| O|  |TAMS 0x00000000d1100000| PB 0x00000000d1100000| Untracked 
| 273|0x00000000d1100000, 0x00000000d1200000, 0x00000000d1200000|100%| O|  |TAMS 0x00000000d1200000| PB 0x00000000d1200000| Untracked 
| 274|0x00000000d1200000, 0x00000000d1300000, 0x00000000d1300000|100%| O|  |TAMS 0x00000000d1300000| PB 0x00000000d1300000| Untracked 
| 275|0x00000000d1300000, 0x00000000d1400000, 0x00000000d1400000|100%| O|  |TAMS 0x00000000d1400000| PB 0x00000000d1400000| Untracked 
| 276|0x00000000d1400000, 0x00000000d1500000, 0x00000000d1500000|100%| O|  |TAMS 0x00000000d1500000| PB 0x00000000d1500000| Untracked 
| 277|0x00000000d1500000, 0x00000000d1600000, 0x00000000d1600000|100%| O|  |TAMS 0x00000000d1600000| PB 0x00000000d1600000| Updating 
| 278|0x00000000d1600000, 0x00000000d1700000, 0x00000000d1700000|100%| O|  |TAMS 0x00000000d1700000| PB 0x00000000d1700000| Updating 
| 279|0x00000000d1700000, 0x00000000d1800000, 0x00000000d1800000|100%| O|  |TAMS 0x00000000d1800000| PB 0x00000000d1800000| Updating 
| 280|0x00000000d1800000, 0x00000000d1900000, 0x00000000d1900000|100%| O|  |TAMS 0x00000000d1900000| PB 0x00000000d1900000| Updating 
| 281|0x00000000d1900000, 0x00000000d1900000, 0x00000000d1a00000|  0%| F|  |TAMS 0x00000000d1900000| PB 0x00000000d1900000| Untracked 
| 282|0x00000000d1a00000, 0x00000000d1a00000, 0x00000000d1b00000|  0%| F|  |TAMS 0x00000000d1a00000| PB 0x00000000d1a00000| Untracked 
| 283|0x00000000d1b00000, 0x00000000d1b00000, 0x00000000d1c00000|  0%| F|  |TAMS 0x00000000d1b00000| PB 0x00000000d1b00000| Untracked 
| 284|0x00000000d1c00000, 0x00000000d1d00000, 0x00000000d1d00000|100%| O|  |TAMS 0x00000000d1d00000| PB 0x00000000d1d00000| Updating 
| 285|0x00000000d1d00000, 0x00000000d1e00000, 0x00000000d1e00000|100%| O|  |TAMS 0x00000000d1e00000| PB 0x00000000d1e00000| Untracked 
| 286|0x00000000d1e00000, 0x00000000d1f00000, 0x00000000d1f00000|100%| O|  |TAMS 0x00000000d1f00000| PB 0x00000000d1f00000| Untracked 
| 287|0x00000000d1f00000, 0x00000000d2000000, 0x00000000d2000000|100%| O|  |TAMS 0x00000000d2000000| PB 0x00000000d2000000| Untracked 
| 288|0x00000000d2000000, 0x00000000d2100000, 0x00000000d2100000|100%| O|  |TAMS 0x00000000d2100000| PB 0x00000000d2100000| Untracked 
| 289|0x00000000d2100000, 0x00000000d2200000, 0x00000000d2200000|100%| O|  |TAMS 0x00000000d2200000| PB 0x00000000d2200000| Untracked 
| 290|0x00000000d2200000, 0x00000000d2300000, 0x00000000d2300000|100%| O|  |TAMS 0x00000000d2300000| PB 0x00000000d2300000| Untracked 
| 291|0x00000000d2300000, 0x00000000d2400000, 0x00000000d2400000|100%| O|  |TAMS 0x00000000d2400000| PB 0x00000000d2400000| Untracked 
| 292|0x00000000d2400000, 0x00000000d2500000, 0x00000000d2500000|100%| O|  |TAMS 0x00000000d2500000| PB 0x00000000d2500000| Untracked 
| 293|0x00000000d2500000, 0x00000000d2600000, 0x00000000d2600000|100%| O|  |TAMS 0x00000000d2600000| PB 0x00000000d2600000| Untracked 
| 294|0x00000000d2600000, 0x00000000d2700000, 0x00000000d2700000|100%| O|  |TAMS 0x00000000d2700000| PB 0x00000000d2700000| Untracked 
| 295|0x00000000d2700000, 0x00000000d2800000, 0x00000000d2800000|100%| O|  |TAMS 0x00000000d2800000| PB 0x00000000d2800000| Untracked 
| 296|0x00000000d2800000, 0x00000000d2900000, 0x00000000d2900000|100%| O|  |TAMS 0x00000000d2900000| PB 0x00000000d2900000| Untracked 
| 297|0x00000000d2900000, 0x00000000d2a00000, 0x00000000d2a00000|100%| O|  |TAMS 0x00000000d2a00000| PB 0x00000000d2a00000| Untracked 
| 298|0x00000000d2a00000, 0x00000000d2b00000, 0x00000000d2b00000|100%| O|  |TAMS 0x00000000d2b00000| PB 0x00000000d2b00000| Untracked 
| 299|0x00000000d2b00000, 0x00000000d2c00000, 0x00000000d2c00000|100%| O|  |TAMS 0x00000000d2c00000| PB 0x00000000d2c00000| Untracked 
| 300|0x00000000d2c00000, 0x00000000d2d00000, 0x00000000d2d00000|100%| O|  |TAMS 0x00000000d2d00000| PB 0x00000000d2d00000| Untracked 
| 301|0x00000000d2d00000, 0x00000000d2e00000, 0x00000000d2e00000|100%| O|  |TAMS 0x00000000d2e00000| PB 0x00000000d2e00000| Untracked 
| 302|0x00000000d2e00000, 0x00000000d2f00000, 0x00000000d2f00000|100%| O|  |TAMS 0x00000000d2f00000| PB 0x00000000d2f00000| Untracked 
| 303|0x00000000d2f00000, 0x00000000d3000000, 0x00000000d3000000|100%| O|  |TAMS 0x00000000d3000000| PB 0x00000000d3000000| Untracked 
| 304|0x00000000d3000000, 0x00000000d3100000, 0x00000000d3100000|100%| O|  |TAMS 0x00000000d3100000| PB 0x00000000d3100000| Untracked 
| 305|0x00000000d3100000, 0x00000000d3200000, 0x00000000d3200000|100%| O|  |TAMS 0x00000000d3200000| PB 0x00000000d3200000| Untracked 
| 306|0x00000000d3200000, 0x00000000d3300000, 0x00000000d3300000|100%| O|  |TAMS 0x00000000d3300000| PB 0x00000000d3300000| Untracked 
| 307|0x00000000d3300000, 0x00000000d3400000, 0x00000000d3400000|100%| O|  |TAMS 0x00000000d3400000| PB 0x00000000d3400000| Untracked 
| 308|0x00000000d3400000, 0x00000000d3500000, 0x00000000d3500000|100%| O|  |TAMS 0x00000000d3500000| PB 0x00000000d3500000| Untracked 
| 309|0x00000000d3500000, 0x00000000d3600000, 0x00000000d3600000|100%| O|  |TAMS 0x00000000d3600000| PB 0x00000000d3600000| Untracked 
| 310|0x00000000d3600000, 0x00000000d3700000, 0x00000000d3700000|100%| O|  |TAMS 0x00000000d3700000| PB 0x00000000d3700000| Untracked 
| 311|0x00000000d3700000, 0x00000000d3800000, 0x00000000d3800000|100%| O|  |TAMS 0x00000000d3800000| PB 0x00000000d3800000| Untracked 
| 312|0x00000000d3800000, 0x00000000d3900000, 0x00000000d3900000|100%| O|  |TAMS 0x00000000d3900000| PB 0x00000000d3900000| Untracked 
| 313|0x00000000d3900000, 0x00000000d3a00000, 0x00000000d3a00000|100%| O|  |TAMS 0x00000000d3a00000| PB 0x00000000d3a00000| Untracked 
| 314|0x00000000d3a00000, 0x00000000d3b00000, 0x00000000d3b00000|100%| O|  |TAMS 0x00000000d3b00000| PB 0x00000000d3b00000| Untracked 
| 315|0x00000000d3b00000, 0x00000000d3c00000, 0x00000000d3c00000|100%| O|  |TAMS 0x00000000d3c00000| PB 0x00000000d3c00000| Untracked 
| 316|0x00000000d3c00000, 0x00000000d3d00000, 0x00000000d3d00000|100%| O|  |TAMS 0x00000000d3d00000| PB 0x00000000d3d00000| Updating 
| 317|0x00000000d3d00000, 0x00000000d3e00000, 0x00000000d3e00000|100%| O|  |TAMS 0x00000000d3e00000| PB 0x00000000d3e00000| Untracked 
| 318|0x00000000d3e00000, 0x00000000d3f00000, 0x00000000d3f00000|100%| O|  |TAMS 0x00000000d3f00000| PB 0x00000000d3f00000| Updating 
| 319|0x00000000d3f00000, 0x00000000d4000000, 0x00000000d4000000|100%| O|  |TAMS 0x00000000d4000000| PB 0x00000000d4000000| Updating 
| 320|0x00000000d4000000, 0x00000000d4100000, 0x00000000d4100000|100%| O|  |TAMS 0x00000000d4100000| PB 0x00000000d4100000| Updating 
| 321|0x00000000d4100000, 0x00000000d4100000, 0x00000000d4200000|  0%| F|  |TAMS 0x00000000d4100000| PB 0x00000000d4100000| Untracked 
| 322|0x00000000d4200000, 0x00000000d4200000, 0x00000000d4300000|  0%| F|  |TAMS 0x00000000d4200000| PB 0x00000000d4200000| Untracked 
| 323|0x00000000d4300000, 0x00000000d4300000, 0x00000000d4400000|  0%| F|  |TAMS 0x00000000d4300000| PB 0x00000000d4300000| Untracked 
| 324|0x00000000d4400000, 0x00000000d4500000, 0x00000000d4500000|100%| O|  |TAMS 0x00000000d4500000| PB 0x00000000d4500000| Updating 
| 325|0x00000000d4500000, 0x00000000d4600000, 0x00000000d4600000|100%| O|  |TAMS 0x00000000d4600000| PB 0x00000000d4600000| Untracked 
| 326|0x00000000d4600000, 0x00000000d4700000, 0x00000000d4700000|100%| O|  |TAMS 0x00000000d4700000| PB 0x00000000d4700000| Untracked 
| 327|0x00000000d4700000, 0x00000000d4800000, 0x00000000d4800000|100%| O|  |TAMS 0x00000000d4800000| PB 0x00000000d4800000| Untracked 
| 328|0x00000000d4800000, 0x00000000d4900000, 0x00000000d4900000|100%| O|  |TAMS 0x00000000d4900000| PB 0x00000000d4900000| Untracked 
| 329|0x00000000d4900000, 0x00000000d4a00000, 0x00000000d4a00000|100%| O|  |TAMS 0x00000000d4a00000| PB 0x00000000d4a00000| Untracked 
| 330|0x00000000d4a00000, 0x00000000d4b00000, 0x00000000d4b00000|100%| O|  |TAMS 0x00000000d4b00000| PB 0x00000000d4b00000| Untracked 
| 331|0x00000000d4b00000, 0x00000000d4c00000, 0x00000000d4c00000|100%| O|  |TAMS 0x00000000d4c00000| PB 0x00000000d4c00000| Untracked 
| 332|0x00000000d4c00000, 0x00000000d4d00000, 0x00000000d4d00000|100%| O|  |TAMS 0x00000000d4d00000| PB 0x00000000d4d00000| Untracked 
| 333|0x00000000d4d00000, 0x00000000d4e00000, 0x00000000d4e00000|100%| O|  |TAMS 0x00000000d4e00000| PB 0x00000000d4e00000| Untracked 
| 334|0x00000000d4e00000, 0x00000000d4f00000, 0x00000000d4f00000|100%| O|  |TAMS 0x00000000d4f00000| PB 0x00000000d4f00000| Untracked 
| 335|0x00000000d4f00000, 0x00000000d5000000, 0x00000000d5000000|100%| O|  |TAMS 0x00000000d5000000| PB 0x00000000d5000000| Untracked 
| 336|0x00000000d5000000, 0x00000000d5100000, 0x00000000d5100000|100%| O|  |TAMS 0x00000000d5100000| PB 0x00000000d5100000| Untracked 
| 337|0x00000000d5100000, 0x00000000d5200000, 0x00000000d5200000|100%| O|  |TAMS 0x00000000d5200000| PB 0x00000000d5200000| Untracked 
| 338|0x00000000d5200000, 0x00000000d5300000, 0x00000000d5300000|100%| O|  |TAMS 0x00000000d5300000| PB 0x00000000d5300000| Untracked 
| 339|0x00000000d5300000, 0x00000000d5400000, 0x00000000d5400000|100%| O|  |TAMS 0x00000000d5400000| PB 0x00000000d5400000| Untracked 
| 340|0x00000000d5400000, 0x00000000d5500000, 0x00000000d5500000|100%| O|  |TAMS 0x00000000d5500000| PB 0x00000000d5500000| Untracked 
| 341|0x00000000d5500000, 0x00000000d5600000, 0x00000000d5600000|100%| O|  |TAMS 0x00000000d5600000| PB 0x00000000d5500000| Untracked 
| 342|0x00000000d5600000, 0x00000000d5700000, 0x00000000d5700000|100%| O|  |TAMS 0x00000000d5700000| PB 0x00000000d5600000| Untracked 
| 343|0x00000000d5700000, 0x00000000d5800000, 0x00000000d5800000|100%| O|  |TAMS 0x00000000d5800000| PB 0x00000000d5700000| Untracked 
| 344|0x00000000d5800000, 0x00000000d5900000, 0x00000000d5900000|100%| O|  |TAMS 0x00000000d5900000| PB 0x00000000d5800000| Untracked 
| 345|0x00000000d5900000, 0x00000000d5a00000, 0x00000000d5a00000|100%| O|  |TAMS 0x00000000d5a00000| PB 0x00000000d5900000| Untracked 
| 346|0x00000000d5a00000, 0x00000000d5b00000, 0x00000000d5b00000|100%| O|  |TAMS 0x00000000d5b00000| PB 0x00000000d5a00000| Untracked 
| 347|0x00000000d5b00000, 0x00000000d5c00000, 0x00000000d5c00000|100%| O|  |TAMS 0x00000000d5c00000| PB 0x00000000d5b00000| Untracked 
| 348|0x00000000d5c00000, 0x00000000d5d00000, 0x00000000d5d00000|100%| O|  |TAMS 0x00000000d5d00000| PB 0x00000000d5c00000| Untracked 
| 349|0x00000000d5d00000, 0x00000000d5e00000, 0x00000000d5e00000|100%| O|  |TAMS 0x00000000d5e00000| PB 0x00000000d5d00000| Untracked 
| 350|0x00000000d5e00000, 0x00000000d5f00000, 0x00000000d5f00000|100%| O|  |TAMS 0x00000000d5f00000| PB 0x00000000d5e00000| Untracked 
| 351|0x00000000d5f00000, 0x00000000d6000000, 0x00000000d6000000|100%| O|  |TAMS 0x00000000d6000000| PB 0x00000000d5f00000| Updating 
| 352|0x00000000d6000000, 0x00000000d6100000, 0x00000000d6100000|100%| O|  |TAMS 0x00000000d6100000| PB 0x00000000d6000000| Updating 
| 353|0x00000000d6100000, 0x00000000d6200000, 0x00000000d6200000|100%| O|  |TAMS 0x00000000d6200000| PB 0x00000000d6100000| Updating 
| 354|0x00000000d6200000, 0x00000000d6300000, 0x00000000d6300000|100%| O|  |TAMS 0x00000000d6300000| PB 0x00000000d6200000| Updating 
| 355|0x00000000d6300000, 0x00000000d6400000, 0x00000000d6400000|100%| O|  |TAMS 0x00000000d6400000| PB 0x00000000d6300000| Updating 
| 356|0x00000000d6400000, 0x00000000d6500000, 0x00000000d6500000|100%| O|  |TAMS 0x00000000d6500000| PB 0x00000000d6400000| Updating 
| 357|0x00000000d6500000, 0x00000000d6600000, 0x00000000d6600000|100%| O|  |TAMS 0x00000000d6600000| PB 0x00000000d6500000| Updating 
| 358|0x00000000d6600000, 0x00000000d6700000, 0x00000000d6700000|100%| O|  |TAMS 0x00000000d6700000| PB 0x00000000d6600000| Untracked 
| 359|0x00000000d6700000, 0x00000000d6800000, 0x00000000d6800000|100%| O|  |TAMS 0x00000000d6800000| PB 0x00000000d6700000| Untracked 
| 360|0x00000000d6800000, 0x00000000d6900000, 0x00000000d6900000|100%| O|  |TAMS 0x00000000d6900000| PB 0x00000000d6800000| Untracked 
| 361|0x00000000d6900000, 0x00000000d6a00000, 0x00000000d6a00000|100%| O|  |TAMS 0x00000000d6a00000| PB 0x00000000d6900000| Untracked 
| 362|0x00000000d6a00000, 0x00000000d6b00000, 0x00000000d6b00000|100%| O|  |TAMS 0x00000000d6b00000| PB 0x00000000d6a00000| Untracked 
| 363|0x00000000d6b00000, 0x00000000d6c00000, 0x00000000d6c00000|100%| O|  |TAMS 0x00000000d6c00000| PB 0x00000000d6b00000| Untracked 
| 364|0x00000000d6c00000, 0x00000000d6d00000, 0x00000000d6d00000|100%| O|  |TAMS 0x00000000d6d00000| PB 0x00000000d6c00000| Untracked 
| 365|0x00000000d6d00000, 0x00000000d6e00000, 0x00000000d6e00000|100%| O|  |TAMS 0x00000000d6e00000| PB 0x00000000d6d00000| Untracked 
| 366|0x00000000d6e00000, 0x00000000d6f00000, 0x00000000d6f00000|100%| O|  |TAMS 0x00000000d6f00000| PB 0x00000000d6e00000| Untracked 
| 367|0x00000000d6f00000, 0x00000000d7000000, 0x00000000d7000000|100%| O|  |TAMS 0x00000000d7000000| PB 0x00000000d6f00000| Updating 
| 368|0x00000000d7000000, 0x00000000d7100000, 0x00000000d7100000|100%| O|  |TAMS 0x00000000d7100000| PB 0x00000000d7000000| Untracked 
| 369|0x00000000d7100000, 0x00000000d7200000, 0x00000000d7200000|100%| O|  |TAMS 0x00000000d7200000| PB 0x00000000d7100000| Untracked 
| 370|0x00000000d7200000, 0x00000000d7300000, 0x00000000d7300000|100%| O|  |TAMS 0x00000000d7300000| PB 0x00000000d7200000| Untracked 
| 371|0x00000000d7300000, 0x00000000d7400000, 0x00000000d7400000|100%| O|  |TAMS 0x00000000d7400000| PB 0x00000000d7300000| Untracked 
| 372|0x00000000d7400000, 0x00000000d7500000, 0x00000000d7500000|100%| O|  |TAMS 0x00000000d7500000| PB 0x00000000d7400000| Untracked 
| 373|0x00000000d7500000, 0x00000000d7600000, 0x00000000d7600000|100%| O|  |TAMS 0x00000000d7600000| PB 0x00000000d7500000| Untracked 
| 374|0x00000000d7600000, 0x00000000d7700000, 0x00000000d7700000|100%| O|  |TAMS 0x00000000d7700000| PB 0x00000000d7600000| Untracked 
| 375|0x00000000d7700000, 0x00000000d7800000, 0x00000000d7800000|100%| O|  |TAMS 0x00000000d7800000| PB 0x00000000d7700000| Updating 
| 376|0x00000000d7800000, 0x00000000d7900000, 0x00000000d7900000|100%| O|  |TAMS 0x00000000d7900000| PB 0x00000000d7800000| Untracked 
| 377|0x00000000d7900000, 0x00000000d7a00000, 0x00000000d7a00000|100%| O|  |TAMS 0x00000000d7a00000| PB 0x00000000d7900000| Untracked 
| 378|0x00000000d7a00000, 0x00000000d7b00000, 0x00000000d7b00000|100%| O|  |TAMS 0x00000000d7b00000| PB 0x00000000d7a00000| Untracked 
| 379|0x00000000d7b00000, 0x00000000d7c00000, 0x00000000d7c00000|100%| O|  |TAMS 0x00000000d7c00000| PB 0x00000000d7b00000| Updating 
| 380|0x00000000d7c00000, 0x00000000d7d00000, 0x00000000d7d00000|100%| O|  |TAMS 0x00000000d7d00000| PB 0x00000000d7c00000| Updating 
| 381|0x00000000d7d00000, 0x00000000d7e00000, 0x00000000d7e00000|100%| O|  |TAMS 0x00000000d7e00000| PB 0x00000000d7d00000| Updating 
| 382|0x00000000d7e00000, 0x00000000d7f00000, 0x00000000d7f00000|100%| O|  |TAMS 0x00000000d7f00000| PB 0x00000000d7e00000| Updating 
| 383|0x00000000d7f00000, 0x00000000d8000000, 0x00000000d8000000|100%| O|  |TAMS 0x00000000d8000000| PB 0x00000000d7f00000| Updating 
| 384|0x00000000d8000000, 0x00000000d8100000, 0x00000000d8100000|100%| O|  |TAMS 0x00000000d8100000| PB 0x00000000d8000000| Updating 
| 385|0x00000000d8100000, 0x00000000d8200000, 0x00000000d8200000|100%| O|  |TAMS 0x00000000d8200000| PB 0x00000000d8100000| Untracked 
| 386|0x00000000d8200000, 0x00000000d8300000, 0x00000000d8300000|100%| O|  |TAMS 0x00000000d8300000| PB 0x00000000d8200000| Untracked 
| 387|0x00000000d8300000, 0x00000000d8400000, 0x00000000d8400000|100%| O|  |TAMS 0x00000000d8400000| PB 0x00000000d8300000| Updating 
| 388|0x00000000d8400000, 0x00000000d8500000, 0x00000000d8500000|100%| O|  |TAMS 0x00000000d8500000| PB 0x00000000d8400000| Untracked 
| 389|0x00000000d8500000, 0x00000000d8600000, 0x00000000d8600000|100%| O|  |TAMS 0x00000000d8600000| PB 0x00000000d8500000| Updating 
| 390|0x00000000d8600000, 0x00000000d8700000, 0x00000000d8700000|100%| O|  |TAMS 0x00000000d8700000| PB 0x00000000d8600000| Untracked 
| 391|0x00000000d8700000, 0x00000000d8800000, 0x00000000d8800000|100%| O|  |TAMS 0x00000000d8800000| PB 0x00000000d8700000| Untracked 
| 392|0x00000000d8800000, 0x00000000d8900000, 0x00000000d8900000|100%| O|  |TAMS 0x00000000d8900000| PB 0x00000000d8800000| Untracked 
| 393|0x00000000d8900000, 0x00000000d8a00000, 0x00000000d8a00000|100%| O|  |TAMS 0x00000000d8a00000| PB 0x00000000d8900000| Untracked 
| 394|0x00000000d8a00000, 0x00000000d8b00000, 0x00000000d8b00000|100%| O|  |TAMS 0x00000000d8b00000| PB 0x00000000d8a00000| Untracked 
| 395|0x00000000d8b00000, 0x00000000d8c00000, 0x00000000d8c00000|100%| O|  |TAMS 0x00000000d8c00000| PB 0x00000000d8b00000| Untracked 
| 396|0x00000000d8c00000, 0x00000000d8d00000, 0x00000000d8d00000|100%| O|  |TAMS 0x00000000d8d00000| PB 0x00000000d8c00000| Untracked 
| 397|0x00000000d8d00000, 0x00000000d8e00000, 0x00000000d8e00000|100%| O|  |TAMS 0x00000000d8e00000| PB 0x00000000d8d00000| Untracked 
| 398|0x00000000d8e00000, 0x00000000d8f00000, 0x00000000d8f00000|100%| O|  |TAMS 0x00000000d8f00000| PB 0x00000000d8e00000| Updating 
| 399|0x00000000d8f00000, 0x00000000d9000000, 0x00000000d9000000|100%| O|  |TAMS 0x00000000d9000000| PB 0x00000000d8f00000| Updating 
| 400|0x00000000d9000000, 0x00000000d9100000, 0x00000000d9100000|100%| O|  |TAMS 0x00000000d9100000| PB 0x00000000d9000000| Updating 
| 401|0x00000000d9100000, 0x00000000d9200000, 0x00000000d9200000|100%| O|  |TAMS 0x00000000d9200000| PB 0x00000000d9100000| Updating 
| 402|0x00000000d9200000, 0x00000000d92a4b80, 0x00000000d9300000| 64%| O|  |TAMS 0x00000000d92a4b80| PB 0x00000000d9200000| Updating 
| 403|0x00000000d9300000, 0x00000000d9300000, 0x00000000d9400000|  0%| F|  |TAMS 0x00000000d9300000| PB 0x00000000d9300000| Untracked 
| 404|0x00000000d9400000, 0x00000000d9400000, 0x00000000d9500000|  0%| F|  |TAMS 0x00000000d9400000| PB 0x00000000d9400000| Untracked 
| 405|0x00000000d9500000, 0x00000000d9500000, 0x00000000d9600000|  0%| F|  |TAMS 0x00000000d9500000| PB 0x00000000d9500000| Untracked 
| 406|0x00000000d9600000, 0x00000000d9600000, 0x00000000d9700000|  0%| F|  |TAMS 0x00000000d9600000| PB 0x00000000d9600000| Untracked 
| 407|0x00000000d9700000, 0x00000000d9700000, 0x00000000d9800000|  0%| F|  |TAMS 0x00000000d9700000| PB 0x00000000d9700000| Untracked 
| 408|0x00000000d9800000, 0x00000000d9800000, 0x00000000d9900000|  0%| F|  |TAMS 0x00000000d9800000| PB 0x00000000d9800000| Untracked 
| 409|0x00000000d9900000, 0x00000000d9900000, 0x00000000d9a00000|  0%| F|  |TAMS 0x00000000d9900000| PB 0x00000000d9900000| Untracked 
| 410|0x00000000d9a00000, 0x00000000d9a00000, 0x00000000d9b00000|  0%| F|  |TAMS 0x00000000d9a00000| PB 0x00000000d9a00000| Untracked 
| 411|0x00000000d9b00000, 0x00000000d9b00000, 0x00000000d9c00000|  0%| F|  |TAMS 0x00000000d9b00000| PB 0x00000000d9b00000| Untracked 
| 412|0x00000000d9c00000, 0x00000000d9c00000, 0x00000000d9d00000|  0%| F|  |TAMS 0x00000000d9c00000| PB 0x00000000d9c00000| Untracked 
| 413|0x00000000d9d00000, 0x00000000d9d00000, 0x00000000d9e00000|  0%| F|  |TAMS 0x00000000d9d00000| PB 0x00000000d9d00000| Untracked 
| 414|0x00000000d9e00000, 0x00000000d9e00000, 0x00000000d9f00000|  0%| F|  |TAMS 0x00000000d9e00000| PB 0x00000000d9e00000| Untracked 
| 415|0x00000000d9f00000, 0x00000000d9f00000, 0x00000000da000000|  0%| F|  |TAMS 0x00000000d9f00000| PB 0x00000000d9f00000| Untracked 
| 416|0x00000000da000000, 0x00000000da000000, 0x00000000da100000|  0%| F|  |TAMS 0x00000000da000000| PB 0x00000000da000000| Untracked 
| 417|0x00000000da100000, 0x00000000da100000, 0x00000000da200000|  0%| F|  |TAMS 0x00000000da100000| PB 0x00000000da100000| Untracked 
| 418|0x00000000da200000, 0x00000000da200000, 0x00000000da300000|  0%| F|  |TAMS 0x00000000da200000| PB 0x00000000da200000| Untracked 
| 419|0x00000000da300000, 0x00000000da300000, 0x00000000da400000|  0%| F|  |TAMS 0x00000000da300000| PB 0x00000000da300000| Untracked 
| 420|0x00000000da400000, 0x00000000da400000, 0x00000000da500000|  0%| F|  |TAMS 0x00000000da400000| PB 0x00000000da400000| Untracked 
| 421|0x00000000da500000, 0x00000000da500000, 0x00000000da600000|  0%| F|  |TAMS 0x00000000da500000| PB 0x00000000da500000| Untracked 
| 422|0x00000000da600000, 0x00000000da600000, 0x00000000da700000|  0%| F|  |TAMS 0x00000000da600000| PB 0x00000000da600000| Untracked 
| 423|0x00000000da700000, 0x00000000da700000, 0x00000000da800000|  0%| F|  |TAMS 0x00000000da700000| PB 0x00000000da700000| Untracked 
| 424|0x00000000da800000, 0x00000000da800000, 0x00000000da900000|  0%| F|  |TAMS 0x00000000da800000| PB 0x00000000da800000| Untracked 
| 425|0x00000000da900000, 0x00000000da900000, 0x00000000daa00000|  0%| F|  |TAMS 0x00000000da900000| PB 0x00000000da900000| Untracked 
| 426|0x00000000daa00000, 0x00000000daa00000, 0x00000000dab00000|  0%| F|  |TAMS 0x00000000daa00000| PB 0x00000000daa00000| Untracked 
| 427|0x00000000dab00000, 0x00000000dab00000, 0x00000000dac00000|  0%| F|  |TAMS 0x00000000dab00000| PB 0x00000000dab00000| Untracked 
| 428|0x00000000dac00000, 0x00000000dac00000, 0x00000000dad00000|  0%| F|  |TAMS 0x00000000dac00000| PB 0x00000000dac00000| Untracked 
| 429|0x00000000dad00000, 0x00000000dad00000, 0x00000000dae00000|  0%| F|  |TAMS 0x00000000dad00000| PB 0x00000000dad00000| Untracked 
| 430|0x00000000dae00000, 0x00000000dae00000, 0x00000000daf00000|  0%| F|  |TAMS 0x00000000dae00000| PB 0x00000000dae00000| Untracked 
| 431|0x00000000daf00000, 0x00000000daf00000, 0x00000000db000000|  0%| F|  |TAMS 0x00000000daf00000| PB 0x00000000daf00000| Untracked 
| 432|0x00000000db000000, 0x00000000db000000, 0x00000000db100000|  0%| F|  |TAMS 0x00000000db000000| PB 0x00000000db000000| Untracked 
| 433|0x00000000db100000, 0x00000000db100000, 0x00000000db200000|  0%| F|  |TAMS 0x00000000db100000| PB 0x00000000db100000| Untracked 
| 434|0x00000000db200000, 0x00000000db200000, 0x00000000db300000|  0%| F|  |TAMS 0x00000000db200000| PB 0x00000000db200000| Untracked 
| 435|0x00000000db300000, 0x00000000db300000, 0x00000000db400000|  0%| F|  |TAMS 0x00000000db300000| PB 0x00000000db300000| Untracked 
| 436|0x00000000db400000, 0x00000000db400000, 0x00000000db500000|  0%| F|  |TAMS 0x00000000db400000| PB 0x00000000db400000| Untracked 
| 437|0x00000000db500000, 0x00000000db500000, 0x00000000db600000|  0%| F|  |TAMS 0x00000000db500000| PB 0x00000000db500000| Untracked 
| 438|0x00000000db600000, 0x00000000db600000, 0x00000000db700000|  0%| F|  |TAMS 0x00000000db600000| PB 0x00000000db600000| Untracked 
| 439|0x00000000db700000, 0x00000000db700000, 0x00000000db800000|  0%| F|  |TAMS 0x00000000db700000| PB 0x00000000db700000| Untracked 
| 440|0x00000000db800000, 0x00000000db800000, 0x00000000db900000|  0%| F|  |TAMS 0x00000000db800000| PB 0x00000000db800000| Untracked 
| 441|0x00000000db900000, 0x00000000db900000, 0x00000000dba00000|  0%| F|  |TAMS 0x00000000db900000| PB 0x00000000db900000| Untracked 
| 442|0x00000000dba00000, 0x00000000dba00000, 0x00000000dbb00000|  0%| F|  |TAMS 0x00000000dba00000| PB 0x00000000dba00000| Untracked 
| 443|0x00000000dbb00000, 0x00000000dbb00000, 0x00000000dbc00000|  0%| F|  |TAMS 0x00000000dbb00000| PB 0x00000000dbb00000| Untracked 
| 444|0x00000000dbc00000, 0x00000000dbc00000, 0x00000000dbd00000|  0%| F|  |TAMS 0x00000000dbc00000| PB 0x00000000dbc00000| Untracked 
| 445|0x00000000dbd00000, 0x00000000dbd00000, 0x00000000dbe00000|  0%| F|  |TAMS 0x00000000dbd00000| PB 0x00000000dbd00000| Untracked 
| 446|0x00000000dbe00000, 0x00000000dbe00000, 0x00000000dbf00000|  0%| F|  |TAMS 0x00000000dbe00000| PB 0x00000000dbe00000| Untracked 
| 447|0x00000000dbf00000, 0x00000000dbf00000, 0x00000000dc000000|  0%| F|  |TAMS 0x00000000dbf00000| PB 0x00000000dbf00000| Untracked 
| 448|0x00000000dc000000, 0x00000000dc000000, 0x00000000dc100000|  0%| F|  |TAMS 0x00000000dc000000| PB 0x00000000dc000000| Untracked 
| 449|0x00000000dc100000, 0x00000000dc100000, 0x00000000dc200000|  0%| F|  |TAMS 0x00000000dc100000| PB 0x00000000dc100000| Untracked 
| 450|0x00000000dc200000, 0x00000000dc200000, 0x00000000dc300000|  0%| F|  |TAMS 0x00000000dc200000| PB 0x00000000dc200000| Untracked 
| 451|0x00000000dc300000, 0x00000000dc300000, 0x00000000dc400000|  0%| F|  |TAMS 0x00000000dc300000| PB 0x00000000dc300000| Untracked 
| 452|0x00000000dc400000, 0x00000000dc400000, 0x00000000dc500000|  0%| F|  |TAMS 0x00000000dc400000| PB 0x00000000dc400000| Untracked 
| 453|0x00000000dc500000, 0x00000000dc500000, 0x00000000dc600000|  0%| F|  |TAMS 0x00000000dc500000| PB 0x00000000dc500000| Untracked 
| 454|0x00000000dc600000, 0x00000000dc600000, 0x00000000dc700000|  0%| F|  |TAMS 0x00000000dc600000| PB 0x00000000dc600000| Untracked 
| 455|0x00000000dc700000, 0x00000000dc700000, 0x00000000dc800000|  0%| F|  |TAMS 0x00000000dc700000| PB 0x00000000dc700000| Untracked 
| 456|0x00000000dc800000, 0x00000000dc800000, 0x00000000dc900000|  0%| F|  |TAMS 0x00000000dc800000| PB 0x00000000dc800000| Untracked 
| 457|0x00000000dc900000, 0x00000000dc900000, 0x00000000dca00000|  0%| F|  |TAMS 0x00000000dc900000| PB 0x00000000dc900000| Untracked 
| 458|0x00000000dca00000, 0x00000000dca00000, 0x00000000dcb00000|  0%| F|  |TAMS 0x00000000dca00000| PB 0x00000000dca00000| Untracked 
| 459|0x00000000dcb00000, 0x00000000dcb00000, 0x00000000dcc00000|  0%| F|  |TAMS 0x00000000dcb00000| PB 0x00000000dcb00000| Untracked 
| 460|0x00000000dcc00000, 0x00000000dcc00000, 0x00000000dcd00000|  0%| F|  |TAMS 0x00000000dcc00000| PB 0x00000000dcc00000| Untracked 
| 461|0x00000000dcd00000, 0x00000000dcd00000, 0x00000000dce00000|  0%| F|  |TAMS 0x00000000dcd00000| PB 0x00000000dcd00000| Untracked 
| 462|0x00000000dce00000, 0x00000000dce00000, 0x00000000dcf00000|  0%| F|  |TAMS 0x00000000dce00000| PB 0x00000000dce00000| Untracked 
| 463|0x00000000dcf00000, 0x00000000dcf00000, 0x00000000dd000000|  0%| F|  |TAMS 0x00000000dcf00000| PB 0x00000000dcf00000| Untracked 
| 464|0x00000000dd000000, 0x00000000dd000000, 0x00000000dd100000|  0%| F|  |TAMS 0x00000000dd000000| PB 0x00000000dd000000| Untracked 
| 465|0x00000000dd100000, 0x00000000dd100000, 0x00000000dd200000|  0%| F|  |TAMS 0x00000000dd100000| PB 0x00000000dd100000| Untracked 
| 466|0x00000000dd200000, 0x00000000dd200000, 0x00000000dd300000|  0%| F|  |TAMS 0x00000000dd200000| PB 0x00000000dd200000| Untracked 
| 467|0x00000000dd300000, 0x00000000dd300000, 0x00000000dd400000|  0%| F|  |TAMS 0x00000000dd300000| PB 0x00000000dd300000| Untracked 
| 468|0x00000000dd400000, 0x00000000dd400000, 0x00000000dd500000|  0%| F|  |TAMS 0x00000000dd400000| PB 0x00000000dd400000| Untracked 
| 469|0x00000000dd500000, 0x00000000dd500000, 0x00000000dd600000|  0%| F|  |TAMS 0x00000000dd500000| PB 0x00000000dd500000| Untracked 
| 470|0x00000000dd600000, 0x00000000dd600000, 0x00000000dd700000|  0%| F|  |TAMS 0x00000000dd600000| PB 0x00000000dd600000| Untracked 
| 471|0x00000000dd700000, 0x00000000dd700000, 0x00000000dd800000|  0%| F|  |TAMS 0x00000000dd700000| PB 0x00000000dd700000| Untracked 
| 472|0x00000000dd800000, 0x00000000dd800000, 0x00000000dd900000|  0%| F|  |TAMS 0x00000000dd800000| PB 0x00000000dd800000| Untracked 
| 473|0x00000000dd900000, 0x00000000dd900000, 0x00000000dda00000|  0%| F|  |TAMS 0x00000000dd900000| PB 0x00000000dd900000| Untracked 
| 474|0x00000000dda00000, 0x00000000dda00000, 0x00000000ddb00000|  0%| F|  |TAMS 0x00000000dda00000| PB 0x00000000dda00000| Untracked 
| 475|0x00000000ddb00000, 0x00000000ddb00000, 0x00000000ddc00000|  0%| F|  |TAMS 0x00000000ddb00000| PB 0x00000000ddb00000| Untracked 
| 476|0x00000000ddc00000, 0x00000000ddc00000, 0x00000000ddd00000|  0%| F|  |TAMS 0x00000000ddc00000| PB 0x00000000ddc00000| Untracked 
| 477|0x00000000ddd00000, 0x00000000ddd00000, 0x00000000dde00000|  0%| F|  |TAMS 0x00000000ddd00000| PB 0x00000000ddd00000| Untracked 
| 478|0x00000000dde00000, 0x00000000dde00000, 0x00000000ddf00000|  0%| F|  |TAMS 0x00000000dde00000| PB 0x00000000dde00000| Untracked 
| 479|0x00000000ddf00000, 0x00000000ddf00000, 0x00000000de000000|  0%| F|  |TAMS 0x00000000ddf00000| PB 0x00000000ddf00000| Untracked 
| 480|0x00000000de000000, 0x00000000de000000, 0x00000000de100000|  0%| F|  |TAMS 0x00000000de000000| PB 0x00000000de000000| Untracked 
| 481|0x00000000de100000, 0x00000000de100000, 0x00000000de200000|  0%| F|  |TAMS 0x00000000de100000| PB 0x00000000de100000| Untracked 
| 482|0x00000000de200000, 0x00000000de200000, 0x00000000de300000|  0%| F|  |TAMS 0x00000000de200000| PB 0x00000000de200000| Untracked 
| 483|0x00000000de300000, 0x00000000de300000, 0x00000000de400000|  0%| F|  |TAMS 0x00000000de300000| PB 0x00000000de300000| Untracked 
| 484|0x00000000de400000, 0x00000000de4f8028, 0x00000000de500000| 96%| S|CS|TAMS 0x00000000de400000| PB 0x00000000de400000| Complete 
| 485|0x00000000de500000, 0x00000000de600000, 0x00000000de600000|100%| S|CS|TAMS 0x00000000de500000| PB 0x00000000de500000| Complete 
| 486|0x00000000de600000, 0x00000000de700000, 0x00000000de700000|100%| S|CS|TAMS 0x00000000de600000| PB 0x00000000de600000| Complete 
| 487|0x00000000de700000, 0x00000000de800000, 0x00000000de800000|100%| S|CS|TAMS 0x00000000de700000| PB 0x00000000de700000| Complete 
| 488|0x00000000de800000, 0x00000000de900000, 0x00000000de900000|100%| S|CS|TAMS 0x00000000de800000| PB 0x00000000de800000| Complete 
| 489|0x00000000de900000, 0x00000000dea00000, 0x00000000dea00000|100%| S|CS|TAMS 0x00000000de900000| PB 0x00000000de900000| Complete 
| 490|0x00000000dea00000, 0x00000000deb00000, 0x00000000deb00000|100%| S|CS|TAMS 0x00000000dea00000| PB 0x00000000dea00000| Complete 
| 491|0x00000000deb00000, 0x00000000dec00000, 0x00000000dec00000|100%| S|CS|TAMS 0x00000000deb00000| PB 0x00000000deb00000| Complete 
| 492|0x00000000dec00000, 0x00000000ded00000, 0x00000000ded00000|100%| S|CS|TAMS 0x00000000dec00000| PB 0x00000000dec00000| Complete 
| 493|0x00000000ded00000, 0x00000000dee00000, 0x00000000dee00000|100%| S|CS|TAMS 0x00000000ded00000| PB 0x00000000ded00000| Complete 
| 494|0x00000000dee00000, 0x00000000dee00000, 0x00000000def00000|  0%| F|  |TAMS 0x00000000dee00000| PB 0x00000000dee00000| Untracked 
| 495|0x00000000def00000, 0x00000000def00000, 0x00000000df000000|  0%| F|  |TAMS 0x00000000def00000| PB 0x00000000def00000| Untracked 
| 496|0x00000000df000000, 0x00000000df000000, 0x00000000df100000|  0%| F|  |TAMS 0x00000000df000000| PB 0x00000000df000000| Untracked 
| 497|0x00000000df100000, 0x00000000df100000, 0x00000000df200000|  0%| F|  |TAMS 0x00000000df100000| PB 0x00000000df100000| Untracked 
| 498|0x00000000df200000, 0x00000000df200000, 0x00000000df300000|  0%| F|  |TAMS 0x00000000df200000| PB 0x00000000df200000| Untracked 
| 499|0x00000000df300000, 0x00000000df300000, 0x00000000df400000|  0%| F|  |TAMS 0x00000000df300000| PB 0x00000000df300000| Untracked 
| 500|0x00000000df400000, 0x00000000df400000, 0x00000000df500000|  0%| F|  |TAMS 0x00000000df400000| PB 0x00000000df400000| Untracked 
| 501|0x00000000df500000, 0x00000000df500000, 0x00000000df600000|  0%| F|  |TAMS 0x00000000df500000| PB 0x00000000df500000| Untracked 
| 502|0x00000000df600000, 0x00000000df600000, 0x00000000df700000|  0%| F|  |TAMS 0x00000000df600000| PB 0x00000000df600000| Untracked 
| 503|0x00000000df700000, 0x00000000df700000, 0x00000000df800000|  0%| F|  |TAMS 0x00000000df700000| PB 0x00000000df700000| Untracked 
| 504|0x00000000df800000, 0x00000000df800000, 0x00000000df900000|  0%| F|  |TAMS 0x00000000df800000| PB 0x00000000df800000| Untracked 
| 505|0x00000000df900000, 0x00000000df900000, 0x00000000dfa00000|  0%| F|  |TAMS 0x00000000df900000| PB 0x00000000df900000| Untracked 
| 506|0x00000000dfa00000, 0x00000000dfa00000, 0x00000000dfb00000|  0%| F|  |TAMS 0x00000000dfa00000| PB 0x00000000dfa00000| Untracked 
| 507|0x00000000dfb00000, 0x00000000dfb00000, 0x00000000dfc00000|  0%| F|  |TAMS 0x00000000dfb00000| PB 0x00000000dfb00000| Untracked 
| 508|0x00000000dfc00000, 0x00000000dfc00000, 0x00000000dfd00000|  0%| F|  |TAMS 0x00000000dfc00000| PB 0x00000000dfc00000| Untracked 
| 509|0x00000000dfd00000, 0x00000000dfd00000, 0x00000000dfe00000|  0%| F|  |TAMS 0x00000000dfd00000| PB 0x00000000dfd00000| Untracked 
| 510|0x00000000dfe00000, 0x00000000dfe00000, 0x00000000dff00000|  0%| F|  |TAMS 0x00000000dfe00000| PB 0x00000000dfe00000| Untracked 
| 511|0x00000000dff00000, 0x00000000dff00000, 0x00000000e0000000|  0%| F|  |TAMS 0x00000000dff00000| PB 0x00000000dff00000| Untracked 
| 512|0x00000000e0000000, 0x00000000e0000000, 0x00000000e0100000|  0%| F|  |TAMS 0x00000000e0000000| PB 0x00000000e0000000| Untracked 
| 513|0x00000000e0100000, 0x00000000e0100000, 0x00000000e0200000|  0%| F|  |TAMS 0x00000000e0100000| PB 0x00000000e0100000| Untracked 
| 514|0x00000000e0200000, 0x00000000e0200000, 0x00000000e0300000|  0%| F|  |TAMS 0x00000000e0200000| PB 0x00000000e0200000| Untracked 
| 515|0x00000000e0300000, 0x00000000e0300000, 0x00000000e0400000|  0%| F|  |TAMS 0x00000000e0300000| PB 0x00000000e0300000| Untracked 
| 516|0x00000000e0400000, 0x00000000e0400000, 0x00000000e0500000|  0%| F|  |TAMS 0x00000000e0400000| PB 0x00000000e0400000| Untracked 
| 517|0x00000000e0500000, 0x00000000e0500000, 0x00000000e0600000|  0%| F|  |TAMS 0x00000000e0500000| PB 0x00000000e0500000| Untracked 
| 518|0x00000000e0600000, 0x00000000e0600000, 0x00000000e0700000|  0%| F|  |TAMS 0x00000000e0600000| PB 0x00000000e0600000| Untracked 
| 519|0x00000000e0700000, 0x00000000e0700000, 0x00000000e0800000|  0%| F|  |TAMS 0x00000000e0700000| PB 0x00000000e0700000| Untracked 
| 520|0x00000000e0800000, 0x00000000e0800000, 0x00000000e0900000|  0%| F|  |TAMS 0x00000000e0800000| PB 0x00000000e0800000| Untracked 
| 521|0x00000000e0900000, 0x00000000e0900000, 0x00000000e0a00000|  0%| F|  |TAMS 0x00000000e0900000| PB 0x00000000e0900000| Untracked 
| 522|0x00000000e0a00000, 0x00000000e0a00000, 0x00000000e0b00000|  0%| F|  |TAMS 0x00000000e0a00000| PB 0x00000000e0a00000| Untracked 
| 523|0x00000000e0b00000, 0x00000000e0b00000, 0x00000000e0c00000|  0%| F|  |TAMS 0x00000000e0b00000| PB 0x00000000e0b00000| Untracked 
| 524|0x00000000e0c00000, 0x00000000e0c00000, 0x00000000e0d00000|  0%| F|  |TAMS 0x00000000e0c00000| PB 0x00000000e0c00000| Untracked 
| 525|0x00000000e0d00000, 0x00000000e0d00000, 0x00000000e0e00000|  0%| F|  |TAMS 0x00000000e0d00000| PB 0x00000000e0d00000| Untracked 
| 526|0x00000000e0e00000, 0x00000000e0e00000, 0x00000000e0f00000|  0%| F|  |TAMS 0x00000000e0e00000| PB 0x00000000e0e00000| Untracked 
| 527|0x00000000e0f00000, 0x00000000e0f00000, 0x00000000e1000000|  0%| F|  |TAMS 0x00000000e0f00000| PB 0x00000000e0f00000| Untracked 
| 528|0x00000000e1000000, 0x00000000e1000000, 0x00000000e1100000|  0%| F|  |TAMS 0x00000000e1000000| PB 0x00000000e1000000| Untracked 
| 529|0x00000000e1100000, 0x00000000e1100000, 0x00000000e1200000|  0%| F|  |TAMS 0x00000000e1100000| PB 0x00000000e1100000| Untracked 
| 530|0x00000000e1200000, 0x00000000e1200000, 0x00000000e1300000|  0%| F|  |TAMS 0x00000000e1200000| PB 0x00000000e1200000| Untracked 
| 531|0x00000000e1300000, 0x00000000e1300000, 0x00000000e1400000|  0%| F|  |TAMS 0x00000000e1300000| PB 0x00000000e1300000| Untracked 
| 532|0x00000000e1400000, 0x00000000e1400000, 0x00000000e1500000|  0%| F|  |TAMS 0x00000000e1400000| PB 0x00000000e1400000| Untracked 
| 533|0x00000000e1500000, 0x00000000e1500000, 0x00000000e1600000|  0%| F|  |TAMS 0x00000000e1500000| PB 0x00000000e1500000| Untracked 
| 534|0x00000000e1600000, 0x00000000e1600000, 0x00000000e1700000|  0%| F|  |TAMS 0x00000000e1600000| PB 0x00000000e1600000| Untracked 
| 535|0x00000000e1700000, 0x00000000e1700000, 0x00000000e1800000|  0%| F|  |TAMS 0x00000000e1700000| PB 0x00000000e1700000| Untracked 
| 536|0x00000000e1800000, 0x00000000e1800000, 0x00000000e1900000|  0%| F|  |TAMS 0x00000000e1800000| PB 0x00000000e1800000| Untracked 
| 537|0x00000000e1900000, 0x00000000e1900000, 0x00000000e1a00000|  0%| F|  |TAMS 0x00000000e1900000| PB 0x00000000e1900000| Untracked 
| 538|0x00000000e1a00000, 0x00000000e1a00000, 0x00000000e1b00000|  0%| F|  |TAMS 0x00000000e1a00000| PB 0x00000000e1a00000| Untracked 
| 539|0x00000000e1b00000, 0x00000000e1b00000, 0x00000000e1c00000|  0%| F|  |TAMS 0x00000000e1b00000| PB 0x00000000e1b00000| Untracked 
| 540|0x00000000e1c00000, 0x00000000e1c00000, 0x00000000e1d00000|  0%| F|  |TAMS 0x00000000e1c00000| PB 0x00000000e1c00000| Untracked 
| 541|0x00000000e1d00000, 0x00000000e1d00000, 0x00000000e1e00000|  0%| F|  |TAMS 0x00000000e1d00000| PB 0x00000000e1d00000| Untracked 
| 542|0x00000000e1e00000, 0x00000000e1e00000, 0x00000000e1f00000|  0%| F|  |TAMS 0x00000000e1e00000| PB 0x00000000e1e00000| Untracked 
| 543|0x00000000e1f00000, 0x00000000e1f00000, 0x00000000e2000000|  0%| F|  |TAMS 0x00000000e1f00000| PB 0x00000000e1f00000| Untracked 
| 544|0x00000000e2000000, 0x00000000e2000000, 0x00000000e2100000|  0%| F|  |TAMS 0x00000000e2000000| PB 0x00000000e2000000| Untracked 
| 545|0x00000000e2100000, 0x00000000e2100000, 0x00000000e2200000|  0%| F|  |TAMS 0x00000000e2100000| PB 0x00000000e2100000| Untracked 
| 546|0x00000000e2200000, 0x00000000e2200000, 0x00000000e2300000|  0%| F|  |TAMS 0x00000000e2200000| PB 0x00000000e2200000| Untracked 
| 547|0x00000000e2300000, 0x00000000e2300000, 0x00000000e2400000|  0%| F|  |TAMS 0x00000000e2300000| PB 0x00000000e2300000| Untracked 
| 548|0x00000000e2400000, 0x00000000e2400000, 0x00000000e2500000|  0%| F|  |TAMS 0x00000000e2400000| PB 0x00000000e2400000| Untracked 
| 549|0x00000000e2500000, 0x00000000e2500000, 0x00000000e2600000|  0%| F|  |TAMS 0x00000000e2500000| PB 0x00000000e2500000| Untracked 
| 550|0x00000000e2600000, 0x00000000e2600000, 0x00000000e2700000|  0%| F|  |TAMS 0x00000000e2600000| PB 0x00000000e2600000| Untracked 
| 551|0x00000000e2700000, 0x00000000e2700000, 0x00000000e2800000|  0%| F|  |TAMS 0x00000000e2700000| PB 0x00000000e2700000| Untracked 
| 552|0x00000000e2800000, 0x00000000e2800000, 0x00000000e2900000|  0%| F|  |TAMS 0x00000000e2800000| PB 0x00000000e2800000| Untracked 
| 553|0x00000000e2900000, 0x00000000e2900000, 0x00000000e2a00000|  0%| F|  |TAMS 0x00000000e2900000| PB 0x00000000e2900000| Untracked 
| 554|0x00000000e2a00000, 0x00000000e2a00000, 0x00000000e2b00000|  0%| F|  |TAMS 0x00000000e2a00000| PB 0x00000000e2a00000| Untracked 
| 555|0x00000000e2b00000, 0x00000000e2b00000, 0x00000000e2c00000|  0%| F|  |TAMS 0x00000000e2b00000| PB 0x00000000e2b00000| Untracked 
| 556|0x00000000e2c00000, 0x00000000e2c00000, 0x00000000e2d00000|  0%| F|  |TAMS 0x00000000e2c00000| PB 0x00000000e2c00000| Untracked 
| 557|0x00000000e2d00000, 0x00000000e2d00000, 0x00000000e2e00000|  0%| F|  |TAMS 0x00000000e2d00000| PB 0x00000000e2d00000| Untracked 
| 558|0x00000000e2e00000, 0x00000000e2e00000, 0x00000000e2f00000|  0%| F|  |TAMS 0x00000000e2e00000| PB 0x00000000e2e00000| Untracked 
| 559|0x00000000e2f00000, 0x00000000e2f00000, 0x00000000e3000000|  0%| F|  |TAMS 0x00000000e2f00000| PB 0x00000000e2f00000| Untracked 
| 560|0x00000000e3000000, 0x00000000e3000000, 0x00000000e3100000|  0%| F|  |TAMS 0x00000000e3000000| PB 0x00000000e3000000| Untracked 
| 561|0x00000000e3100000, 0x00000000e3100000, 0x00000000e3200000|  0%| F|  |TAMS 0x00000000e3100000| PB 0x00000000e3100000| Untracked 
| 562|0x00000000e3200000, 0x00000000e3200000, 0x00000000e3300000|  0%| F|  |TAMS 0x00000000e3200000| PB 0x00000000e3200000| Untracked 
| 563|0x00000000e3300000, 0x00000000e3300000, 0x00000000e3400000|  0%| F|  |TAMS 0x00000000e3300000| PB 0x00000000e3300000| Untracked 
| 564|0x00000000e3400000, 0x00000000e3400000, 0x00000000e3500000|  0%| F|  |TAMS 0x00000000e3400000| PB 0x00000000e3400000| Untracked 
| 565|0x00000000e3500000, 0x00000000e3500000, 0x00000000e3600000|  0%| F|  |TAMS 0x00000000e3500000| PB 0x00000000e3500000| Untracked 
| 566|0x00000000e3600000, 0x00000000e3600000, 0x00000000e3700000|  0%| F|  |TAMS 0x00000000e3600000| PB 0x00000000e3600000| Untracked 
| 567|0x00000000e3700000, 0x00000000e3700000, 0x00000000e3800000|  0%| F|  |TAMS 0x00000000e3700000| PB 0x00000000e3700000| Untracked 
| 568|0x00000000e3800000, 0x00000000e3800000, 0x00000000e3900000|  0%| F|  |TAMS 0x00000000e3800000| PB 0x00000000e3800000| Untracked 
| 569|0x00000000e3900000, 0x00000000e3900000, 0x00000000e3a00000|  0%| F|  |TAMS 0x00000000e3900000| PB 0x00000000e3900000| Untracked 
| 570|0x00000000e3a00000, 0x00000000e3a00000, 0x00000000e3b00000|  0%| F|  |TAMS 0x00000000e3a00000| PB 0x00000000e3a00000| Untracked 
| 571|0x00000000e3b00000, 0x00000000e3b00000, 0x00000000e3c00000|  0%| F|  |TAMS 0x00000000e3b00000| PB 0x00000000e3b00000| Untracked 
| 572|0x00000000e3c00000, 0x00000000e3c00000, 0x00000000e3d00000|  0%| F|  |TAMS 0x00000000e3c00000| PB 0x00000000e3c00000| Untracked 
| 573|0x00000000e3d00000, 0x00000000e3d00000, 0x00000000e3e00000|  0%| F|  |TAMS 0x00000000e3d00000| PB 0x00000000e3d00000| Untracked 
| 574|0x00000000e3e00000, 0x00000000e3e00000, 0x00000000e3f00000|  0%| F|  |TAMS 0x00000000e3e00000| PB 0x00000000e3e00000| Untracked 
| 575|0x00000000e3f00000, 0x00000000e3f00000, 0x00000000e4000000|  0%| F|  |TAMS 0x00000000e3f00000| PB 0x00000000e3f00000| Untracked 
| 576|0x00000000e4000000, 0x00000000e4000000, 0x00000000e4100000|  0%| F|  |TAMS 0x00000000e4000000| PB 0x00000000e4000000| Untracked 
| 577|0x00000000e4100000, 0x00000000e4100000, 0x00000000e4200000|  0%| F|  |TAMS 0x00000000e4100000| PB 0x00000000e4100000| Untracked 
| 578|0x00000000e4200000, 0x00000000e4200000, 0x00000000e4300000|  0%| F|  |TAMS 0x00000000e4200000| PB 0x00000000e4200000| Untracked 
| 579|0x00000000e4300000, 0x00000000e4300000, 0x00000000e4400000|  0%| F|  |TAMS 0x00000000e4300000| PB 0x00000000e4300000| Untracked 
| 580|0x00000000e4400000, 0x00000000e4400000, 0x00000000e4500000|  0%| F|  |TAMS 0x00000000e4400000| PB 0x00000000e4400000| Untracked 
| 581|0x00000000e4500000, 0x00000000e4500000, 0x00000000e4600000|  0%| F|  |TAMS 0x00000000e4500000| PB 0x00000000e4500000| Untracked 
| 582|0x00000000e4600000, 0x00000000e4600000, 0x00000000e4700000|  0%| F|  |TAMS 0x00000000e4600000| PB 0x00000000e4600000| Untracked 
| 583|0x00000000e4700000, 0x00000000e4700000, 0x00000000e4800000|  0%| F|  |TAMS 0x00000000e4700000| PB 0x00000000e4700000| Untracked 
| 584|0x00000000e4800000, 0x00000000e4800000, 0x00000000e4900000|  0%| F|  |TAMS 0x00000000e4800000| PB 0x00000000e4800000| Untracked 
| 585|0x00000000e4900000, 0x00000000e4900000, 0x00000000e4a00000|  0%| F|  |TAMS 0x00000000e4900000| PB 0x00000000e4900000| Untracked 
| 586|0x00000000e4a00000, 0x00000000e4a00000, 0x00000000e4b00000|  0%| F|  |TAMS 0x00000000e4a00000| PB 0x00000000e4a00000| Untracked 
| 587|0x00000000e4b00000, 0x00000000e4b00000, 0x00000000e4c00000|  0%| F|  |TAMS 0x00000000e4b00000| PB 0x00000000e4b00000| Untracked 
| 588|0x00000000e4c00000, 0x00000000e4c00000, 0x00000000e4d00000|  0%| F|  |TAMS 0x00000000e4c00000| PB 0x00000000e4c00000| Untracked 
| 589|0x00000000e4d00000, 0x00000000e4d00000, 0x00000000e4e00000|  0%| F|  |TAMS 0x00000000e4d00000| PB 0x00000000e4d00000| Untracked 
| 590|0x00000000e4e00000, 0x00000000e4e00000, 0x00000000e4f00000|  0%| F|  |TAMS 0x00000000e4e00000| PB 0x00000000e4e00000| Untracked 
| 591|0x00000000e4f00000, 0x00000000e4f00000, 0x00000000e5000000|  0%| F|  |TAMS 0x00000000e4f00000| PB 0x00000000e4f00000| Untracked 
| 592|0x00000000e5000000, 0x00000000e5000000, 0x00000000e5100000|  0%| F|  |TAMS 0x00000000e5000000| PB 0x00000000e5000000| Untracked 
| 593|0x00000000e5100000, 0x00000000e5100000, 0x00000000e5200000|  0%| F|  |TAMS 0x00000000e5100000| PB 0x00000000e5100000| Untracked 
| 594|0x00000000e5200000, 0x00000000e5200000, 0x00000000e5300000|  0%| F|  |TAMS 0x00000000e5200000| PB 0x00000000e5200000| Untracked 
| 595|0x00000000e5300000, 0x00000000e5300000, 0x00000000e5400000|  0%| F|  |TAMS 0x00000000e5300000| PB 0x00000000e5300000| Untracked 
| 596|0x00000000e5400000, 0x00000000e5400000, 0x00000000e5500000|  0%| F|  |TAMS 0x00000000e5400000| PB 0x00000000e5400000| Untracked 
| 597|0x00000000e5500000, 0x00000000e5500000, 0x00000000e5600000|  0%| F|  |TAMS 0x00000000e5500000| PB 0x00000000e5500000| Untracked 
| 598|0x00000000e5600000, 0x00000000e5600000, 0x00000000e5700000|  0%| F|  |TAMS 0x00000000e5600000| PB 0x00000000e5600000| Untracked 
| 599|0x00000000e5700000, 0x00000000e5700000, 0x00000000e5800000|  0%| F|  |TAMS 0x00000000e5700000| PB 0x00000000e5700000| Untracked 
| 600|0x00000000e5800000, 0x00000000e5800000, 0x00000000e5900000|  0%| F|  |TAMS 0x00000000e5800000| PB 0x00000000e5800000| Untracked 
| 601|0x00000000e5900000, 0x00000000e5900000, 0x00000000e5a00000|  0%| F|  |TAMS 0x00000000e5900000| PB 0x00000000e5900000| Untracked 
| 602|0x00000000e5a00000, 0x00000000e5a00000, 0x00000000e5b00000|  0%| F|  |TAMS 0x00000000e5a00000| PB 0x00000000e5a00000| Untracked 
| 603|0x00000000e5b00000, 0x00000000e5b00000, 0x00000000e5c00000|  0%| F|  |TAMS 0x00000000e5b00000| PB 0x00000000e5b00000| Untracked 
| 604|0x00000000e5c00000, 0x00000000e5c00000, 0x00000000e5d00000|  0%| F|  |TAMS 0x00000000e5c00000| PB 0x00000000e5c00000| Untracked 
| 605|0x00000000e5d00000, 0x00000000e5d00000, 0x00000000e5e00000|  0%| F|  |TAMS 0x00000000e5d00000| PB 0x00000000e5d00000| Untracked 
| 606|0x00000000e5e00000, 0x00000000e5e00000, 0x00000000e5f00000|  0%| F|  |TAMS 0x00000000e5e00000| PB 0x00000000e5e00000| Untracked 
| 607|0x00000000e5f00000, 0x00000000e5f00000, 0x00000000e6000000|  0%| F|  |TAMS 0x00000000e5f00000| PB 0x00000000e5f00000| Untracked 
| 608|0x00000000e6000000, 0x00000000e6000000, 0x00000000e6100000|  0%| F|  |TAMS 0x00000000e6000000| PB 0x00000000e6000000| Untracked 
| 609|0x00000000e6100000, 0x00000000e6100000, 0x00000000e6200000|  0%| F|  |TAMS 0x00000000e6100000| PB 0x00000000e6100000| Untracked 
| 610|0x00000000e6200000, 0x00000000e6200000, 0x00000000e6300000|  0%| F|  |TAMS 0x00000000e6200000| PB 0x00000000e6200000| Untracked 
| 611|0x00000000e6300000, 0x00000000e6300000, 0x00000000e6400000|  0%| F|  |TAMS 0x00000000e6300000| PB 0x00000000e6300000| Untracked 
| 612|0x00000000e6400000, 0x00000000e6400000, 0x00000000e6500000|  0%| F|  |TAMS 0x00000000e6400000| PB 0x00000000e6400000| Untracked 
| 613|0x00000000e6500000, 0x00000000e6500000, 0x00000000e6600000|  0%| F|  |TAMS 0x00000000e6500000| PB 0x00000000e6500000| Untracked 
| 614|0x00000000e6600000, 0x00000000e6600000, 0x00000000e6700000|  0%| F|  |TAMS 0x00000000e6600000| PB 0x00000000e6600000| Untracked 
| 615|0x00000000e6700000, 0x00000000e6700000, 0x00000000e6800000|  0%| F|  |TAMS 0x00000000e6700000| PB 0x00000000e6700000| Untracked 
| 616|0x00000000e6800000, 0x00000000e6800000, 0x00000000e6900000|  0%| F|  |TAMS 0x00000000e6800000| PB 0x00000000e6800000| Untracked 
| 617|0x00000000e6900000, 0x00000000e6900000, 0x00000000e6a00000|  0%| F|  |TAMS 0x00000000e6900000| PB 0x00000000e6900000| Untracked 
| 618|0x00000000e6a00000, 0x00000000e6a00000, 0x00000000e6b00000|  0%| F|  |TAMS 0x00000000e6a00000| PB 0x00000000e6a00000| Untracked 
| 619|0x00000000e6b00000, 0x00000000e6b00000, 0x00000000e6c00000|  0%| F|  |TAMS 0x00000000e6b00000| PB 0x00000000e6b00000| Untracked 
| 620|0x00000000e6c00000, 0x00000000e6c00000, 0x00000000e6d00000|  0%| F|  |TAMS 0x00000000e6c00000| PB 0x00000000e6c00000| Untracked 
| 621|0x00000000e6d00000, 0x00000000e6d00000, 0x00000000e6e00000|  0%| F|  |TAMS 0x00000000e6d00000| PB 0x00000000e6d00000| Untracked 
| 622|0x00000000e6e00000, 0x00000000e6e00000, 0x00000000e6f00000|  0%| F|  |TAMS 0x00000000e6e00000| PB 0x00000000e6e00000| Untracked 
| 623|0x00000000e6f00000, 0x00000000e6f00000, 0x00000000e7000000|  0%| F|  |TAMS 0x00000000e6f00000| PB 0x00000000e6f00000| Untracked 
| 624|0x00000000e7000000, 0x00000000e7000000, 0x00000000e7100000|  0%| F|  |TAMS 0x00000000e7000000| PB 0x00000000e7000000| Untracked 
| 625|0x00000000e7100000, 0x00000000e7100000, 0x00000000e7200000|  0%| F|  |TAMS 0x00000000e7100000| PB 0x00000000e7100000| Untracked 
| 626|0x00000000e7200000, 0x00000000e7200000, 0x00000000e7300000|  0%| F|  |TAMS 0x00000000e7200000| PB 0x00000000e7200000| Untracked 
| 627|0x00000000e7300000, 0x00000000e7300000, 0x00000000e7400000|  0%| F|  |TAMS 0x00000000e7300000| PB 0x00000000e7300000| Untracked 
| 628|0x00000000e7400000, 0x00000000e7400000, 0x00000000e7500000|  0%| F|  |TAMS 0x00000000e7400000| PB 0x00000000e7400000| Untracked 
| 629|0x00000000e7500000, 0x00000000e7500000, 0x00000000e7600000|  0%| F|  |TAMS 0x00000000e7500000| PB 0x00000000e7500000| Untracked 
| 630|0x00000000e7600000, 0x00000000e7600000, 0x00000000e7700000|  0%| F|  |TAMS 0x00000000e7600000| PB 0x00000000e7600000| Untracked 
| 631|0x00000000e7700000, 0x00000000e7700000, 0x00000000e7800000|  0%| F|  |TAMS 0x00000000e7700000| PB 0x00000000e7700000| Untracked 
| 632|0x00000000e7800000, 0x00000000e7800000, 0x00000000e7900000|  0%| F|  |TAMS 0x00000000e7800000| PB 0x00000000e7800000| Untracked 
| 633|0x00000000e7900000, 0x00000000e7900000, 0x00000000e7a00000|  0%| F|  |TAMS 0x00000000e7900000| PB 0x00000000e7900000| Untracked 
| 634|0x00000000e7a00000, 0x00000000e7a00000, 0x00000000e7b00000|  0%| F|  |TAMS 0x00000000e7a00000| PB 0x00000000e7a00000| Untracked 
| 635|0x00000000e7b00000, 0x00000000e7b00000, 0x00000000e7c00000|  0%| F|  |TAMS 0x00000000e7b00000| PB 0x00000000e7b00000| Untracked 
| 636|0x00000000e7c00000, 0x00000000e7c00000, 0x00000000e7d00000|  0%| F|  |TAMS 0x00000000e7c00000| PB 0x00000000e7c00000| Untracked 
| 637|0x00000000e7d00000, 0x00000000e7d00000, 0x00000000e7e00000|  0%| F|  |TAMS 0x00000000e7d00000| PB 0x00000000e7d00000| Untracked 
| 638|0x00000000e7e00000, 0x00000000e7e00000, 0x00000000e7f00000|  0%| F|  |TAMS 0x00000000e7e00000| PB 0x00000000e7e00000| Untracked 
| 639|0x00000000e7f00000, 0x00000000e7f00000, 0x00000000e8000000|  0%| F|  |TAMS 0x00000000e7f00000| PB 0x00000000e7f00000| Untracked 
| 640|0x00000000e8000000, 0x00000000e8000000, 0x00000000e8100000|  0%| F|  |TAMS 0x00000000e8000000| PB 0x00000000e8000000| Untracked 
| 641|0x00000000e8100000, 0x00000000e8100000, 0x00000000e8200000|  0%| F|  |TAMS 0x00000000e8100000| PB 0x00000000e8100000| Untracked 
| 642|0x00000000e8200000, 0x00000000e8200000, 0x00000000e8300000|  0%| F|  |TAMS 0x00000000e8200000| PB 0x00000000e8200000| Untracked 
| 643|0x00000000e8300000, 0x00000000e8300000, 0x00000000e8400000|  0%| F|  |TAMS 0x00000000e8300000| PB 0x00000000e8300000| Untracked 
| 644|0x00000000e8400000, 0x00000000e8400000, 0x00000000e8500000|  0%| F|  |TAMS 0x00000000e8400000| PB 0x00000000e8400000| Untracked 
| 645|0x00000000e8500000, 0x00000000e8500000, 0x00000000e8600000|  0%| F|  |TAMS 0x00000000e8500000| PB 0x00000000e8500000| Untracked 
| 646|0x00000000e8600000, 0x00000000e8600000, 0x00000000e8700000|  0%| F|  |TAMS 0x00000000e8600000| PB 0x00000000e8600000| Untracked 
| 647|0x00000000e8700000, 0x00000000e8700000, 0x00000000e8800000|  0%| F|  |TAMS 0x00000000e8700000| PB 0x00000000e8700000| Untracked 
| 648|0x00000000e8800000, 0x00000000e8800000, 0x00000000e8900000|  0%| F|  |TAMS 0x00000000e8800000| PB 0x00000000e8800000| Untracked 
| 649|0x00000000e8900000, 0x00000000e8900000, 0x00000000e8a00000|  0%| F|  |TAMS 0x00000000e8900000| PB 0x00000000e8900000| Untracked 
| 650|0x00000000e8a00000, 0x00000000e8a00000, 0x00000000e8b00000|  0%| F|  |TAMS 0x00000000e8a00000| PB 0x00000000e8a00000| Untracked 
| 651|0x00000000e8b00000, 0x00000000e8b00000, 0x00000000e8c00000|  0%| F|  |TAMS 0x00000000e8b00000| PB 0x00000000e8b00000| Untracked 
| 652|0x00000000e8c00000, 0x00000000e8c00000, 0x00000000e8d00000|  0%| F|  |TAMS 0x00000000e8c00000| PB 0x00000000e8c00000| Untracked 
| 653|0x00000000e8d00000, 0x00000000e8d00000, 0x00000000e8e00000|  0%| F|  |TAMS 0x00000000e8d00000| PB 0x00000000e8d00000| Untracked 
| 654|0x00000000e8e00000, 0x00000000e8e00000, 0x00000000e8f00000|  0%| F|  |TAMS 0x00000000e8e00000| PB 0x00000000e8e00000| Untracked 
| 655|0x00000000e8f00000, 0x00000000e8f00000, 0x00000000e9000000|  0%| F|  |TAMS 0x00000000e8f00000| PB 0x00000000e8f00000| Untracked 
| 656|0x00000000e9000000, 0x00000000e9000000, 0x00000000e9100000|  0%| F|  |TAMS 0x00000000e9000000| PB 0x00000000e9000000| Untracked 
| 657|0x00000000e9100000, 0x00000000e9100000, 0x00000000e9200000|  0%| F|  |TAMS 0x00000000e9100000| PB 0x00000000e9100000| Untracked 
| 658|0x00000000e9200000, 0x00000000e9200000, 0x00000000e9300000|  0%| F|  |TAMS 0x00000000e9200000| PB 0x00000000e9200000| Untracked 
| 659|0x00000000e9300000, 0x00000000e9300000, 0x00000000e9400000|  0%| F|  |TAMS 0x00000000e9300000| PB 0x00000000e9300000| Untracked 
| 660|0x00000000e9400000, 0x00000000e9400000, 0x00000000e9500000|  0%| F|  |TAMS 0x00000000e9400000| PB 0x00000000e9400000| Untracked 
| 661|0x00000000e9500000, 0x00000000e9500000, 0x00000000e9600000|  0%| F|  |TAMS 0x00000000e9500000| PB 0x00000000e9500000| Untracked 
| 662|0x00000000e9600000, 0x00000000e9600000, 0x00000000e9700000|  0%| F|  |TAMS 0x00000000e9600000| PB 0x00000000e9600000| Untracked 
| 663|0x00000000e9700000, 0x00000000e9700000, 0x00000000e9800000|  0%| F|  |TAMS 0x00000000e9700000| PB 0x00000000e9700000| Untracked 
| 664|0x00000000e9800000, 0x00000000e9800000, 0x00000000e9900000|  0%| F|  |TAMS 0x00000000e9800000| PB 0x00000000e9800000| Untracked 
| 665|0x00000000e9900000, 0x00000000e9900000, 0x00000000e9a00000|  0%| F|  |TAMS 0x00000000e9900000| PB 0x00000000e9900000| Untracked 
| 666|0x00000000e9a00000, 0x00000000e9a00000, 0x00000000e9b00000|  0%| F|  |TAMS 0x00000000e9a00000| PB 0x00000000e9a00000| Untracked 
| 667|0x00000000e9b00000, 0x00000000e9b00000, 0x00000000e9c00000|  0%| F|  |TAMS 0x00000000e9b00000| PB 0x00000000e9b00000| Untracked 
| 668|0x00000000e9c00000, 0x00000000e9c00000, 0x00000000e9d00000|  0%| F|  |TAMS 0x00000000e9c00000| PB 0x00000000e9c00000| Untracked 
| 669|0x00000000e9d00000, 0x00000000e9d00000, 0x00000000e9e00000|  0%| F|  |TAMS 0x00000000e9d00000| PB 0x00000000e9d00000| Untracked 
|1010|0x00000000ff200000, 0x00000000ff300000, 0x00000000ff300000|100%| O|  |TAMS 0x00000000ff300000| PB 0x00000000ff200000| Untracked 
|1011|0x00000000ff300000, 0x00000000ff400000, 0x00000000ff400000|100%| O|  |TAMS 0x00000000ff400000| PB 0x00000000ff300000| Untracked 
|1012|0x00000000ff400000, 0x00000000ff500000, 0x00000000ff500000|100%| O|  |TAMS 0x00000000ff500000| PB 0x00000000ff400000| Untracked 
|1013|0x00000000ff500000, 0x00000000ff600000, 0x00000000ff600000|100%| O|  |TAMS 0x00000000ff600000| PB 0x00000000ff500000| Untracked 
|1014|0x00000000ff600000, 0x00000000ff700000, 0x00000000ff700000|100%| O|  |TAMS 0x00000000ff700000| PB 0x00000000ff600000| Untracked 
|1015|0x00000000ff700000, 0x00000000ff800000, 0x00000000ff800000|100%| O|  |TAMS 0x00000000ff800000| PB 0x00000000ff700000| Updating 
|1016|0x00000000ff800000, 0x00000000ff800000, 0x00000000ff900000|  0%| F|  |TAMS 0x00000000ff800000| PB 0x00000000ff800000| Untracked 
|1017|0x00000000ff900000, 0x00000000ff900000, 0x00000000ffa00000|  0%| F|  |TAMS 0x00000000ff900000| PB 0x00000000ff900000| Untracked 
|1018|0x00000000ffa00000, 0x00000000ffb00000, 0x00000000ffb00000|100%| O|  |TAMS 0x00000000ffb00000| PB 0x00000000ffa00000| Updating 
|1019|0x00000000ffb00000, 0x00000000ffb00000, 0x00000000ffc00000|  0%| F|  |TAMS 0x00000000ffb00000| PB 0x00000000ffb00000| Untracked 
|1020|0x00000000ffc00000, 0x00000000ffc00000, 0x00000000ffd00000|  0%| F|  |TAMS 0x00000000ffc00000| PB 0x00000000ffc00000| Untracked 
|1021|0x00000000ffd00000, 0x00000000ffe00000, 0x00000000ffe00000|100%| O|  |TAMS 0x00000000ffe00000| PB 0x00000000ffd00000| Updating 
|1022|0x00000000ffe00000, 0x00000000ffe00000, 0x00000000fff00000|  0%| F|  |TAMS 0x00000000ffe00000| PB 0x00000000ffe00000| Untracked 
|1023|0x00000000fff00000, 0x0000000100000000, 0x0000000100000000|100%| O|  |TAMS 0x0000000100000000| PB 0x00000000fff00000| Updating 

Card table byte_map: [0x0000029f19680000,0x0000029f19880000] _byte_map_base: 0x0000029f19080000

Marking Bits: (CMBitMap*) 0x0000029f0603a7b0
 Bits: [0x0000029f19880000, 0x0000029f1a880000)

Polling page: 0x0000029f03f70000

Metaspace:

Usage:
  Non-class:    133.27 MB used.
      Class:     23.01 MB used.
       Both:    156.29 MB used.

Virtual space:
  Non-class space:      192.00 MB reserved,     134.44 MB ( 70%) committed,  3 nodes.
      Class space:        1.00 GB reserved,      24.19 MB (  2%) committed,  1 nodes.
             Both:        1.19 GB reserved,     158.62 MB ( 13%) committed. 

Chunk freelists:
   Non-Class:  8.80 MB
       Class:  7.73 MB
        Both:  16.53 MB

MaxMetaspaceSize: unlimited
CompressedClassSpaceSize: 1.00 GB
Initial GC threshold: 21.00 MB
Current GC threshold: 263.75 MB
CDS: off
 - commit_granule_bytes: 65536.
 - commit_granule_words: 8192.
 - virtual_space_node_default_size: 8388608.
 - enlarge_chunks_in_place: 1.
 - use_allocation_guard: 0.


Internal statistics:

num_allocs_failed_limit: 9.
num_arena_births: 4832.
num_arena_deaths: 166.
num_vsnodes_births: 4.
num_vsnodes_deaths: 0.
num_space_committed: 2522.
num_space_uncommitted: 0.
num_chunks_returned_to_freelist: 253.
num_chunks_taken_from_freelist: 11693.
num_chunk_merges: 117.
num_chunk_splits: 7670.
num_chunks_enlarged: 4950.
num_inconsistent_stats: 0.

CodeHeap 'non-profiled nmethods': size=118848Kb used=12603Kb max_used=13227Kb free=106244Kb
 bounds [0x0000029f10d40000, 0x0000029f11a30000, 0x0000029f18150000]
CodeHeap 'profiled nmethods': size=118848Kb used=37904Kb max_used=38976Kb free=80943Kb
 bounds [0x0000029f09150000, 0x0000029f0b770000, 0x0000029f10560000]
CodeHeap 'non-nmethods': size=8064Kb used=5525Kb max_used=5589Kb free=2538Kb
 bounds [0x0000029f10560000, 0x0000029f10af0000, 0x0000029f10d40000]
CodeCache: size=245760Kb, used=56032Kb, max_used=57792Kb, free=189725Kb
 total_blobs=20191, nmethods=19122, adapters=968, full_count=0
Compilation: enabled, stopped_count=0, restarted_count=0

Compilation events (20 events):
Event: 22.467 Thread 0x0000029f1e4d1f40 25343       1       com.android.tools.r8.graph.e2::R0 (5 bytes)
Event: 22.467 Thread 0x0000029f1e4d2ce0 nmethod 25287 0x0000029f10d57490 code [0x0000029f10d57620, 0x0000029f10d576e8]
Event: 22.467 Thread 0x0000029f1e4d2ce0 25137       1       com.android.tools.r8.internal.s8::s2 (3 bytes)
Event: 22.468 Thread 0x0000029f1e4d4ef0 nmethod 24995 0x0000029f0a982790 code [0x0000029f0a982920, 0x0000029f0a982a30]
Event: 22.468 Thread 0x0000029f1e4d4ef0 25183       1       com.android.tools.r8.internal.vj::y (2 bytes)
Event: 22.468 Thread 0x0000029f1e4d4ef0 nmethod 25183 0x0000029f10e3ca10 code [0x0000029f10e3cba0, 0x0000029f10e3cc68]
Event: 22.468 Thread 0x0000029f1e4d4ef0 25208       1       com.android.tools.r8.internal.bl1::l (5 bytes)
Event: 22.468 Thread 0x0000029f1e4d2ce0 nmethod 25137 0x0000029f10ddf910 code [0x0000029f10ddfaa0, 0x0000029f10ddfb68]
Event: 22.468 Thread 0x0000029f1e4d3a80 nmethod 24989 0x0000029f10e24f90 code [0x0000029f10e25120, 0x0000029f10e251e8]
Event: 22.468 Thread 0x0000029f1e4d4ef0 nmethod 25208 0x0000029f10fb1c90 code [0x0000029f10fb1e20, 0x0000029f10fb1ef0]
Event: 22.468 Thread 0x0000029f1e4d1f40 nmethod 25343 0x0000029f11594090 code [0x0000029f11594220, 0x0000029f115942e8]
Event: 22.468 Thread 0x0000029f1e4d1f40 25288       1       com.android.tools.r8.internal.if2::o (2 bytes)
Event: 22.468 Thread 0x0000029f1e4d2ce0 25298       1       com.android.tools.r8.internal.ku::q2 (4 bytes)
Event: 22.468 Thread 0x0000029f1e4d3a80 25020       1       java.util.TreeMap::comparator (5 bytes)
Event: 22.468 Thread 0x0000029f1e4d4ef0 25185       1       com.android.tools.r8.internal.pk::y (2 bytes)
Event: 22.468 Thread 0x0000029f1e4d1f40 nmethod 25288 0x0000029f1195e990 code [0x0000029f1195eb20, 0x0000029f1195ebe8]
Event: 22.468 Thread 0x0000029f1e4d2ce0 nmethod 25298 0x0000029f119e0d90 code [0x0000029f119e0f20, 0x0000029f119e0fe8]
Event: 22.468 Thread 0x0000029f1e4d4ef0 nmethod 25185 0x0000029f10d56890 code [0x0000029f10d56a20, 0x0000029f10d56ae8]
Event: 22.468 Thread 0x0000029f1e4d3a80 nmethod 25020 0x0000029f10d5e390 code [0x0000029f10d5e520, 0x0000029f10d5e5e8]
Event: 22.468 Thread 0x0000029f1e4d4820 nmethod 25294 0x0000029f0925d110 code [0x0000029f0925d3e0, 0x0000029f0925de40]

GC Heap History (20 events):
Event: 19.086 GC heap after
{Heap after GC invocations=69 (full 0):
 garbage-first heap   total 271360K, used 201649K [0x00000000c0000000, 0x0000000100000000)
  region size 1024K, 9 young (9216K), 9 survivors (9216K)
 Metaspace       used 139345K, committed 141760K, reserved 1179648K
  class space    used 19531K, committed 20736K, reserved 1048576K
}
Event: 19.168 GC heap before
{Heap before GC invocations=70 (full 0):
 garbage-first heap   total 336896K, used 243633K [0x00000000c0000000, 0x0000000100000000)
  region size 1024K, 51 young (52224K), 9 survivors (9216K)
 Metaspace       used 139441K, committed 141824K, reserved 1179648K
  class space    used 19548K, committed 20736K, reserved 1048576K
}
Event: 19.176 GC heap after
{Heap after GC invocations=71 (full 0):
 garbage-first heap   total 336896K, used 211464K [0x00000000c0000000, 0x0000000100000000)
  region size 1024K, 7 young (7168K), 7 survivors (7168K)
 Metaspace       used 139441K, committed 141824K, reserved 1179648K
  class space    used 19548K, committed 20736K, reserved 1048576K
}
Event: 19.344 GC heap before
{Heap before GC invocations=71 (full 0):
 garbage-first heap   total 336896K, used 295432K [0x00000000c0000000, 0x0000000100000000)
  region size 1024K, 90 young (92160K), 7 survivors (7168K)
 Metaspace       used 140876K, committed 143232K, reserved 1179648K
  class space    used 19898K, committed 21056K, reserved 1048576K
}
Event: 19.357 GC heap after
{Heap after GC invocations=72 (full 0):
 garbage-first heap   total 621568K, used 226497K [0x00000000c0000000, 0x0000000100000000)
  region size 1024K, 12 young (12288K), 12 survivors (12288K)
 Metaspace       used 140876K, committed 143232K, reserved 1179648K
  class space    used 19898K, committed 21056K, reserved 1048576K
}
Event: 20.463 GC heap before
{Heap before GC invocations=72 (full 0):
 garbage-first heap   total 621568K, used 497857K [0x00000000c0000000, 0x0000000100000000)
  region size 1024K, 278 young (284672K), 12 survivors (12288K)
 Metaspace       used 144301K, committed 146624K, reserved 1179648K
  class space    used 20474K, committed 21632K, reserved 1048576K
}
Event: 20.496 GC heap after
{Heap after GC invocations=73 (full 0):
 garbage-first heap   total 621568K, used 283858K [0x00000000c0000000, 0x0000000100000000)
  region size 1024K, 35 young (35840K), 35 survivors (35840K)
 Metaspace       used 144301K, committed 146624K, reserved 1179648K
  class space    used 20474K, committed 21632K, reserved 1048576K
}
Event: 20.680 GC heap before
{Heap before GC invocations=73 (full 0):
 garbage-first heap   total 621568K, used 479442K [0x00000000c0000000, 0x0000000100000000)
  region size 1024K, 227 young (232448K), 35 survivors (35840K)
 Metaspace       used 149363K, committed 151808K, reserved 1179648K
  class space    used 21804K, committed 23040K, reserved 1048576K
}
Event: 20.704 GC heap after
{Heap after GC invocations=74 (full 0):
 garbage-first heap   total 621568K, used 330184K [0x00000000c0000000, 0x0000000100000000)
  region size 1024K, 29 young (29696K), 29 survivors (29696K)
 Metaspace       used 149363K, committed 151808K, reserved 1179648K
  class space    used 21804K, committed 23040K, reserved 1048576K
}
Event: 20.887 GC heap before
{Heap before GC invocations=74 (full 0):
 garbage-first heap   total 621568K, used 505288K [0x00000000c0000000, 0x0000000100000000)
  region size 1024K, 201 young (205824K), 29 survivors (29696K)
 Metaspace       used 151360K, committed 153792K, reserved 1245184K
  class space    used 22160K, committed 23360K, reserved 1048576K
}
Event: 20.906 GC heap after
{Heap after GC invocations=75 (full 0):
 garbage-first heap   total 621568K, used 367983K [0x00000000c0000000, 0x0000000100000000)
  region size 1024K, 26 young (26624K), 26 survivors (26624K)
 Metaspace       used 151360K, committed 153792K, reserved 1245184K
  class space    used 22160K, committed 23360K, reserved 1048576K
}
Event: 21.103 GC heap before
{Heap before GC invocations=75 (full 0):
 garbage-first heap   total 621568K, used 526703K [0x00000000c0000000, 0x0000000100000000)
  region size 1024K, 182 young (186368K), 26 survivors (26624K)
 Metaspace       used 154876K, committed 157376K, reserved 1245184K
  class space    used 22760K, committed 24000K, reserved 1048576K
}
Event: 21.129 GC heap after
{Heap after GC invocations=76 (full 0):
 garbage-first heap   total 621568K, used 399334K [0x00000000c0000000, 0x0000000100000000)
  region size 1024K, 23 young (23552K), 23 survivors (23552K)
 Metaspace       used 154876K, committed 157376K, reserved 1245184K
  class space    used 22760K, committed 24000K, reserved 1048576K
}
Event: 21.373 GC heap before
{Heap before GC invocations=77 (full 0):
 garbage-first heap   total 665600K, used 545766K [0x00000000c0000000, 0x0000000100000000)
  region size 1024K, 167 young (171008K), 23 survivors (23552K)
 Metaspace       used 157859K, committed 160192K, reserved 1245184K
  class space    used 23267K, committed 24448K, reserved 1048576K
}
Event: 21.396 GC heap after
{Heap after GC invocations=78 (full 0):
 garbage-first heap   total 665600K, used 420802K [0x00000000c0000000, 0x0000000100000000)
  region size 1024K, 19 young (19456K), 19 survivors (19456K)
 Metaspace       used 157859K, committed 160192K, reserved 1245184K
  class space    used 23267K, committed 24448K, reserved 1048576K
}
Event: 21.704 GC heap before
{Heap before GC invocations=78 (full 0):
 garbage-first heap   total 665600K, used 587714K [0x00000000c0000000, 0x0000000100000000)
  region size 1024K, 183 young (187392K), 19 survivors (19456K)
 Metaspace       used 159061K, committed 161472K, reserved 1245184K
  class space    used 23432K, committed 24640K, reserved 1048576K
}
Event: 21.710 GC heap after
{Heap after GC invocations=79 (full 0):
 garbage-first heap   total 665600K, used 417585K [0x00000000c0000000, 0x0000000100000000)
  region size 1024K, 5 young (5120K), 5 survivors (5120K)
 Metaspace       used 159061K, committed 161472K, reserved 1245184K
  class space    used 23432K, committed 24640K, reserved 1048576K
}
Event: 21.948 GC heap before
{Heap before GC invocations=79 (full 0):
 garbage-first heap   total 665600K, used 593713K [0x00000000c0000000, 0x0000000100000000)
  region size 1024K, 178 young (182272K), 5 survivors (5120K)
 Metaspace       used 159540K, committed 161920K, reserved 1245184K
  class space    used 23507K, committed 24704K, reserved 1048576K
}
Event: 21.951 GC heap after
{Heap after GC invocations=80 (full 0):
 garbage-first heap   total 665600K, used 418727K [0x00000000c0000000, 0x0000000100000000)
  region size 1024K, 6 young (6144K), 6 survivors (6144K)
 Metaspace       used 159540K, committed 161920K, reserved 1245184K
  class space    used 23507K, committed 24704K, reserved 1048576K
}
Event: 22.474 GC heap before
{Heap before GC invocations=80 (full 0):
 garbage-first heap   total 700416K, used 603047K [0x00000000c0000000, 0x0000000100000000)
  region size 1024K, 187 young (191488K), 6 survivors (6144K)
 Metaspace       used 160038K, committed 162432K, reserved 1245184K
  class space    used 23565K, committed 24768K, reserved 1048576K
}

Dll operation events (3 events):
Event: 0.008 Loaded shared library D:\android\jbr\bin\java.dll
Event: 0.012 Loaded shared library D:\android\jbr\bin\zip.dll
Event: 0.343 Loaded shared library D:\android\jbr\bin\verify.dll

Deoptimization events (20 events):
Event: 21.969 Thread 0x0000029f247c7690 DEOPT PACKING pc=0x0000029f11a04e44 sp=0x000000fc7a6faef0
Event: 21.969 Thread 0x0000029f247c7690 DEOPT UNPACKING pc=0x0000029f105b7da2 sp=0x000000fc7a6fae18 mode 2
Event: 22.029 Thread 0x0000029f2328ed40 DEOPT PACKING pc=0x0000029f0b047b5c sp=0x000000fc790fd390
Event: 22.029 Thread 0x0000029f2328ed40 DEOPT UNPACKING pc=0x0000029f105b88e2 sp=0x000000fc790fc990 mode 0
Event: 22.350 Thread 0x0000029f247c7690 Uncommon trap: trap_request=0xffffffde fr.pc=0x0000029f119013ec relative=0x000000000000348c
Event: 22.350 Thread 0x0000029f247c7690 Uncommon trap: reason=class_check action=maybe_recompile pc=0x0000029f119013ec method=com.android.tools.r8.graph.e2.<init>(Lcom/android/tools/r8/graph/i6;Lcom/android/tools/r8/graph/l6;Lcom/android/tools/r8/graph/r0;Lcom/android/tools/r8/graph/j6;Lcom/and
Event: 22.350 Thread 0x0000029f247c7690 DEOPT PACKING pc=0x0000029f119013ec sp=0x000000fc7a6facf0
Event: 22.359 Thread 0x0000029f247c7690 DEOPT UNPACKING pc=0x0000029f105b7da2 sp=0x000000fc7a6fac80 mode 2
Event: 22.360 Thread 0x0000029f23292ee0 Uncommon trap: trap_request=0xffffffde fr.pc=0x0000029f119013ec relative=0x000000000000348c
Event: 22.360 Thread 0x0000029f23292ee0 Uncommon trap: reason=class_check action=maybe_recompile pc=0x0000029f119013ec method=com.android.tools.r8.graph.e2.<init>(Lcom/android/tools/r8/graph/i6;Lcom/android/tools/r8/graph/l6;Lcom/android/tools/r8/graph/r0;Lcom/android/tools/r8/graph/j6;Lcom/and
Event: 22.360 Thread 0x0000029f23292ee0 DEOPT PACKING pc=0x0000029f119013ec sp=0x000000fc79bfaf40
Event: 22.360 Thread 0x0000029f23292ee0 DEOPT UNPACKING pc=0x0000029f105b7da2 sp=0x000000fc79bfaed0 mode 2
Event: 22.376 Thread 0x0000029f247c7690 Uncommon trap: trap_request=0xffffffde fr.pc=0x0000029f119013ec relative=0x000000000000348c
Event: 22.376 Thread 0x0000029f247c7690 Uncommon trap: reason=class_check action=maybe_recompile pc=0x0000029f119013ec method=com.android.tools.r8.graph.e2.<init>(Lcom/android/tools/r8/graph/i6;Lcom/android/tools/r8/graph/l6;Lcom/android/tools/r8/graph/r0;Lcom/android/tools/r8/graph/j6;Lcom/and
Event: 22.376 Thread 0x0000029f247c7690 DEOPT PACKING pc=0x0000029f119013ec sp=0x000000fc7a6facf0
Event: 22.376 Thread 0x0000029f247c7690 DEOPT UNPACKING pc=0x0000029f105b7da2 sp=0x000000fc7a6fac80 mode 2
Event: 22.376 Thread 0x0000029f247c7690 Uncommon trap: trap_request=0xffffffde fr.pc=0x0000029f119013ec relative=0x000000000000348c
Event: 22.376 Thread 0x0000029f247c7690 Uncommon trap: reason=class_check action=maybe_recompile pc=0x0000029f119013ec method=com.android.tools.r8.graph.e2.<init>(Lcom/android/tools/r8/graph/i6;Lcom/android/tools/r8/graph/l6;Lcom/android/tools/r8/graph/r0;Lcom/android/tools/r8/graph/j6;Lcom/and
Event: 22.376 Thread 0x0000029f247c7690 DEOPT PACKING pc=0x0000029f119013ec sp=0x000000fc7a6facf0
Event: 22.376 Thread 0x0000029f247c7690 DEOPT UNPACKING pc=0x0000029f105b7da2 sp=0x000000fc7a6fac80 mode 2

Classes loaded (20 events):
Event: 21.021 Loading class java/util/IdentityHashMap$EntrySpliterator
Event: 21.022 Loading class java/util/IdentityHashMap$IdentityHashMapSpliterator
Event: 21.022 Loading class java/util/IdentityHashMap$IdentityHashMapSpliterator done
Event: 21.022 Loading class java/util/IdentityHashMap$EntrySpliterator done
Event: 21.065 Loading class java/util/SortedSet$1
Event: 21.065 Loading class java/util/SortedSet$1 done
Event: 21.074 Loading class java/util/stream/SliceOps
Event: 21.074 Loading class java/util/stream/SliceOps done
Event: 21.074 Loading class java/util/stream/SliceOps$1
Event: 21.075 Loading class java/util/stream/SliceOps$1 done
Event: 21.081 Loading class java/util/stream/SliceOps$1$1
Event: 21.081 Loading class java/util/stream/SliceOps$1$1 done
Event: 21.086 Loading class java/util/PriorityQueue
Event: 21.087 Loading class java/util/PriorityQueue done
Event: 21.227 Loading class java/nio/ShortBuffer
Event: 21.228 Loading class java/nio/ShortBuffer done
Event: 21.422 Loading class java/nio/ByteBufferAsShortBufferL
Event: 21.423 Loading class java/nio/ByteBufferAsShortBufferL done
Event: 21.539 Loading class java/util/zip/Adler32
Event: 21.539 Loading class java/util/zip/Adler32 done

Classes unloaded (20 events):
Event: 21.245 Thread 0x0000029f1e3f4f20 Unloading class 0x000000010141a000 'java/lang/invoke/LambdaForm$DMH+0x000000010141a000'
Event: 21.245 Thread 0x0000029f1e3f4f20 Unloading class 0x000000010141a800 'java/lang/invoke/LambdaForm$DMH+0x000000010141a800'
Event: 21.245 Thread 0x0000029f1e3f4f20 Unloading class 0x0000000101419000 'java/lang/invoke/LambdaForm$DMH+0x0000000101419000'
Event: 21.245 Thread 0x0000029f1e3f4f20 Unloading class 0x0000000101418800 'java/lang/invoke/LambdaForm$DMH+0x0000000101418800'
Event: 21.245 Thread 0x0000029f1e3f4f20 Unloading class 0x0000000101418400 'java/lang/invoke/LambdaForm$DMH+0x0000000101418400'
Event: 21.245 Thread 0x0000029f1e3f4f20 Unloading class 0x0000000101419800 'java/lang/invoke/LambdaForm$DMH+0x0000000101419800'
Event: 21.245 Thread 0x0000029f1e3f4f20 Unloading class 0x0000000101418c00 'java/lang/invoke/LambdaForm$DMH+0x0000000101418c00'
Event: 21.245 Thread 0x0000029f1e3f4f20 Unloading class 0x0000000101419c00 'java/lang/invoke/LambdaForm$DMH+0x0000000101419c00'
Event: 21.245 Thread 0x0000029f1e3f4f20 Unloading class 0x0000000101418000 'java/lang/invoke/LambdaForm$DMH+0x0000000101418000'
Event: 22.092 Thread 0x0000029f1e3f4f20 Unloading class 0x00000001017f4c00 'java/lang/invoke/LambdaForm$DMH+0x00000001017f4c00'
Event: 22.092 Thread 0x0000029f1e3f4f20 Unloading class 0x00000001017f4800 'java/lang/invoke/LambdaForm$DMH+0x00000001017f4800'
Event: 22.092 Thread 0x0000029f1e3f4f20 Unloading class 0x00000001017f4400 'java/lang/invoke/LambdaForm$DMH+0x00000001017f4400'
Event: 22.092 Thread 0x0000029f1e3f4f20 Unloading class 0x00000001017ae000 'java/lang/invoke/LambdaForm$DMH+0x00000001017ae000'
Event: 22.092 Thread 0x0000029f1e3f4f20 Unloading class 0x00000001017ad400 'java/lang/invoke/LambdaForm$DMH+0x00000001017ad400'
Event: 22.092 Thread 0x0000029f1e3f4f20 Unloading class 0x00000001017adc00 'java/lang/invoke/LambdaForm$DMH+0x00000001017adc00'
Event: 22.092 Thread 0x0000029f1e3f4f20 Unloading class 0x00000001017ad800 'java/lang/invoke/LambdaForm$DMH+0x00000001017ad800'
Event: 22.092 Thread 0x0000029f1e3f4f20 Unloading class 0x00000001017ac800 'java/lang/invoke/LambdaForm$DMH+0x00000001017ac800'
Event: 22.092 Thread 0x0000029f1e3f4f20 Unloading class 0x00000001017acc00 'java/lang/invoke/LambdaForm$DMH+0x00000001017acc00'
Event: 22.092 Thread 0x0000029f1e3f4f20 Unloading class 0x00000001017ad000 'java/lang/invoke/LambdaForm$DMH+0x00000001017ad000'
Event: 22.092 Thread 0x0000029f1e3f4f20 Unloading class 0x00000001017ac400 'java/lang/invoke/LambdaForm$DMH+0x00000001017ac400'

Classes redefined (0 events):
No events

Internal exceptions (20 events):
Event: 21.170 Thread 0x0000029f247cd270 Exception <a 'java/lang/NoSuchMethodError'{0x00000000e2c00a38}: 'int java.lang.invoke.DirectMethodHandle$Holder.invokeSpecial(java.lang.Object, java.lang.Object, java.lang.Object, int, java.lang.Object)'> (0x00000000e2c00a38) 
thrown [s\src\hotspot\share\interpreter\linkResolver.cpp, line 784]
Event: 21.170 Thread 0x0000029f23292ee0 Exception <a 'java/lang/NoSuchMethodError'{0x00000000e312b588}: 'int java.lang.invoke.DirectMethodHandle$Holder.invokeSpecial(java.lang.Object, java.lang.Object, java.lang.Object, int, java.lang.Object)'> (0x00000000e312b588) 
thrown [s\src\hotspot\share\interpreter\linkResolver.cpp, line 784]
Event: 21.170 Thread 0x0000029f247c90d0 Exception <a 'java/lang/NoSuchMethodError'{0x00000000e3115f78}: 'int java.lang.invoke.DirectMethodHandle$Holder.invokeSpecial(java.lang.Object, java.lang.Object, java.lang.Object, int, java.lang.Object)'> (0x00000000e3115f78) 
thrown [s\src\hotspot\share\interpreter\linkResolver.cpp, line 784]
Event: 21.170 Thread 0x0000029f274abaf0 Exception <a 'java/lang/NoSuchMethodError'{0x00000000e2fd4bc0}: 'int java.lang.invoke.DirectMethodHandle$Holder.invokeSpecial(java.lang.Object, java.lang.Object, java.lang.Object, int, java.lang.Object)'> (0x00000000e2fd4bc0) 
thrown [s\src\hotspot\share\interpreter\linkResolver.cpp, line 784]
Event: 21.170 Thread 0x0000029f247cbec0 Exception <a 'java/lang/NoSuchMethodError'{0x00000000e4ed0bc0}: 'int java.lang.invoke.DirectMethodHandle$Holder.invokeSpecial(java.lang.Object, java.lang.Object, java.lang.Object, int, java.lang.Object)'> (0x00000000e4ed0bc0) 
thrown [s\src\hotspot\share\interpreter\linkResolver.cpp, line 784]
Event: 21.170 Thread 0x0000029f247ccbe0 Exception <a 'java/lang/NoSuchMethodError'{0x00000000e2a06130}: 'int java.lang.invoke.DirectMethodHandle$Holder.invokeSpecial(java.lang.Object, java.lang.Object, java.lang.Object, int, java.lang.Object)'> (0x00000000e2a06130) 
thrown [s\src\hotspot\share\interpreter\linkResolver.cpp, line 784]
Event: 21.170 Thread 0x0000029f2e828250 Exception <a 'java/lang/NoSuchMethodError'{0x00000000e2e664f8}: 'int java.lang.invoke.DirectMethodHandle$Holder.invokeSpecial(java.lang.Object, java.lang.Object, java.lang.Object, int, java.lang.Object)'> (0x00000000e2e664f8) 
thrown [s\src\hotspot\share\interpreter\linkResolver.cpp, line 784]
Event: 21.171 Thread 0x0000029f23292850 Exception <a 'java/lang/NoSuchMethodError'{0x00000000e2a006c8}: 'int java.lang.invoke.DirectMethodHandle$Holder.invokeSpecial(java.lang.Object, java.lang.Object, java.lang.Object, int, java.lang.Object)'> (0x00000000e2a006c8) 
thrown [s\src\hotspot\share\interpreter\linkResolver.cpp, line 784]
Event: 21.190 Thread 0x0000029f274ab460 Exception <a 'java/lang/NoSuchMethodError'{0x00000000e1e91688}: 'int java.lang.invoke.DirectMethodHandle$Holder.invokeInterface(java.lang.Object, java.lang.Object, int)'> (0x00000000e1e91688) 
thrown [s\src\hotspot\share\interpreter\linkResolver.cpp, line 784]
Event: 21.233 Thread 0x0000029f247c7000 Exception <a 'java/lang/NoSuchMethodError'{0x00000000df8f6308}: 'void java.lang.invoke.DirectMethodHandle$Holder.invokeStatic(java.lang.Object, int)'> (0x00000000df8f6308) 
thrown [s\src\hotspot\share\interpreter\linkResolver.cpp, line 784]
Event: 21.233 Thread 0x0000029f274ae250 Exception <a 'java/lang/NoSuchMethodError'{0x00000000df84f5f8}: 'void java.lang.invoke.DirectMethodHandle$Holder.invokeStatic(java.lang.Object, int)'> (0x00000000df84f5f8) 
thrown [s\src\hotspot\share\interpreter\linkResolver.cpp, line 784]
Event: 21.233 Thread 0x0000029f247c9760 Exception <a 'java/lang/NoSuchMethodError'{0x00000000e04bb258}: 'void java.lang.invoke.DirectMethodHandle$Holder.invokeStatic(java.lang.Object, int)'> (0x00000000e04bb258) 
thrown [s\src\hotspot\share\interpreter\linkResolver.cpp, line 784]
Event: 21.233 Thread 0x0000029f2540ce50 Exception <a 'java/lang/NoSuchMethodError'{0x00000000e023ad00}: 'void java.lang.invoke.DirectMethodHandle$Holder.invokeStatic(java.lang.Object, int)'> (0x00000000e023ad00) 
thrown [s\src\hotspot\share\interpreter\linkResolver.cpp, line 784]
Event: 21.277 Thread 0x0000029f23292850 Exception <a 'java/lang/IncompatibleClassChangeError'{0x00000000e77268f8}: Found class java.lang.Object, but interface was expected> (0x00000000e77268f8) 
thrown [s\src\hotspot\share\interpreter\linkResolver.cpp, line 851]
Event: 21.700 Thread 0x0000029f232914a0 Exception <a 'sun/nio/fs/WindowsException'{0x00000000dcf1c0f8}> (0x00000000dcf1c0f8) 
thrown [s\src\hotspot\share\prims\jni.cpp, line 537]
Event: 21.700 Thread 0x0000029f23292850 Exception <a 'sun/nio/fs/WindowsException'{0x00000000dcff3650}> (0x00000000dcff3650) 
thrown [s\src\hotspot\share\prims\jni.cpp, line 537]
Event: 21.904 Thread 0x0000029f247ccbe0 Exception <a 'sun/nio/fs/WindowsException'{0x00000000df4f45a0}> (0x00000000df4f45a0) 
thrown [s\src\hotspot\share\prims\jni.cpp, line 537]
Event: 21.931 Thread 0x0000029f2328ed40 Exception <a 'sun/nio/fs/WindowsException'{0x00000000e328f620}> (0x00000000e328f620) 
thrown [s\src\hotspot\share\prims\jni.cpp, line 537]
Event: 21.969 Thread 0x0000029f247c7690 Implicit null exception at 0x0000029f11a04d00 to 0x0000029f11a04e30
Event: 22.348 Thread 0x0000029f23292850 Exception <a 'sun/nio/fs/WindowsException'{0x00000000e8d382f8}> (0x00000000e8d382f8) 
thrown [s\src\hotspot\share\prims\jni.cpp, line 537]

ZGC Phase Switch (0 events):
No events

VM Operations (20 events):
Event: 22.425 Executing VM operation: ICBufferFull done
Event: 22.425 Executing VM operation: ICBufferFull
Event: 22.427 Executing VM operation: ICBufferFull done
Event: 22.428 Executing VM operation: ICBufferFull
Event: 22.437 Executing VM operation: ICBufferFull done
Event: 22.437 Executing VM operation: HandshakeAllThreads (Deoptimize)
Event: 22.438 Executing VM operation: HandshakeAllThreads (Deoptimize) done
Event: 22.438 Executing VM operation: ICBufferFull
Event: 22.441 Executing VM operation: ICBufferFull done
Event: 22.441 Executing VM operation: ICBufferFull
Event: 22.442 Executing VM operation: ICBufferFull done
Event: 22.442 Executing VM operation: ICBufferFull
Event: 22.443 Executing VM operation: ICBufferFull done
Event: 22.444 Executing VM operation: ICBufferFull
Event: 22.444 Executing VM operation: ICBufferFull done
Event: 22.445 Executing VM operation: ICBufferFull
Event: 22.445 Executing VM operation: ICBufferFull done
Event: 22.456 Executing VM operation: ICBufferFull
Event: 22.472 Executing VM operation: ICBufferFull done
Event: 22.472 Executing VM operation: G1CollectForAllocation (G1 Evacuation Pause)

Memory protections (0 events):
No events

Nmethod flushes (20 events):
Event: 22.220 Thread 0x0000029f1e3f4f20 flushing  nmethod 0x0000029f0ab61990
Event: 22.220 Thread 0x0000029f1e3f4f20 flushing  nmethod 0x0000029f0ac42d90
Event: 22.220 Thread 0x0000029f1e3f4f20 flushing  nmethod 0x0000029f0ac43710
Event: 22.220 Thread 0x0000029f1e3f4f20 flushing  nmethod 0x0000029f0aca7810
Event: 22.220 Thread 0x0000029f1e3f4f20 flushing  nmethod 0x0000029f0aca9590
Event: 22.220 Thread 0x0000029f1e3f4f20 flushing  nmethod 0x0000029f0acabb90
Event: 22.220 Thread 0x0000029f1e3f4f20 flushing  nmethod 0x0000029f0ad8a110
Event: 22.220 Thread 0x0000029f1e3f4f20 flushing  nmethod 0x0000029f0ae31110
Event: 22.220 Thread 0x0000029f1e3f4f20 flushing  nmethod 0x0000029f0ae33710
Event: 22.220 Thread 0x0000029f1e3f4f20 flushing  nmethod 0x0000029f0b2ef490
Event: 22.220 Thread 0x0000029f1e3f4f20 flushing  nmethod 0x0000029f0b2ef890
Event: 22.220 Thread 0x0000029f1e3f4f20 flushing  nmethod 0x0000029f0b2f4b10
Event: 22.220 Thread 0x0000029f1e3f4f20 flushing  nmethod 0x0000029f0ab30310
Event: 22.220 Thread 0x0000029f1e3f4f20 flushing  nmethod 0x0000029f0ad35210
Event: 22.220 Thread 0x0000029f1e3f4f20 flushing  nmethod 0x0000029f0ae11c10
Event: 22.220 Thread 0x0000029f1e3f4f20 flushing  nmethod 0x0000029f0ae14010
Event: 22.220 Thread 0x0000029f1e3f4f20 flushing  nmethod 0x0000029f0ae9e090
Event: 22.220 Thread 0x0000029f1e3f4f20 flushing  nmethod 0x0000029f0ae9ed10
Event: 22.220 Thread 0x0000029f1e3f4f20 flushing  nmethod 0x0000029f0b27e890
Event: 22.220 Thread 0x0000029f1e3f4f20 flushing  nmethod 0x0000029f0b27f190

Events (20 events):
Event: 17.453 Thread 0x0000029f2e82eb50 Thread added: 0x0000029f30e12d20
Event: 17.453 Thread 0x0000029f2e82eb50 Thread added: 0x0000029f30e140d0
Event: 17.454 Thread 0x0000029f2e82eb50 Thread added: 0x0000029f30e14760
Event: 17.454 Thread 0x0000029f2e82eb50 Thread added: 0x0000029f30e112e0
Event: 17.454 Thread 0x0000029f2e82eb50 Thread added: 0x0000029f30e18270
Event: 17.454 Thread 0x0000029f2e82eb50 Thread added: 0x0000029f30e161a0
Event: 17.455 Thread 0x0000029f2e82eb50 Thread added: 0x0000029f30e14df0
Event: 17.455 Thread 0x0000029f2e82eb50 Thread added: 0x0000029f30e18900
Event: 17.455 Thread 0x0000029f2e82eb50 Thread added: 0x0000029f30e15b10
Event: 17.455 Thread 0x0000029f2e82eb50 Thread added: 0x0000029f30e16830
Event: 17.456 Thread 0x0000029f2e82eb50 Thread added: 0x0000029f30e15480
Event: 17.456 Thread 0x0000029f2e82eb50 Thread added: 0x0000029f30e17550
Event: 17.456 Thread 0x0000029f2e82eb50 Thread added: 0x0000029f30e16ec0
Event: 17.456 Thread 0x0000029f2e82eb50 Thread added: 0x0000029f30e17be0
Event: 17.456 Thread 0x0000029f2e82eb50 Thread added: 0x0000029f30e18f90
Event: 17.457 Thread 0x0000029f2e82eb50 Thread added: 0x0000029f30e19cb0
Event: 17.457 Thread 0x0000029f2e82eb50 Thread added: 0x0000029f30e1a340
Event: 17.457 Thread 0x0000029f2e82eb50 Thread added: 0x0000029f30e1a9d0
Event: 17.457 Thread 0x0000029f2e82eb50 Thread added: 0x0000029f30e1c410
Event: 19.425 Thread 0x0000029f2e483030 Thread exited: 0x0000029f2e483030


Dynamic libraries:
0x00007ff7a3440000 - 0x00007ff7a344a000 	D:\android\jbr\bin\java.exe
0x00007ff91d2e0000 - 0x00007ff91d547000 	C:\WINDOWS\SYSTEM32\ntdll.dll
0x00007ff91bc30000 - 0x00007ff91bcf9000 	C:\WINDOWS\System32\KERNEL32.DLL
0x00007ff91a9a0000 - 0x00007ff91ad91000 	C:\WINDOWS\System32\KERNELBASE.dll
0x00007ff91a820000 - 0x00007ff91a96b000 	C:\WINDOWS\System32\ucrtbase.dll
0x00007ff8fe960000 - 0x00007ff8fe978000 	D:\android\jbr\bin\jli.dll
0x00007ff901c80000 - 0x00007ff901c9b000 	D:\android\jbr\bin\VCRUNTIME140.dll
0x00007ff91cc40000 - 0x00007ff91ce05000 	C:\WINDOWS\System32\USER32.dll
0x00007ff91a970000 - 0x00007ff91a997000 	C:\WINDOWS\System32\win32u.dll
0x00007ff91c290000 - 0x00007ff91c2bb000 	C:\WINDOWS\System32\GDI32.dll
0x00007ff8faf10000 - 0x00007ff8fb1a3000 	C:\WINDOWS\WinSxS\amd64_microsoft.windows.common-controls_6595b64144ccf1df_6.0.26100.8037_none_3e092faae333b53b\COMCTL32.dll
0x00007ff91a580000 - 0x00007ff91a6ab000 	C:\WINDOWS\System32\gdi32full.dll
0x00007ff91c5d0000 - 0x00007ff91c679000 	C:\WINDOWS\System32\msvcrt.dll
0x00007ff91afd0000 - 0x00007ff91b073000 	C:\WINDOWS\System32\msvcp_win.dll
0x00007ff91bd30000 - 0x00007ff91bd61000 	C:\WINDOWS\System32\IMM32.DLL
0x00007ff901bd0000 - 0x00007ff901bdc000 	D:\android\jbr\bin\vcruntime140_1.dll
0x00007ff8bd450000 - 0x00007ff8bd4dd000 	D:\android\jbr\bin\msvcp140.dll
0x00007fffb3610000 - 0x00007fffb42a6000 	D:\android\jbr\bin\server\jvm.dll
0x00007ff91c2c0000 - 0x00007ff91c37b000 	C:\WINDOWS\System32\ADVAPI32.dll
0x00007ff91b090000 - 0x00007ff91b137000 	C:\WINDOWS\System32\sechost.dll
0x00007ff91bdc0000 - 0x00007ff91bed8000 	C:\WINDOWS\System32\RPCRT4.dll
0x00007ff91bbb0000 - 0x00007ff91bc24000 	C:\WINDOWS\System32\WS2_32.dll
0x00007ff919870000 - 0x00007ff9198ce000 	C:\WINDOWS\SYSTEM32\POWRPROF.dll
0x00007ff90cd10000 - 0x00007ff90cd45000 	C:\WINDOWS\SYSTEM32\WINMM.dll
0x00007ff912f90000 - 0x00007ff912f9b000 	C:\WINDOWS\SYSTEM32\VERSION.dll
0x00007ff919850000 - 0x00007ff919864000 	C:\WINDOWS\SYSTEM32\UMPDC.dll
0x00007ff918950000 - 0x00007ff91896b000 	C:\WINDOWS\SYSTEM32\kernel.appcore.dll
0x00007ff8fe990000 - 0x00007ff8fe99a000 	D:\android\jbr\bin\jimage.dll
0x00007ff917770000 - 0x00007ff9179b2000 	C:\WINDOWS\SYSTEM32\DBGHELP.DLL
0x00007ff91ce10000 - 0x00007ff91d192000 	C:\WINDOWS\System32\combase.dll
0x00007ff91bee0000 - 0x00007ff91bfb7000 	C:\WINDOWS\System32\OLEAUT32.dll
0x00007ff8f8e80000 - 0x00007ff8f8ebb000 	C:\WINDOWS\SYSTEM32\dbgcore.DLL
0x00007ff91af20000 - 0x00007ff91afc5000 	C:\WINDOWS\System32\bcryptPrimitives.dll
0x00007ff8fe980000 - 0x00007ff8fe98e000 	D:\android\jbr\bin\instrument.dll
0x00007ff8fe940000 - 0x00007ff8fe960000 	D:\android\jbr\bin\java.dll
0x00007ff8ebd20000 - 0x00007ff8ebd38000 	D:\android\jbr\bin\zip.dll
0x00007ff91b440000 - 0x00007ff91bb9f000 	C:\WINDOWS\System32\SHELL32.dll
0x00007ff91a6b0000 - 0x00007ff91a81a000 	C:\WINDOWS\System32\wintypes.dll
0x00007ff919d10000 - 0x00007ff91a574000 	C:\WINDOWS\System32\windows.storage.dll
0x00007ff91d1a0000 - 0x00007ff91d297000 	C:\WINDOWS\System32\SHCORE.dll
0x00007ff91c220000 - 0x00007ff91c287000 	C:\WINDOWS\System32\shlwapi.dll
0x00007ff919ae0000 - 0x00007ff919b09000 	C:\WINDOWS\SYSTEM32\profapi.dll
0x00007ff8fe930000 - 0x00007ff8fe940000 	D:\android\jbr\bin\net.dll
0x00007ff9139d0000 - 0x00007ff913af7000 	C:\WINDOWS\SYSTEM32\WINHTTP.dll
0x00007ff918ec0000 - 0x00007ff918f2b000 	C:\WINDOWS\system32\mswsock.dll
0x00007ff8ebd00000 - 0x00007ff8ebd16000 	D:\android\jbr\bin\nio.dll
0x00007ff8e0500000 - 0x00007ff8e0510000 	D:\android\jbr\bin\verify.dll
0x00007ff8e7860000 - 0x00007ff8e7887000 	C:\Users\30720\.gradle\native\1def1411415f61bf3af743bc5b6707747c0891f09f0c88961ee8f79bc544acac\windows-amd64\native-platform.dll
0x00007ff88db80000 - 0x00007ff88dbf8000 	C:\Users\30720\.gradle\native\0.2.7\x86_64-windows-gnu\gradle-fileevents.dll
0x00007ff8ebcf0000 - 0x00007ff8ebcf9000 	D:\android\jbr\bin\management.dll
0x00007ff8e4ee0000 - 0x00007ff8e4eeb000 	D:\android\jbr\bin\management_ext.dll
0x00007ff91c560000 - 0x00007ff91c568000 	C:\WINDOWS\System32\PSAPI.DLL
0x00007ff918470000 - 0x00007ff9184a3000 	C:\WINDOWS\SYSTEM32\IPHLPAPI.DLL
0x00007ff91b080000 - 0x00007ff91b08a000 	C:\WINDOWS\System32\NSI.dll
0x00007ff8e1760000 - 0x00007ff8e1769000 	D:\android\jbr\bin\extnet.dll
0x00007ff9191a0000 - 0x00007ff9191bb000 	C:\WINDOWS\SYSTEM32\CRYPTSP.dll
0x00007ff9188b0000 - 0x00007ff9188e9000 	C:\WINDOWS\system32\rsaenh.dll
0x00007ff918f70000 - 0x00007ff918fa2000 	C:\WINDOWS\SYSTEM32\USERENV.dll
0x00007ff919ab0000 - 0x00007ff919ada000 	C:\WINDOWS\SYSTEM32\bcrypt.dll
0x00007ff9191c0000 - 0x00007ff9191cc000 	C:\WINDOWS\SYSTEM32\CRYPTBASE.dll
0x00007ff8fcb90000 - 0x00007ff8fcb98000 	C:\WINDOWS\system32\wshunix.dll
0x00007ff8ebe20000 - 0x00007ff8ebe38000 	C:\WINDOWS\system32\napinsp.dll
0x00007ff9184b0000 - 0x00007ff9185da000 	C:\WINDOWS\SYSTEM32\DNSAPI.dll
0x00007ff8ebc50000 - 0x00007ff8ebc62000 	C:\WINDOWS\System32\winrnr.dll
0x00007ff912600000 - 0x00007ff912616000 	C:\WINDOWS\system32\wshbth.dll
0x00007ff8ebc20000 - 0x00007ff8ebc42000 	C:\WINDOWS\system32\nlansp_c.dll
0x00007ff9127c0000 - 0x00007ff9127cb000 	C:\Windows\System32\rasadhlp.dll
0x00007ff913da0000 - 0x00007ff913e26000 	C:\WINDOWS\System32\fwpuclnt.dll
0x00007ff918a70000 - 0x00007ff918aa6000 	C:\WINDOWS\SYSTEM32\ntmarta.dll

JVMTI agents:
C:\Users\30720\.gradle\wrapper\dists\gradle-8.13-bin\5xuhj0ry160q40clulazy9h7d\gradle-8.13\lib\agents\gradle-instrumentation-agent-8.13.jar path:D:\android\jbr\bin\instrument.dll, loaded, initialized, instrumentlib options:none

dbghelp: loaded successfully - version: 4.0.5 - missing functions: none
symbol engine: initialized successfully - sym options: 0x614 - pdb path: .;D:\android\jbr\bin;C:\WINDOWS\SYSTEM32;C:\WINDOWS\WinSxS\amd64_microsoft.windows.common-controls_6595b64144ccf1df_6.0.26100.8037_none_3e092faae333b53b;D:\android\jbr\bin\server;C:\Users\30720\.gradle\native\1def1411415f61bf3af743bc5b6707747c0891f09f0c88961ee8f79bc544acac\windows-amd64;C:\Users\30720\.gradle\native\0.2.7\x86_64-windows-gnu

VM Arguments:
jvm_args: --add-opens=java.base/java.lang=ALL-UNNAMED --add-opens=java.base/java.lang.invoke=ALL-UNNAMED --add-opens=java.base/java.util=ALL-UNNAMED --add-opens=java.prefs/java.util.prefs=ALL-UNNAMED --add-exports=jdk.compiler/com.sun.tools.javac.api=ALL-UNNAMED --add-exports=jdk.compiler/com.sun.tools.javac.util=ALL-UNNAMED --add-opens=java.base/java.util=ALL-UNNAMED --add-opens=java.prefs/java.util.prefs=ALL-UNNAMED --add-opens=java.base/java.nio.charset=ALL-UNNAMED --add-opens=java.base/java.net=ALL-UNNAMED --add-opens=java.base/java.util.concurrent.atomic=ALL-UNNAMED --add-opens=java.xml/javax.xml.namespace=ALL-UNNAMED -Xmx1024m -Dfile.encoding=UTF-8 -Duser.country=CN -Duser.language=zh -Duser.variant -javaagent:C:\Users\30720\.gradle\wrapper\dists\gradle-8.13-bin\5xuhj0ry160q40clulazy9h7d\gradle-8.13\lib\agents\gradle-instrumentation-agent-8.13.jar 
java_command: org.gradle.launcher.daemon.bootstrap.GradleDaemon 8.13
java_class_path (initial): C:\Users\30720\.gradle\wrapper\dists\gradle-8.13-bin\5xuhj0ry160q40clulazy9h7d\gradle-8.13\lib\gradle-daemon-main-8.13.jar
Launcher Type: SUN_STANDARD

[Global flags]
     intx CICompilerCount                          = 15                                        {product} {ergonomic}
     uint ConcGCThreads                            = 6                                         {product} {ergonomic}
     uint G1ConcRefinementThreads                  = 23                                        {product} {ergonomic}
   size_t G1HeapRegionSize                         = 1048576                                   {product} {ergonomic}
    uintx GCDrainStackTargetSize                   = 64                                        {product} {ergonomic}
   size_t InitialHeapSize                          = 255852544                                 {product} {ergonomic}
   size_t MarkStackSize                            = 4194304                                   {product} {ergonomic}
   size_t MaxHeapSize                              = 1073741824                                {product} {command line}
   size_t MaxNewSize                               = 643825664                                 {product} {ergonomic}
   size_t MinHeapDeltaBytes                        = 1048576                                   {product} {ergonomic}
   size_t MinHeapSize                              = 8388608                                   {product} {ergonomic}
    uintx NonNMethodCodeHeapSize                   = 8192380                                {pd product} {ergonomic}
    uintx NonProfiledCodeHeapSize                  = 121732930                              {pd product} {ergonomic}
    uintx ProfiledCodeHeapSize                     = 121732930                              {pd product} {ergonomic}
    uintx ReservedCodeCacheSize                    = 251658240                              {pd product} {ergonomic}
     bool SegmentedCodeCache                       = true                                      {product} {ergonomic}
   size_t SoftMaxHeapSize                          = 1073741824                             {manageable} {ergonomic}
     bool UseCompressedOops                        = true                           {product lp64_product} {ergonomic}
     bool UseG1GC                                  = true                                      {product} {ergonomic}
     bool UseLargePagesIndividualAllocation        = false                                  {pd product} {ergonomic}

Logging:
Log output configuration:
 #0: stdout all=warning uptime,level,tags foldmultilines=false
 #1: stderr all=off uptime,level,tags foldmultilines=false

Environment Variables:
JAVA_HOME=D:\jdk17\jdk
PATH=D:\jdk17\jdk\bin;C:\Program Files\Common Files\Oracle\Java\javapath;D:\virtual\bin\;D:\jdk17\jdk\bin;C:\Windows\system32;C:\Windows;C:\Windows\System32\Wbem;C:\Windows\System32\WindowsPowerShell\v1.0\;C:\Windows\System32\OpenSSH\;C:\Program Files (x86)\NVIDIA Corporation\PhysX\Common;C:\Program Files\dotnet\;C:\WINDOWS\system32;C:\WINDOWS;C:\WINDOWS\System32\Wbem;C:\WINDOWS\System32\WindowsPowerShell\v1.0\;C:\WINDOWS\System32\OpenSSH\;D:\Development\Node\;D:\Development\Git\cmd;D:\Development\apache-maven-3.9.11\bin;D:\Development\mysql-8.0.43-winx64\bin;D:\mysql\MySQL Server 8.0\bin;D:\kotlin\kotlinc\bin;D:\jdk11\bin;D:\MySQL\MySQL Shell 8.0\bin\;C:\Users\30720\AppData\Local\Microsoft\WindowsApps;D:\VSCode\Microsoft VS Code\bin;C:\Users\30720\AppData\Roaming\npm;D:\Cursor\cursor\resources\app\bin
USERNAME=30720
OS=Windows_NT
PROCESSOR_IDENTIFIER=AMD64 Family 25 Model 97 Stepping 2, AuthenticAMD
TMP=C:\Users\30720\AppData\Local\Temp
TEMP=C:\Users\30720\AppData\Local\Temp




Periodic native trim disabled

JNI global refs:
JNI global refs: 42, weak refs: 307

JNI global refs memory usage: 835, weak refs: 5953

Process memory usage:
Resident Set Size: 985956K (6% of 15912988K total physical memory with 410792K free physical memory)

OOME stack traces (most recent first):
Classloader memory used:
Loader org.gradle.internal.classloader.VisitableURLClassLoader$InstrumentingVisitableURLClassLoader: 66365K
Loader org.gradle.internal.classloader.VisitableURLClassLoader                         : 46297K
Loader bootstrap                                                                       : 32108K
Loader org.gradle.initialization.MixInLegacyTypesClassLoader                           : 13497K
Loader jdk.internal.loader.ClassLoaders$PlatformClassLoader                            : 566K
Loader jdk.internal.reflect.DelegatingClassLoader                                      : 552K
Loader org.gradle.internal.classloader.VisitableURLClassLoader                         : 248K
Loader jdk.internal.loader.ClassLoaders$AppClassLoader                                 : 235K
Loader org.gradle.groovy.scripts.internal.DefaultScriptCompilationHandler$ScriptClassLoader: 138K
Loader org.codehaus.groovy.runtime.callsite.CallSiteClassLoader                        : 27488B

Classes loaded by more than one classloader:
Class Program                                                                         : loaded 5 times (x 72B)
Class Build_gradle                                                                    : loaded 3 times (x 130B)
Class Build_gradle$1                                                                  : loaded 3 times (x 74B)
Class com.google.common.collect.RegularImmutableMap$KeySet                            : loaded 2 times (x 152B)
Class org.gradle.internal.classloader.FilteringClassLoader                            : loaded 2 times (x 105B)
Class [Lcom.google.common.collect.MapMakerInternalMap$Segment;                        : loaded 2 times (x 69B)
Class [Lcom.google.common.base.AbstractIterator$State;                                : loaded 2 times (x 69B)
Class com.google.common.io.FileWriteMode                                              : loaded 2 times (x 79B)
Class com.google.common.base.CharMatcher$IsEither                                     : loaded 2 times (x 111B)
Class org.gradle.internal.classloader.ClassLoaderHierarchy                            : loaded 2 times (x 70B)
Class com.google.common.collect.AbstractMapBasedMultimap$WrappedCollection            : loaded 2 times (x 124B)
Class com.google.common.collect.ImmutableEnumSet                                      : loaded 2 times (x 146B)
Class com.google.common.util.concurrent.ExecutionError                                : loaded 2 times (x 82B)
Class com.google.common.collect.ImmutableList$1                                       : loaded 2 times (x 97B)
Class org.gradle.api.internal.classpath.ManifestUtil                                  : loaded 2 times (x 71B)
Class com.google.common.io.ByteArrayDataOutput                                        : loaded 2 times (x 70B)
Class com.google.common.collect.RegularImmutableMap                                   : loaded 2 times (x 121B)
Class com.google.common.collect.ImmutableMap$MapViewOfValuesAsSingletonSets           : loaded 2 times (x 126B)
Class com.google.common.collect.TransformedListIterator                               : loaded 2 times (x 93B)
Class [Lorg.objectweb.asm.Symbol;                                                     : loaded 2 times (x 69B)
Class org.objectweb.asm.ClassVisitor                                                  : loaded 2 times (x 88B)
Class com.google.common.collect.UnmodifiableListIterator                              : loaded 2 times (x 95B)
Class com.google.common.collect.MapMakerInternalMap$StrongKeyDummyValueEntry$LinkedStrongKeyDummyValueEntry: loaded 2 times (x 82B)
Class com.google.common.collect.MapMakerInternalMap$Strength                          : loaded 2 times (x 80B)
Class com.google.common.base.Platform$JdkPatternCompiler                              : loaded 2 times (x 75B)
Class org.objectweb.asm.MethodTooLargeException                                       : loaded 2 times (x 83B)
Class [Lcom.google.common.cache.CacheBuilder$OneWeigher;                              : loaded 2 times (x 69B)
Class com.google.common.base.Suppliers                                                : loaded 2 times (x 71B)
Class org.gradle.internal.classloader.DefaultClassLoaderFactory                       : loaded 2 times (x 82B)
Class com.google.common.io.ByteSource$ConcatenatedByteSource                          : loaded 2 times (x 85B)
Class com.google.common.base.CharMatcher$None                                         : loaded 2 times (x 112B)
Class org.gradle.internal.classloader.ClassLoaderVisitor                              : loaded 2 times (x 76B)
Class [Lcom.google.common.collect.ImmutableMapEntry;                                  : loaded 2 times (x 69B)
Class org.gradle.api.internal.classpath.EffectiveClassPath                            : loaded 2 times (x 90B)
Class com.google.common.collect.ImmutableRangeSet                                     : loaded 2 times (x 115B)
Class com.google.common.collect.ListMultimap                                          : loaded 2 times (x 70B)
Class com.google.common.collect.ImmutableEnumMap                                      : loaded 2 times (x 126B)
Class com.google.common.collect.Iterators$EmptyModifiableIterator                     : loaded 2 times (x 86B)
Class com.google.common.base.Splitter                                                 : loaded 2 times (x 72B)
Class com.google.common.collect.Sets$1                                                : loaded 2 times (x 139B)
Class org.objectweb.asm.AnnotationVisitor                                             : loaded 2 times (x 78B)
Class org.gradle.api.internal.DefaultClassPathProvider                                : loaded 2 times (x 76B)
Class com.google.common.collect.MapMakerInternalMap$Strength$1                        : loaded 2 times (x 80B)
Class com.google.common.collect.Maps$ViewCachingAbstractMap                           : loaded 2 times (x 125B)
Class com.google.common.collect.Sets$2                                                : loaded 2 times (x 139B)
Class [Lorg.gradle.api.internal.ClassPathProvider;                                    : loaded 2 times (x 69B)
Class org.gradle.api.internal.ClassPathProvider                                       : loaded 2 times (x 70B)
Class com.google.common.collect.MapMakerInternalMap$Strength$2                        : loaded 2 times (x 80B)
Class com.google.common.base.AbstractIterator$State                                   : loaded 2 times (x 79B)
Class [Lorg.objectweb.asm.AnnotationVisitor;                                          : loaded 2 times (x 69B)
Class com.google.common.collect.Sets$3                                                : loaded 2 times (x 139B)
Class com.google.common.util.concurrent.AbstractFuture$SafeAtomicHelper               : loaded 2 times (x 79B)
Class com.google.common.cache.LocalCache$LocalLoadingCache                            : loaded 2 times (x 134B)
Class org.gradle.internal.service.UnknownServiceException                             : loaded 2 times (x 83B)
Class com.google.common.collect.MapMakerInternalMap$StrongValueEntry                  : loaded 2 times (x 70B)
Class com.google.common.io.ByteArrayDataInput                                         : loaded 2 times (x 70B)
Class com.google.common.collect.Sets$4                                                : loaded 2 times (x 139B)
Class org.objectweb.asm.ModuleVisitor                                                 : loaded 2 times (x 81B)
Class com.google.common.cache.LocalCache$Strength$1                                   : loaded 2 times (x 81B)
Class com.google.common.util.concurrent.SettableFuture                                : loaded 2 times (x 114B)
Class com.google.common.cache.LocalCache$Strength$2                                   : loaded 2 times (x 81B)
Class com.google.common.collect.Interners$InternerImpl                                : loaded 2 times (x 75B)
Class com.google.common.collect.Interner                                              : loaded 2 times (x 70B)
Class com.google.common.collect.TransformedIterator                                   : loaded 2 times (x 80B)
Class com.google.common.base.Splitter$1                                               : loaded 2 times (x 77B)
Class com.google.common.io.ByteStreams                                                : loaded 2 times (x 71B)
Class com.google.common.cache.LocalCache$Strength$3                                   : loaded 2 times (x 81B)
Class com.google.common.collect.MapDifference                                         : loaded 2 times (x 70B)
Class com.google.common.collect.MapMaker$Dummy                                        : loaded 2 times (x 79B)
Class org.objectweb.asm.FieldWriter                                                   : loaded 2 times (x 78B)
Class com.google.common.cache.CacheBuilder$NullListener                               : loaded 2 times (x 82B)
Class org.gradle.internal.classpath.TransformedClassPath                              : loaded 2 times (x 96B)
Class org.gradle.internal.classloader.InstrumentingClassLoader                        : loaded 2 times (x 70B)
Class com.google.common.collect.ImmutableListMultimap                                 : loaded 2 times (x 176B)
Class com.google.common.collect.ImmutableRangeSet$AsSet                               : loaded 2 times (x 300B)
Class com.google.common.cache.CacheLoader$FunctionToCacheLoader                       : loaded 2 times (x 75B)
Class com.google.common.collect.Iterators$ArrayItr                                    : loaded 2 times (x 97B)
Class com.google.common.collect.ImmutableCollection$Builder                           : loaded 2 times (x 76B)
Class com.google.common.collect.EmptyImmutableListMultimap                            : loaded 2 times (x 176B)
Class com.google.common.collect.BaseImmutableMultimap                                 : loaded 2 times (x 123B)
Class com.google.common.base.Joiner                                                   : loaded 2 times (x 79B)
Class com.google.common.base.MoreObjects                                              : loaded 2 times (x 71B)
Class [Lorg.objectweb.asm.Attribute;                                                  : loaded 2 times (x 69B)
Class com.google.common.collect.Platform                                              : loaded 2 times (x 71B)
Class [Lorg.objectweb.asm.Type;                                                       : loaded 2 times (x 69B)
Class com.google.common.collect.UnmodifiableIterator                                  : loaded 2 times (x 80B)
Class ijJvmDebugger1_3xxqusycus09xhegbopcatr1g$_run_closure1$_closure2                : loaded 2 times (x 140B)
Class org.gradle.internal.service.ServiceLocator                                      : loaded 2 times (x 70B)
Class com.google.common.base.Ascii                                                    : loaded 2 times (x 71B)
Class com.google.common.collect.SingletonImmutableBiMap                               : loaded 2 times (x 143B)
Class com.google.common.cache.LocalCache$1                                            : loaded 2 times (x 89B)
Class com.google.common.collect.AbstractMapEntry                                      : loaded 2 times (x 81B)
Class com.google.common.collect.MapMakerInternalMap$AbstractStrongKeyEntry            : loaded 2 times (x 80B)
Class com.google.common.io.ByteSource$ByteArrayByteSource                             : loaded 2 times (x 85B)
Class com.google.common.collect.Sets$ImprovedAbstractSet                              : loaded 2 times (x 135B)
Class com.google.common.collect.ImmutableList$Builder                                 : loaded 2 times (x 77B)
Class com.google.common.collect.AbstractMultimap                                      : loaded 2 times (x 123B)
Class com.google.common.cache.LocalCache$2                                            : loaded 2 times (x 142B)
Class com.google.common.collect.ImmutableRangeSet$1                                   : loaded 2 times (x 210B)
Class com.google.common.util.concurrent.AbstractFuture$UnsafeAtomicHelper$1           : loaded 2 times (x 76B)
Class com.google.common.collect.RegularImmutableAsList                                : loaded 2 times (x 217B)
Class com.google.common.base.Optional                                                 : loaded 2 times (x 80B)
Class com.google.common.collect.Range                                                 : loaded 2 times (x 87B)
Class com.google.common.util.concurrent.AbstractFuture$Trusted                        : loaded 2 times (x 70B)
Class com.google.common.collect.Iterators                                             : loaded 2 times (x 71B)
Class com.google.common.io.ByteSink$AsCharSink                                        : loaded 2 times (x 80B)
Class com.google.common.collect.Lists$StringAsImmutableList                           : loaded 2 times (x 207B)
Class com.google.common.util.concurrent.UncheckedExecutionException                   : loaded 2 times (x 82B)
Class org.gradle.kotlin.dsl.VersionCatalogAccessorsKt                                 : loaded 2 times (x 71B)
Class org.gradle.internal.InternalTransformer                                         : loaded 2 times (x 70B)
Class com.google.common.collect.AbstractMapBasedMultimap$KeySet$1                     : loaded 2 times (x 82B)
Class org.objectweb.asm.ClassWriter                                                   : loaded 2 times (x 106B)
Class com.google.common.cache.CacheLoader$UnsupportedLoadingOperationException        : loaded 2 times (x 82B)
Class com.google.common.base.CharMatcher$And                                          : loaded 2 times (x 112B)
Class org.gradle.internal.classloader.ClasspathUtil$1                                 : loaded 2 times (x 76B)
Class com.google.common.base.Objects                                                  : loaded 2 times (x 71B)
Class org.objectweb.asm.FieldVisitor                                                  : loaded 2 times (x 77B)
Class com.google.common.collect.IndexedImmutableSet                                   : loaded 2 times (x 152B)
Class com.google.common.collect.ImmutableMap$1                                        : loaded 2 times (x 81B)
Class com.google.common.base.Equivalence$Identity                                     : loaded 2 times (x 82B)
Class org.gradle.api.internal.classpath.DefaultModuleRegistry$DefaultModule           : loaded 2 times (x 86B)
Class com.google.common.primitives.Ints                                               : loaded 2 times (x 71B)
Class com.google.common.collect.AbstractIterator                                      : loaded 2 times (x 82B)
Class com.google.common.collect.ObjectArrays                                          : loaded 2 times (x 71B)
Class com.google.common.collect.Multiset                                              : loaded 2 times (x 70B)
Class com.google.common.collect.ArrayListMultimapGwtSerializationDependencies         : loaded 2 times (x 172B)
Class com.google.common.collect.AbstractIndexedListIterator                           : loaded 2 times (x 96B)
Class com.google.common.math.MathPreconditions                                        : loaded 2 times (x 71B)
Class com.google.common.collect.ImmutableMapEntrySet                                  : loaded 2 times (x 152B)
Class org.gradle.api.internal.classpath.Module                                        : loaded 2 times (x 70B)
Class com.google.common.cache.Weigher                                                 : loaded 2 times (x 70B)
Class org.gradle.api.internal.classpath.UnknownModuleException                        : loaded 2 times (x 82B)
Class com.google.common.base.Stopwatch                                                : loaded 2 times (x 72B)
Class com.google.common.cache.LocalCache$Strength                                     : loaded 2 times (x 81B)
Class com.google.common.cache.Cache                                                   : loaded 2 times (x 70B)
Class com.google.common.io.AppendableWriter                                           : loaded 2 times (x 100B)
Class com.google.common.base.NullnessCasts                                            : loaded 2 times (x 71B)
Class com.google.common.io.Files$2                                                    : loaded 2 times (x 76B)
Class com.google.common.util.concurrent.AbstractFuture$Cancellation                   : loaded 2 times (x 72B)
Class com.google.common.collect.ImmutableMap$Builder                                  : loaded 2 times (x 82B)
Class com.google.common.base.Present                                                  : loaded 2 times (x 81B)
Class com.google.common.collect.AbstractMapBasedMultimap$WrappedCollection$WrappedIterator: loaded 2 times (x 84B)
Class com.google.common.cache.RemovalListener                                         : loaded 2 times (x 70B)
Class org.gradle.api.internal.DefaultClassPathRegistry                                : loaded 2 times (x 76B)
Class com.google.common.collect.ImmutableMultimap$Keys                                : loaded 2 times (x 166B)
Class com.google.common.primitives.IntsMethodsForWeb                                  : loaded 2 times (x 71B)
Class com.google.common.collect.Multimap                                              : loaded 2 times (x 70B)
Class org.gradle.api.internal.ClassPathRegistry                                       : loaded 2 times (x 70B)
Class org.gradle.internal.classpath.DefaultClassPath$ImmutableUniqueList              : loaded 2 times (x 199B)
Class com.google.common.collect.MapMakerInternalMap$Segment                           : loaded 2 times (x 142B)
Class com.google.common.base.ExtraObjectsMethodsForWeb                                : loaded 2 times (x 71B)
Class com.google.common.base.PairwiseEquivalence                                      : loaded 2 times (x 83B)
Class com.google.common.io.ByteSink                                                   : loaded 2 times (x 76B)
Class com.google.common.cache.CacheBuilder                                            : loaded 2 times (x 72B)
Class com.google.common.collect.SingletonImmutableList                                : loaded 2 times (x 207B)
Class Settings_gradle$1                                                               : loaded 2 times (x 74B)
Class ijJvmDebugger1_3xxqusycus09xhegbopcatr1g$_run_closure1                          : loaded 2 times (x 139B)
Class org.gradle.internal.classpath.ClassPath                                         : loaded 2 times (x 70B)
Class org.gradle.api.UncheckedIOException                                             : loaded 2 times (x 82B)
Class com.google.common.collect.Interners$InternerBuilder                             : loaded 2 times (x 76B)
Class com.google.common.io.Files$FileByteSource                                       : loaded 2 times (x 85B)
Class com.google.common.base.JdkPattern                                               : loaded 2 times (x 75B)
Class com.google.common.collect.ImmutableList$ReverseImmutableList                    : loaded 2 times (x 209B)
Class com.google.common.io.CharStreams$NullWriter                                     : loaded 2 times (x 99B)
Class org.objectweb.asm.SymbolTable$Entry                                             : loaded 2 times (x 74B)
Class com.google.common.util.concurrent.AbstractFuture$AtomicHelper                   : loaded 2 times (x 78B)
Class org.objectweb.asm.Edge                                                          : loaded 2 times (x 72B)
Class com.google.common.base.Suppliers$SupplierOfInstance                             : loaded 2 times (x 79B)
Class com.google.common.collect.Iterators$1                                           : loaded 2 times (x 81B)
Class com.google.common.cache.LocalCache$ComputingValueReference                      : loaded 2 times (x 96B)
Class com.google.common.collect.SingletonImmutableSet                                 : loaded 2 times (x 146B)
Class com.google.common.collect.ImmutableMap$IteratorBasedImmutableMap                : loaded 2 times (x 126B)
Class com.google.common.cache.LocalCache$Segment                                      : loaded 2 times (x 154B)
Class com.google.common.collect.SortedIterable                                        : loaded 2 times (x 70B)
Class com.google.common.collect.AbstractListMultimap                                  : loaded 2 times (x 172B)
Class [Lorg.objectweb.asm.SymbolTable$Entry;                                          : loaded 2 times (x 69B)
Class com.google.common.cache.CacheLoader                                             : loaded 2 times (x 74B)
Class com.google.common.collect.Iterators$4                                           : loaded 2 times (x 82B)
Class com.google.common.collect.ImmutableBiMap                                        : loaded 2 times (x 143B)
Class org.gradle.internal.installation.GradleInstallation$1                           : loaded 2 times (x 75B)
Class org.gradle.api.internal.classpath.ModuleRegistry                                : loaded 2 times (x 70B)
Class com.google.common.base.Splitter$SplittingIterator                               : loaded 2 times (x 84B)
Class com.google.common.util.concurrent.internal.InternalFutureFailureAccess          : loaded 2 times (x 72B)
Class com.google.common.collect.Iterators$5                                           : loaded 2 times (x 82B)
Class com.google.common.collect.ImmutableSet$JdkBackedSetBuilderImpl                  : loaded 2 times (x 76B)
Class com.google.common.collect.ImmutableMultimap$Values                              : loaded 2 times (x 126B)
Class com.google.common.util.concurrent.AbstractFuture$UnsafeAtomicHelper             : loaded 2 times (x 78B)
Class com.google.common.cache.LocalCache$LocalManualCache$1                           : loaded 2 times (x 75B)
Class com.google.common.base.CharMatcher$ForPredicate                                 : loaded 2 times (x 112B)
Class com.google.common.base.CharMatcher$AnyOf                                        : loaded 2 times (x 112B)
Class com.google.common.collect.ImmutableCollection                                   : loaded 2 times (x 125B)
Class org.gradle.api.internal.classpath.DefaultModuleRegistry                         : loaded 2 times (x 86B)
Class com.google.common.collect.Lists                                                 : loaded 2 times (x 71B)
Class com.google.common.util.concurrent.ListenableFuture                              : loaded 2 times (x 70B)
Class com.google.common.cache.ReferenceEntry                                          : loaded 2 times (x 70B)
Class com.google.common.base.Converter                                                : loaded 2 times (x 90B)
Class com.google.common.collect.ImmutableSet$CachingAsList                            : loaded 2 times (x 148B)
Class com.google.common.collect.AbstractMapBasedMultimap                              : loaded 2 times (x 139B)
Class com.google.common.util.concurrent.AbstractFuture                                : loaded 2 times (x 106B)
Class com.google.common.base.FunctionalEquivalence                                    : loaded 2 times (x 83B)
Class com.google.common.collect.Iterators$9                                           : loaded 2 times (x 81B)
Class com.google.common.collect.ImmutableAsList                                       : loaded 2 times (x 209B)
Class com.google.common.io.CharStreams                                                : loaded 2 times (x 71B)
Class com.google.common.collect.ImmutableMultiset                                     : loaded 2 times (x 163B)
Class org.objectweb.asm.RecordComponentVisitor                                        : loaded 2 times (x 77B)
Class com.google.common.cache.CacheLoader$SupplierToCacheLoader                       : loaded 2 times (x 75B)
Class com.google.common.collect.Maps$EntryTransformer                                 : loaded 2 times (x 70B)
Class org.gradle.internal.service.ServiceLookupException                              : loaded 2 times (x 82B)
Class com.google.common.base.CharMatcher$JavaLetter                                   : loaded 2 times (x 111B)
Class com.google.common.collect.ImmutableSortedSet                                    : loaded 2 times (x 300B)
Class [Lcom.google.common.cache.LocalCache$EntryFactory;                              : loaded 2 times (x 69B)
Class org.gradle.internal.classloader.ClassLoaderFactory                              : loaded 2 times (x 70B)
Class com.google.common.collect.ImmutableMap$SerializedForm                           : loaded 2 times (x 73B)
Class com.google.common.base.CommonPattern                                            : loaded 2 times (x 74B)
Class com.google.common.cache.LocalCache$LocalManualCache                             : loaded 2 times (x 99B)
Class com.google.common.base.CharMatcher$IsNot                                        : loaded 2 times (x 111B)
Class org.gradle.internal.service.CachingServiceLocator                               : loaded 2 times (x 82B)
Class com.google.common.collect.AbstractMapBasedMultimap$KeySet                       : loaded 2 times (x 137B)
Class com.google.common.collect.RegularImmutableSortedSet                             : loaded 2 times (x 300B)
Class com.google.common.math.IntMath                                                  : loaded 2 times (x 71B)
Class com.google.common.collect.MapMakerInternalMap$InternalEntry                     : loaded 2 times (x 70B)
Class com.google.common.collect.ImmutableMapEntry                                     : loaded 2 times (x 85B)
Class com.google.common.collect.ImmutableMultimap                                     : loaded 2 times (x 147B)
Class com.google.common.base.Equivalence                                              : loaded 2 times (x 82B)
Class com.google.common.base.Function                                                 : loaded 2 times (x 70B)
Class com.google.common.collect.ImmutableMapEntry$NonTerminalImmutableMapEntry        : loaded 2 times (x 85B)
Class com.google.common.cache.CacheBuilder$OneWeigher                                 : loaded 2 times (x 82B)
Class com.google.common.collect.RegularImmutableList                                  : loaded 2 times (x 213B)
Class ijJvmDebugger1_3xxqusycus09xhegbopcatr1g                                        : loaded 2 times (x 179B)
Class org.gradle.internal.classloader.ClasspathUtil                                   : loaded 2 times (x 71B)
Class com.google.common.base.Charsets                                                 : loaded 2 times (x 71B)
Class com.google.common.util.concurrent.Uninterruptibles                              : loaded 2 times (x 71B)
Class com.google.common.io.CharSource                                                 : loaded 2 times (x 85B)
Class com.google.common.collect.Maps                                                  : loaded 2 times (x 71B)
Class org.gradle.api.specs.Spec                                                       : loaded 2 times (x 70B)
Class com.google.common.collect.MapMaker                                              : loaded 2 times (x 72B)
Class [Lcom.google.common.collect.ImmutableEntry;                                     : loaded 2 times (x 69B)
Class com.google.common.cache.LocalCache$LoadingValueReference                        : loaded 2 times (x 96B)
Class com.google.common.collect.BiMap                                                 : loaded 2 times (x 70B)
Class com.google.common.io.LineReader$1                                               : loaded 2 times (x 75B)
Class com.google.common.collect.CollectSpliterators                                   : loaded 2 times (x 71B)
Class com.google.common.collect.AbstractMapBasedMultimap$AsMap                        : loaded 2 times (x 128B)
Class com.google.common.collect.MapMakerInternalMap$StrongKeyDummyValueEntry          : loaded 2 times (x 82B)
Class com.google.common.base.Platform                                                 : loaded 2 times (x 71B)
Class com.google.common.collect.AbstractMapBasedMultimap$WrappedList                  : loaded 2 times (x 205B)
Class [Lorg.objectweb.asm.AnnotationWriter;                                           : loaded 2 times (x 69B)
Class com.google.common.collect.Maps$8                                                : loaded 2 times (x 82B)
Class [Lcom.google.common.collect.Iterators$EmptyModifiableIterator;                  : loaded 2 times (x 69B)
Class com.google.common.collect.ImmutableRangeSet$Builder                             : loaded 2 times (x 77B)
Class com.google.common.collect.Sets$SetView                                          : loaded 2 times (x 138B)
Class com.google.common.cache.LocalCache$StrongValueReference                         : loaded 2 times (x 90B)
Class com.google.common.util.concurrent.AbstractFuture$SynchronizedHelper             : loaded 2 times (x 78B)
Class com.google.common.graph.SuccessorsFunction                                      : loaded 2 times (x 70B)
Class org.objectweb.asm.Type                                                          : loaded 2 times (x 72B)
Class org.gradle.internal.classloader.VisitableURLClassLoader$InstrumentingVisitableURLClassLoader: loaded 2 times (x 123B)
Class com.google.common.collect.MapMakerInternalMap$StrongKeyDummyValueEntry$Helper   : loaded 2 times (x 79B)
Class com.google.common.io.Files$FileByteSink                                         : loaded 2 times (x 77B)
Class org.objectweb.asm.ByteVector                                                    : loaded 2 times (x 79B)
Class [Lcom.google.common.cache.CacheBuilder$NullListener;                            : loaded 2 times (x 69B)
Class com.google.common.math.IntMath$1                                                : loaded 2 times (x 71B)
Class org.gradle.internal.classloader.VisitableURLClassLoader$Spec                    : loaded 2 times (x 74B)
Class org.gradle.internal.classpath.DefaultClassPath                                  : loaded 2 times (x 90B)
Class com.google.common.base.AbstractIterator                                         : loaded 2 times (x 80B)
Class org.objectweb.asm.Symbol                                                        : loaded 2 times (x 73B)
Class com.google.common.io.Java8Compatibility                                         : loaded 2 times (x 71B)
Class com.google.common.io.Closer                                                     : loaded 2 times (x 78B)
Class com.google.common.base.CharMatcher$Ascii                                        : loaded 2 times (x 112B)
Class com.google.common.base.CharMatcher$BitSetMatcher                                : loaded 2 times (x 112B)
Class com.google.common.collect.RegularImmutableMap$Values                            : loaded 2 times (x 207B)
Class com.google.common.collect.ImmutableSet                                          : loaded 2 times (x 145B)
Class org.gradle.internal.classloader.ClassLoaderSpec                                 : loaded 2 times (x 71B)
Class com.google.common.io.ByteSource$EmptyByteSource                                 : loaded 2 times (x 85B)
Class org.objectweb.asm.AnnotationWriter                                              : loaded 2 times (x 79B)
Class com.google.common.cache.CacheStats                                              : loaded 2 times (x 71B)
Class com.google.common.collect.ImmutableMultisetGwtSerializationDependencies         : loaded 2 times (x 125B)
Class com.google.common.collect.Interners                                             : loaded 2 times (x 71B)
Class com.google.common.io.Closer$Suppressor                                          : loaded 2 times (x 70B)
Class com.google.common.io.LineProcessor                                              : loaded 2 times (x 70B)
Class org.objectweb.asm.RecordComponentWriter                                         : loaded 2 times (x 78B)
Class com.google.common.util.concurrent.AbstractFuture$Listener                       : loaded 2 times (x 72B)
Class com.google.common.base.CharMatcher$Or                                           : loaded 2 times (x 112B)
Class Settings_gradle$1$1                                                             : loaded 2 times (x 74B)
Class [Lorg.objectweb.asm.Label;                                                      : loaded 2 times (x 69B)
Class org.objectweb.asm.Attribute                                                     : loaded 2 times (x 77B)
Class com.google.common.base.Supplier                                                 : loaded 2 times (x 70B)
Class org.gradle.internal.classloader.VisitableURLClassLoader                         : loaded 2 times (x 117B)
Class com.google.common.util.concurrent.AbstractFuture$Waiter                         : loaded 2 times (x 72B)
Class Settings_gradle                                                                 : loaded 2 times (x 128B)
Class org.gradle.internal.Cast                                                        : loaded 2 times (x 71B)
Class org.gradle.api.Action                                                           : loaded 2 times (x 70B)
Class com.google.common.collect.MapMakerInternalMap                                   : loaded 2 times (x 161B)
Class com.google.common.base.Strings                                                  : loaded 2 times (x 71B)
Class com.google.common.collect.Sets                                                  : loaded 2 times (x 71B)
Class org.objectweb.asm.Handler                                                       : loaded 2 times (x 72B)
Class com.google.common.base.Ticker                                                   : loaded 2 times (x 72B)
Class com.google.common.base.CharMatcher$FastMatcher                                  : loaded 2 times (x 111B)
Class [Lcom.google.common.cache.LocalCache$Segment;                                   : loaded 2 times (x 69B)
Class [Lcom.google.common.cache.LocalCache$Strength;                                  : loaded 2 times (x 69B)
Class com.google.common.cache.CacheBuilder$1                                          : loaded 2 times (x 85B)
Class com.google.common.base.Predicate                                                : loaded 2 times (x 70B)
Class com.google.common.collect.ImmutableMap                                          : loaded 2 times (x 120B)
Class org.gradle.internal.classpath.DefaultClassPath$ImmutableUniqueList$Builder      : loaded 2 times (x 75B)
Class com.google.common.collect.MapMakerInternalMap$WeakValueReference                : loaded 2 times (x 70B)
Class com.google.common.collect.AbstractRangeSet                                      : loaded 2 times (x 114B)
Class com.google.common.cache.LocalCache                                              : loaded 2 times (x 187B)
Class com.google.common.cache.CacheBuilder$2                                          : loaded 2 times (x 79B)
Class com.google.common.base.CharMatcher$NegatedFastMatcher                           : loaded 2 times (x 113B)
Class com.google.common.collect.ArrayListMultimap                                     : loaded 2 times (x 172B)
Class com.google.common.cache.CacheBuilder$3                                          : loaded 2 times (x 72B)
Class [Lcom.google.common.collect.AbstractMapEntry;                                   : loaded 2 times (x 69B)
Class com.google.common.collect.ImmutableEntry                                        : loaded 2 times (x 82B)
Class org.gradle.api.GradleException                                                  : loaded 2 times (x 82B)
Class com.google.common.base.Suppliers$MemoizingSupplier                              : loaded 2 times (x 79B)
Class com.google.common.collect.CollectPreconditions                                  : loaded 2 times (x 71B)
Class [Lcom.google.common.collect.MapMakerInternalMap$Strength;                       : loaded 2 times (x 69B)
Class [Lcom.google.common.io.FileWriteMode;                                           : loaded 2 times (x 69B)
Class com.google.common.collect.SortedMapDifference                                   : loaded 2 times (x 70B)
Class com.google.common.collect.MapMakerInternalMap$StrongKeyDummyValueSegment        : loaded 2 times (x 142B)
Class com.google.common.io.Files                                                      : loaded 2 times (x 71B)
Class com.google.common.cache.LocalCache$EntryFactory                                 : loaded 2 times (x 83B)
Class [Lcom.google.common.collect.MapMaker$Dummy;                                     : loaded 2 times (x 69B)
Class com.google.common.base.CharMatcher$Whitespace                                   : loaded 2 times (x 112B)
Class com.google.common.base.Splitter$1$1                                             : loaded 2 times (x 86B)
Class com.google.common.cache.LocalCache$AbstractReferenceEntry                       : loaded 2 times (x 107B)
Class org.gradle.internal.IoActions                                                   : loaded 2 times (x 71B)
Class com.google.common.collect.ImmutableMapKeySet                                    : loaded 2 times (x 152B)
Class com.google.common.collect.ImmutableRangeSet$ComplementRanges                    : loaded 2 times (x 207B)
Class org.objectweb.asm.SymbolTable                                                   : loaded 2 times (x 72B)
Class com.google.common.cache.CacheLoader$InvalidCacheLoadException                   : loaded 2 times (x 82B)
Class com.google.common.collect.ImmutableSet$RegularSetBuilderImpl                    : loaded 2 times (x 77B)
Class org.gradle.internal.classloader.SystemClassLoaderSpec                           : loaded 2 times (x 71B)
Class com.google.common.cache.LocalCache$StrongEntry                                  : loaded 2 times (x 108B)
Class com.google.common.util.concurrent.AbstractFuture$TrustedFuture                  : loaded 2 times (x 114B)
Class com.google.common.cache.LoadingCache                                            : loaded 2 times (x 70B)
Class com.google.common.base.Suppliers$NonSerializableMemoizingSupplier               : loaded 2 times (x 79B)
Class com.google.common.io.ByteStreams$LimitedInputStream                             : loaded 2 times (x 92B)
Class org.objectweb.asm.MethodWriter                                                  : loaded 2 times (x 106B)
Class [Lcom.google.common.cache.Weigher;                                              : loaded 2 times (x 69B)
Class com.google.common.collect.RegularImmutableMap$BucketOverflowException           : loaded 2 times (x 82B)
Class com.google.common.collect.ImmutableMultimap$1                                   : loaded 2 times (x 82B)
Class com.google.common.collect.AbstractMapBasedMultimap$RandomAccessWrappedList      : loaded 2 times (x 205B)
Class com.google.common.collect.ImmutableMultimap$2                                   : loaded 2 times (x 81B)
Class com.google.common.collect.RegularImmutableBiMap                                 : loaded 2 times (x 149B)
Class com.google.common.cache.LocalCache$ValueReference                               : loaded 2 times (x 70B)
Class com.google.common.base.CharMatcher$Negated                                      : loaded 2 times (x 113B)
Class com.google.common.base.CharMatcher$Is                                           : loaded 2 times (x 111B)
Class com.google.common.hash.PrimitiveSink                                            : loaded 2 times (x 70B)
Class com.google.common.base.PatternCompiler                                          : loaded 2 times (x 70B)
Class com.google.common.util.concurrent.AbstractFuture$Failure                        : loaded 2 times (x 72B)
Class com.google.common.base.Equivalence$Equals                                       : loaded 2 times (x 82B)
Class com.google.common.collect.Hashing                                               : loaded 2 times (x 71B)
Class com.google.common.base.Preconditions                                            : loaded 2 times (x 71B)
Class com.google.common.collect.ImmutableSetMultimap                                  : loaded 2 times (x 180B)
Class com.google.common.io.CharSink                                                   : loaded 2 times (x 79B)
Class com.google.common.base.Joiner$1                                                 : loaded 2 times (x 80B)
Class org.objectweb.asm.Label                                                         : loaded 2 times (x 73B)
Class org.objectweb.asm.CurrentFrame                                                  : loaded 2 times (x 73B)
Class org.objectweb.asm.ClassTooLargeException                                        : loaded 2 times (x 83B)
Class com.google.common.base.CharMatcher                                              : loaded 2 times (x 111B)
Class com.google.common.collect.PeekingIterator                                       : loaded 2 times (x 70B)
Class com.google.common.collect.MapMakerInternalMap$InternalEntryHelper               : loaded 2 times (x 70B)
Class com.google.common.io.ByteSource$AsCharSource                                    : loaded 2 times (x 86B)
Class com.google.common.collect.Maps$IteratorBasedAbstractMap                         : loaded 2 times (x 125B)
Class com.google.common.collect.Table                                                 : loaded 2 times (x 70B)
Class com.google.common.collect.RangeGwtSerializationDependencies                     : loaded 2 times (x 71B)
Class com.google.common.base.Joiner$2                                                 : loaded 2 times (x 79B)
Class org.objectweb.asm.Frame                                                         : loaded 2 times (x 73B)
Class org.objectweb.asm.MethodVisitor                                                 : loaded 2 times (x 105B)
Class com.google.common.cache.LocalCache$EntryFactory$1                               : loaded 2 times (x 83B)
Class [Lcom.google.common.cache.RemovalListener;                                      : loaded 2 times (x 69B)
Class com.google.common.base.CharMatcher$NamedFastMatcher                             : loaded 2 times (x 112B)
Class com.google.common.base.CharMatcher$1                                            : loaded 2 times (x 113B)
Class com.google.common.collect.RangeSet                                              : loaded 2 times (x 70B)
Class com.google.common.cache.LocalCache$EntryFactory$2                               : loaded 2 times (x 83B)
Class ijKotlinCoroutineJvmDebugInit1_eldabf7d4yr0e3c8qmsn3j0tv$_run_closure1          : loaded 2 times (x 139B)
Class org.gradle.api.internal.classpath.GlobalCacheRootsProvider                      : loaded 2 times (x 70B)
Class com.google.common.collect.CollectCollectors                                     : loaded 2 times (x 71B)
Class org.objectweb.asm.ModuleWriter                                                  : loaded 2 times (x 82B)
Class com.google.common.cache.LocalCache$EntryFactory$3                               : loaded 2 times (x 83B)
Class com.google.common.base.Ticker$1                                                 : loaded 2 times (x 72B)
Class com.google.common.collect.Maps$BiMapConverter                                   : loaded 2 times (x 90B)
Class com.google.common.collect.ImmutableMapEntrySet$RegularEntrySet                  : loaded 2 times (x 152B)
Class com.google.common.collect.SetMultimap                                           : loaded 2 times (x 70B)
Class com.google.common.cache.LocalCache$EntryFactory$4                               : loaded 2 times (x 83B)
Class com.google.common.base.CharMatcher$InRange                                      : loaded 2 times (x 111B)
Class com.google.common.collect.ImmutableSet$Builder                                  : loaded 2 times (x 85B)
Class com.google.common.io.ByteStreams$1                                              : loaded 2 times (x 85B)
Class com.google.common.cache.LocalCache$EntryFactory$5                               : loaded 2 times (x 83B)
Class com.google.common.io.LineReader                                                 : loaded 2 times (x 72B)
Class com.google.common.cache.LocalCache$EntryFactory$6                               : loaded 2 times (x 83B)
Class org.gradle.internal.installation.CurrentGradleInstallationLocator               : loaded 2 times (x 71B)
Class com.google.common.collect.ImmutableMultimap$Builder                             : loaded 2 times (x 86B)
Class org.objectweb.asm.ClassReader                                                   : loaded 2 times (x 94B)
Class com.google.common.io.ByteSource$SlicedByteSource                                : loaded 2 times (x 85B)
Class com.google.common.collect.Maps$KeySet                                           : loaded 2 times (x 137B)
Class com.google.common.cache.LocalCache$EntryFactory$7                               : loaded 2 times (x 83B)
Class com.google.common.collect.ImmutableSet$EmptySetBuilderImpl                      : loaded 2 times (x 76B)
Class com.google.common.collect.ImmutableList                                         : loaded 2 times (x 206B)
Class org.gradle.internal.service.DefaultServiceLocator                               : loaded 2 times (x 83B)
Class com.google.common.collect.ImmutableMultimap$EntryCollection                     : loaded 2 times (x 128B)
Class com.google.common.collect.Maps$EntrySet                                         : loaded 2 times (x 136B)
Class com.google.common.cache.LocalCache$EntryFactory$8                               : loaded 2 times (x 83B)
Class com.google.common.collect.ImmutableSet$SetBuilderImpl                           : loaded 2 times (x 76B)
Class ijKotlinCoroutineJvmDebugInit1_eldabf7d4yr0e3c8qmsn3j0tv$_run_closure1$_closure2: loaded 2 times (x 139B)
Class org.gradle.internal.installation.CurrentGradleInstallation                      : loaded 2 times (x 73B)
Class com.google.common.cache.CacheLoader$1                                           : loaded 2 times (x 75B)
Class com.google.common.collect.ForwardingObject                                      : loaded 2 times (x 72B)
Class com.google.common.collect.ImmutableList$SubList                                 : loaded 2 times (x 209B)
Class org.gradle.util.internal.GUtil                                                  : loaded 2 times (x 71B)
Class com.google.common.io.ByteSource                                                 : loaded 2 times (x 84B)
Class com.google.common.util.concurrent.AbstractFuture$SetFuture                      : loaded 2 times (x 75B)
Class com.google.common.cache.AbstractCache$StatsCounter                              : loaded 2 times (x 70B)
Class com.google.common.io.LineBuffer                                                 : loaded 2 times (x 75B)
Class com.google.common.collect.MapMakerInternalMap$1                                 : loaded 2 times (x 83B)
Class org.objectweb.asm.Context                                                       : loaded 2 times (x 72B)
Class com.google.common.collect.Iterators$MergingIterator                             : loaded 2 times (x 81B)
Class com.google.common.collect.RegularImmutableSet                                   : loaded 2 times (x 149B)
Class org.gradle.internal.installation.GradleInstallation                             : loaded 2 times (x 75B)
Class com.google.common.base.Splitter$Strategy                                        : loaded 2 times (x 70B)
Class com.google.common.collect.Iterables                                             : loaded 2 times (x 71B)
Class ijKotlinCoroutineJvmDebugInit1_eldabf7d4yr0e3c8qmsn3j0tv                        : loaded 2 times (x 179B)

---------------  S Y S T E M  ---------------

OS:
 Windows 11 , 64 bit Build 26100 (10.0.26100.7920)
OS uptime: 11 days 23:26 hours
Hyper-V role detected

CPU: total 32 (initial active 32) (32 cores per cpu, 2 threads per core) family 25 model 97 stepping 2 microcode 0xa601203, cx8, cmov, fxsr, ht, mmx, 3dnowpref, sse, sse2, sse3, ssse3, sse4a, sse4.1, sse4.2, popcnt, lzcnt, tsc, tscinvbit, avx, avx2, aes, erms, clmul, bmi1, bmi2, adx, avx512f, avx512dq, avx512cd, avx512bw, avx512vl, sha, fma, vzeroupper, avx512_vpopcntdq, avx512_vpclmulqdq, avx512_vaes, avx512_vnni, clflush, clflushopt, avx512_vbmi2, avx512_vbmi, hv, rdtscp, rdpid, fsrm, gfni, avx512_bitalg, f16c, cet_ss, avx512_ifma
Processor Information for processor 0
  Max Mhz: 2501, Current Mhz: 2501, Mhz Limit: 2501
Processor Information for processor 1
  Max Mhz: 2501, Current Mhz: 2007, Mhz Limit: 2501
Processor Information for processor 2
  Max Mhz: 2501, Current Mhz: 2501, Mhz Limit: 2501
Processor Information for processor 3
  Max Mhz: 2501, Current Mhz: 2007, Mhz Limit: 2501
Processor Information for processor 4
  Max Mhz: 2501, Current Mhz: 2501, Mhz Limit: 2501
Processor Information for processor 5
  Max Mhz: 2501, Current Mhz: 2007, Mhz Limit: 2501
Processor Information for processor 6
  Max Mhz: 2501, Current Mhz: 2501, Mhz Limit: 2501
Processor Information for processor 7
  Max Mhz: 2501, Current Mhz: 2007, Mhz Limit: 2501
Processor Information for processor 8
  Max Mhz: 2501, Current Mhz: 2501, Mhz Limit: 2501
Processor Information for processor 9
  Max Mhz: 2501, Current Mhz: 2501, Mhz Limit: 2501
Processor Information for processor 10
  Max Mhz: 2501, Current Mhz: 2007, Mhz Limit: 2501
Processor Information for processor 11
  Max Mhz: 2501, Current Mhz: 2007, Mhz Limit: 2501
Processor Information for processor 12
  Max Mhz: 2501, Current Mhz: 2501, Mhz Limit: 2501
Processor Information for processor 13
  Max Mhz: 2501, Current Mhz: 2007, Mhz Limit: 2501
Processor Information for processor 14
  Max Mhz: 2501, Current Mhz: 2501, Mhz Limit: 2501
Processor Information for processor 15
  Max Mhz: 2501, Current Mhz: 2501, Mhz Limit: 2501
Processor Information for processor 16
  Max Mhz: 2501, Current Mhz: 2007, Mhz Limit: 2501
Processor Information for processor 17
  Max Mhz: 2501, Current Mhz: 2007, Mhz Limit: 2501
Processor Information for processor 18
  Max Mhz: 2501, Current Mhz: 2007, Mhz Limit: 2501
Processor Information for processor 19
  Max Mhz: 2501, Current Mhz: 2007, Mhz Limit: 2501
Processor Information for processor 20
  Max Mhz: 2501, Current Mhz: 2007, Mhz Limit: 2501
Processor Information for processor 21
  Max Mhz: 2501, Current Mhz: 2007, Mhz Limit: 2501
Processor Information for processor 22
  Max Mhz: 2501, Current Mhz: 2501, Mhz Limit: 2501
Processor Information for processor 23
  Max Mhz: 2501, Current Mhz: 2501, Mhz Limit: 2501
Processor Information for processor 24
  Max Mhz: 2501, Current Mhz: 2007, Mhz Limit: 2501
Processor Information for processor 25
  Max Mhz: 2501, Current Mhz: 2007, Mhz Limit: 2501
Processor Information for processor 26
  Max Mhz: 2501, Current Mhz: 2501, Mhz Limit: 2501
Processor Information for processor 27
  Max Mhz: 2501, Current Mhz: 2501, Mhz Limit: 2501
Processor Information for processor 28
  Max Mhz: 2501, Current Mhz: 2007, Mhz Limit: 2501
Processor Information for processor 29
  Max Mhz: 2501, Current Mhz: 2007, Mhz Limit: 2501
Processor Information for processor 30
  Max Mhz: 2501, Current Mhz: 2007, Mhz Limit: 2501
Processor Information for processor 31
  Max Mhz: 2501, Current Mhz: 2007, Mhz Limit: 2501

Memory: 4k page, system-wide physical 15540M (434M free)
TotalPageFile size 53940M (AvailPageFile size 46M)
current process WorkingSet (physical memory assigned to process): 963M, peak: 1042M
current process commit charge ("private bytes"): 1247M, peak: 1370M

vm_info: OpenJDK 64-Bit Server VM (21.0.8+-14196175-b1038.72) for windows-amd64 JRE (21.0.8+-14196175-b1038.72), built on 2025-10-01T10:24:33Z by "builder" with MS VC++ 16.10 / 16.11 (VS2019)

END.
