#
# There is insufficient memory for the Java Runtime Environment to continue.
# Native memory allocation (mmap) failed to map 146800640 bytes. Error detail: G1 virtual space
# Possible reasons:
#   The system is out of physical RAM or swap space
#   This process is running with CompressedOops enabled, and the Java Heap may be blocking the growth of the native heap
# Possible solutions:
#   Reduce memory load on the system
#   Increase physical memory or swap space
#   Check if swap backing store is full
#   Decrease Java heap size (-Xmx/-Xms)
#   Decrease number of Java threads
#   Decrease Java thread stack sizes (-Xss)
#   Set larger code cache with -XX:ReservedCodeCacheSize=
#   JVM is running with Unscaled Compressed Oops mode in which the Java heap is
#     placed in the first 4GB address space. The Java Heap base address is the
#     maximum limit for the native heap growth. Please use -XX:HeapBaseMinAddress
#     to set the Java Heap base and to place the Java Heap above 4GB virtual address.
# This output file may be truncated or incomplete.
#
#  Out of Memory Error (os_windows.cpp:3925), pid=280012, tid=292368
#
# JRE version: OpenJDK Runtime Environment (21.0.8) (build 21.0.8+-14196175-b1038.72)
# Java VM: OpenJDK 64-Bit Server VM (21.0.8+-14196175-b1038.72, mixed mode, tiered, compressed oops, compressed class ptrs, g1 gc, windows-amd64)
# No core dump will be written. Minidumps are not enabled by default on client versions of Windows
#

---------------  S U M M A R Y ------------

Command Line: --add-opens=java.base/java.lang=ALL-UNNAMED --add-opens=java.base/java.lang.invoke=ALL-UNNAMED --add-opens=java.base/java.util=ALL-UNNAMED --add-opens=java.prefs/java.util.prefs=ALL-UNNAMED --add-exports=jdk.compiler/com.sun.tools.javac.api=ALL-UNNAMED --add-exports=jdk.compiler/com.sun.tools.javac.util=ALL-UNNAMED --add-opens=java.base/java.util=ALL-UNNAMED --add-opens=java.prefs/java.util.prefs=ALL-UNNAMED --add-opens=java.base/java.nio.charset=ALL-UNNAMED --add-opens=java.base/java.net=ALL-UNNAMED --add-opens=java.base/java.util.concurrent.atomic=ALL-UNNAMED --add-opens=java.xml/javax.xml.namespace=ALL-UNNAMED -Xmx1024m -Dfile.encoding=UTF-8 -Duser.country=CN -Duser.language=zh -Duser.variant -javaagent:C:\Users\30720\.gradle\wrapper\dists\gradle-8.13-bin\5xuhj0ry160q40clulazy9h7d\gradle-8.13\lib\agents\gradle-instrumentation-agent-8.13.jar org.gradle.launcher.daemon.bootstrap.GradleDaemon 8.13

Host: AMD Ryzen 9 7945HX with Radeon Graphics        , 32 cores, 15G,  Windows 11 , 64 bit Build 26100 (10.0.26100.7920)
Time: Thu Apr 16 19:38:52 2026 elapsed time: 14.452443 seconds (0d 0h 0m 14s)

---------------  T H R E A D  ---------------

Current thread (0x0000024b106cefb0):  VMThread "VM Thread"          [id=292368, stack(0x000000b7f7700000,0x000000b7f7800000) (1024K)]

Stack: [0x000000b7f7700000,0x000000b7f7800000]
Native frames: (J=compiled Java code, j=interpreted, Vv=VM code, C=native code)
V  [jvm.dll+0x6d68d9]
V  [jvm.dll+0x866693]
V  [jvm.dll+0x868c4e]
V  [jvm.dll+0x869333]
V  [jvm.dll+0x280566]
V  [jvm.dll+0x6d3195]
V  [jvm.dll+0x6c69ea]
V  [jvm.dll+0x3586db]
V  [jvm.dll+0x360336]
V  [jvm.dll+0x3b23f6]
V  [jvm.dll+0x3b26c8]
V  [jvm.dll+0x32ae6c]
V  [jvm.dll+0x32aef7]
V  [jvm.dll+0x370d3c]
V  [jvm.dll+0x36f4ee]
V  [jvm.dll+0x32a5c1]
V  [jvm.dll+0x36ebf0]
V  [jvm.dll+0x86f0b8]
V  [jvm.dll+0x870434]
V  [jvm.dll+0x870970]
V  [jvm.dll+0x870c03]
V  [jvm.dll+0x80eac8]
V  [jvm.dll+0x6d512d]
C  [ucrtbase.dll+0x37b0]
C  [KERNEL32.DLL+0x2e8d7]
C  [ntdll.dll+0x8c48c]

VM_Operation (0x000000b7fe4f9c90): G1CollectForAllocation, mode: safepoint, requested by thread 0x0000024b1a402c90


---------------  P R O C E S S  ---------------

Threads class SMR info:
_java_thread_list=0x0000024b1a686440, length=403, elements={
0x0000024b75f582f0, 0x0000024b10773250, 0x0000024b10775cc0, 0x0000024b107901d0,
0x0000024b10793ea0, 0x0000024b107b5310, 0x0000024b107bdd80, 0x0000024b107be7e0,
0x0000024b107bf570, 0x0000024b107d4750, 0x0000024b108ec7e0, 0x0000024b151ef0f0,
0x0000024b15c470b0, 0x0000024b167d1090, 0x0000024b169a8020, 0x0000024b16d0ccb0,
0x0000024b16a176c0, 0x0000024b16a24540, 0x0000024b16cab860, 0x0000024b16cadc50,
0x0000024b16caf000, 0x0000024b16caf690, 0x0000024b16cafd20, 0x0000024b16cb03b0,
0x0000024b16cae970, 0x0000024b16cacf30, 0x0000024b16cae2e0, 0x0000024b18be3c10,
0x0000024b18be4930, 0x0000024b18be42a0, 0x0000024b18be21d0, 0x0000024b18be2ef0,
0x0000024b18be5ce0, 0x0000024b18be4fc0, 0x0000024b18be5650, 0x0000024b18be2860,
0x0000024b18be8ad0, 0x0000024b18be6a00, 0x0000024b18be7090, 0x0000024b18be9160,
0x0000024b18be97f0, 0x0000024b18be6370, 0x0000024b18be7720, 0x0000024b18be8440,
0x0000024b18b71f00, 0x0000024b18b732b0, 0x0000024b18b75a10, 0x0000024b18b73940,
0x0000024b18b72c20, 0x0000024b18b73fd0, 0x0000024b18b74cf0, 0x0000024b18b75380,
0x0000024b18b72590, 0x0000024b18b760a0, 0x0000024b18b77ae0, 0x0000024b18b76730,
0x0000024b18b74660, 0x0000024b1aa1f7b0, 0x0000024b19998070, 0x0000024b18b78800,
0x0000024b18b78e90, 0x0000024b18b79520, 0x0000024b1998ff70, 0x0000024b1998e530,
0x0000024b19990600, 0x0000024b19991320, 0x0000024b1998ebc0, 0x0000024b1998f8e0,
0x0000024b19990c90, 0x0000024b1998f250, 0x0000024b1998dea0, 0x0000024b19993a80,
0x0000024b199933f0, 0x0000024b19992d60, 0x0000024b19994110, 0x0000024b19992040,
0x0000024b199947a0, 0x0000024b19994e30, 0x0000024b199919b0, 0x0000024b199926d0,
0x0000024b199954c0, 0x0000024b1a402c90, 0x0000024b1a4053f0, 0x0000024b1a405a80,
0x0000024b1a4067a0, 0x0000024b1a406110, 0x0000024b1a4039b0, 0x0000024b1a403320,
0x0000024b1a406e30, 0x0000024b1a4074c0, 0x0000024b1a404040, 0x0000024b1a407b50,
0x0000024b1a4046d0, 0x0000024b1a4081e0, 0x0000024b1a404d60, 0x0000024b1a408870,
0x0000024b1a408f00, 0x0000024b1a409590, 0x0000024b1a409c20, 0x0000024b1a40a2b0,
0x0000024b19f1b060, 0x0000024b19f1d7c0, 0x0000024b19f1eb70, 0x0000024b19f1caa0,
0x0000024b19f1d130, 0x0000024b19f1b6f0, 0x0000024b19f1de50, 0x0000024b19f1e4e0,
0x0000024b19f1f200, 0x0000024b19f1bd80, 0x0000024b19f1f890, 0x0000024b19f1c410,
0x0000024b19f1ff20, 0x0000024b19f22680, 0x0000024b19f205b0, 0x0000024b19f20c40,
0x0000024b19f212d0, 0x0000024b19f21960, 0x0000024b19f21ff0, 0x0000024b1a00dc20,
0x0000024b1a00e940, 0x0000024b1a00c870, 0x0000024b1a00d590, 0x0000024b1a00e2b0,
0x0000024b1a00b4c0, 0x0000024b1a00bb50, 0x0000024b1a00cf00, 0x0000024b1a00f660,
0x0000024b1a00efd0, 0x0000024b1a00c1e0, 0x0000024b1a011730, 0x0000024b1a011dc0,
0x0000024b1a012450, 0x0000024b1a00fcf0, 0x0000024b1a010380, 0x0000024b1a012ae0,
0x0000024b1a010a10, 0x0000024b1a0110a0, 0x0000024b1a2f9130, 0x0000024b1a2f97c0,
0x0000024b1a2f9e50, 0x0000024b1a2f76f0, 0x0000024b1a2f8410, 0x0000024b1a2f7d80,
0x0000024b1a2f8aa0, 0x0000024b1a2fa4e0, 0x0000024b1a2f7060, 0x0000024b1a2fcc40,
0x0000024b1a2fdff0, 0x0000024b1a2fc5b0, 0x0000024b1a2fab70, 0x0000024b1a2fd2d0,
0x0000024b1a2fb890, 0x0000024b1a2fd960, 0x0000024b1b9cd220, 0x0000024b2017d410,
0x0000024b1b7c2690, 0x0000024b20442c30, 0x0000024b20445a20, 0x0000024b204432c0,
0x0000024b204425a0, 0x0000024b20443950, 0x0000024b20448810, 0x0000024b20447460,
0x0000024b20448180, 0x0000024b20449530, 0x0000024b20446740, 0x0000024b20447af0,
0x0000024b204460b0, 0x0000024b20446dd0, 0x0000024b2044d6d0, 0x0000024b2044af70,
0x0000024b2044c320, 0x0000024b2044c9b0, 0x0000024b2044d040, 0x0000024b2044bc90,
0x0000024b2044a8e0, 0x0000024b2044a250, 0x0000024b2044ea80, 0x0000024b2044dd60,
0x0000024b2044e3f0, 0x0000024b2044b600, 0x0000024b2044f110, 0x0000024b2044f7a0,
0x0000024b2044fe30, 0x0000024b1b7bde60, 0x0000024b1b7bcab0, 0x0000024b1b7c0c50,
0x0000024b1b7c12e0, 0x0000024b1b7c1970, 0x0000024b1a9179c0, 0x0000024b1a918050,
0x0000024b1a914bd0, 0x0000024b1a915f80, 0x0000024b1a915260, 0x0000024b1a9186e0,
0x0000024b1a916ca0, 0x0000024b1a918d70, 0x0000024b1a919a90, 0x0000024b1a919400,
0x0000024b1a916610, 0x0000024b1a91ae40, 0x0000024b1a91d5a0, 0x0000024b1a91b4d0,
0x0000024b1a91bb60, 0x0000024b1a91c880, 0x0000024b1a91c1f0, 0x0000024b1a91cf10,
0x0000024b1a91a120, 0x0000024b1a91dc30, 0x0000024b1a91a7b0, 0x0000024b1a91fd00,
0x0000024b1a9210b0, 0x0000024b1a921740, 0x0000024b1a920a20, 0x0000024b1a91f670,
0x0000024b1a91e2c0, 0x0000024b1a921dd0, 0x0000024b1a91e950, 0x0000024b1a922460,
0x0000024b1a920390, 0x0000024b1a914540, 0x0000024b1a91efe0, 0x0000024b1a922af0,
0x0000024b1a923180, 0x0000024b1a923810, 0x0000024b1a0a7640, 0x0000024b1a0a6fb0,
0x0000024b1a0a9da0, 0x0000024b1a0aa430, 0x0000024b1a0a8360, 0x0000024b1a0a89f0,
0x0000024b1a0a9080, 0x0000024b1a0a9710, 0x0000024b1a0ab150, 0x0000024b1a0a7cd0,
0x0000024b1a0ad8b0, 0x0000024b1a0ad220, 0x0000024b1a0ae5d0, 0x0000024b1a0acb90,
0x0000024b1a0adf40, 0x0000024b1a0ab7e0, 0x0000024b1a0abe70, 0x0000024b20449bc0,
0x0000024b20448ea0, 0x0000024b1b7c2000, 0x0000024b1a2fbf20, 0x0000024b210f1b50,
0x0000024b210f2f00, 0x0000024b210f2870, 0x0000024b210f3590, 0x0000024b210f3c20,
0x0000024b210f42b0, 0x0000024b210f0e30, 0x0000024b210f4940, 0x0000024b210f14c0,
0x0000024b210f6a10, 0x0000024b210f7730, 0x0000024b210f5660, 0x0000024b210f5cf0,
0x0000024b210f70a0, 0x0000024b210f6380, 0x0000024b210f7dc0, 0x0000024b210f8450,
0x0000024b210f4fd0, 0x0000024b210f8ae0, 0x0000024b210fc5f0, 0x0000024b210f9800,
0x0000024b210fabb0, 0x0000024b210f9170, 0x0000024b210fb8d0, 0x0000024b210fbf60,
0x0000024b210fa520, 0x0000024b210fcc80, 0x0000024b210fb240, 0x0000024b210fd310,
0x0000024b210f9e90, 0x0000024b210fe030, 0x0000024b210fd9a0, 0x0000024b210ff3e0,
0x0000024b210fe6c0, 0x0000024b210fed50, 0x0000024b210ffa70, 0x0000024b2264c0f0,
0x0000024b2264ba60, 0x0000024b2264a020, 0x0000024b2264b3d0, 0x0000024b2264db30,
0x0000024b2264c780, 0x0000024b2264a6b0, 0x0000024b2264e1c0, 0x0000024b2264ad40,
0x0000024b2264ce10, 0x0000024b2264f570, 0x0000024b2264eee0, 0x0000024b22650920,
0x0000024b2264d4a0, 0x0000024b22650fb0, 0x0000024b2264fc00, 0x0000024b22651640,
0x0000024b22651cd0, 0x0000024b22650290, 0x0000024b2264e850, 0x0000024b22654ac0,
0x0000024b22655150, 0x0000024b22652360, 0x0000024b226557e0, 0x0000024b22655e70,
0x0000024b22653da0, 0x0000024b22653080, 0x0000024b226529f0, 0x0000024b22656500,
0x0000024b22654430, 0x0000024b22656b90, 0x0000024b22653710, 0x0000024b226592f0,
0x0000024b22657220, 0x0000024b226578b0, 0x0000024b22658c60, 0x0000024b22657f40,
0x0000024b226585d0, 0x0000024b21c6e770, 0x0000024b21c6da50, 0x0000024b21c6ee00,
0x0000024b21c6cd30, 0x0000024b21c6b980, 0x0000024b21c6f490, 0x0000024b21c6c010,
0x0000024b21c6e0e0, 0x0000024b21c6d3c0, 0x0000024b21c6fb20, 0x0000024b21c6c6a0,
0x0000024b21c72910, 0x0000024b21c71560, 0x0000024b21c71bf0, 0x0000024b21c72fa0,
0x0000024b21c73630, 0x0000024b21c70ed0, 0x0000024b21c701b0, 0x0000024b21c73cc0,
0x0000024b21c70840, 0x0000024b21c74350, 0x0000024b21c75700, 0x0000024b21c75070,
0x0000024b21c749e0, 0x0000024b21c72280, 0x0000024b21c81be0, 0x0000024b21c83620,
0x0000024b21c83cb0, 0x0000024b21c80830, 0x0000024b21c84340, 0x0000024b21c82270,
0x0000024b21c82f90, 0x0000024b21c80ec0, 0x0000024b21c849d0, 0x0000024b21c85060,
0x0000024b21c856f0, 0x0000024b21c89200, 0x0000024b21c86aa0, 0x0000024b21c87e50,
0x0000024b21c87130, 0x0000024b21c85d80, 0x0000024b21c89890, 0x0000024b21c884e0,
0x0000024b21c88b70, 0x0000024b21c86410, 0x0000024b21c89f20, 0x0000024b21c8a5b0,
0x0000024b21c8ac40, 0x0000024b21c877c0, 0x0000024b1a2fe680, 0x0000024b1abdb0f0,
0x0000024b1abd9d40, 0x0000024b1abd96b0, 0x0000024b1abdb780, 0x0000024b1abdbe10,
0x0000024b1abdc4a0, 0x0000024b1abd9020, 0x0000024b1abdcb30, 0x0000024b1abdd1c0,
0x0000024b1abda3d0, 0x0000024b1abdd850, 0x0000024b1abddee0, 0x0000024b1abdaa60,
0x0000024b1abbf940, 0x0000024b1abc1380, 0x0000024b1abbf2b0, 0x0000024b1abbec20,
0x0000024b1abc1a10, 0x0000024b1abc2dc0, 0x0000024b1abbffd0, 0x0000024b1abc20a0,
0x0000024b1abc2730, 0x0000024b1abc3450, 0x0000024b1abc0cf0, 0x0000024b1abc3ae0,
0x0000024b1abc0660, 0x0000024b1abc4800, 0x0000024b1abc5bb0, 0x0000024b1abc4170,
0x0000024b1abc8310, 0x0000024b1abc7c80, 0x0000024b1abc4e90
}

Java Threads: ( => current thread )
  0x0000024b75f582f0 JavaThread "main"                              [_thread_blocked, id=286108, stack(0x000000b7f7000000,0x000000b7f7100000) (1024K)]
  0x0000024b10773250 JavaThread "Common-Cleaner"             daemon [_thread_blocked, id=287020, stack(0x000000b7f7800000,0x000000b7f7900000) (1024K)]
  0x0000024b10775cc0 JavaThread "Reference Handler"          daemon [_thread_blocked, id=266268, stack(0x000000b7f7900000,0x000000b7f7a00000) (1024K)]
  0x0000024b107901d0 JavaThread "Finalizer"                  daemon [_thread_blocked, id=282084, stack(0x000000b7f7a00000,0x000000b7f7b00000) (1024K)]
  0x0000024b10793ea0 JavaThread "Signal Dispatcher"          daemon [_thread_blocked, id=277432, stack(0x000000b7f7b00000,0x000000b7f7c00000) (1024K)]
  0x0000024b107b5310 JavaThread "Attach Listener"            daemon [_thread_blocked, id=272068, stack(0x000000b7f7c00000,0x000000b7f7d00000) (1024K)]
  0x0000024b107bdd80 JavaThread "Service Thread"             daemon [_thread_blocked, id=274232, stack(0x000000b7f7d00000,0x000000b7f7e00000) (1024K)]
  0x0000024b107be7e0 JavaThread "Monitor Deflation Thread"   daemon [_thread_blocked, id=283804, stack(0x000000b7f7e00000,0x000000b7f7f00000) (1024K)]
  0x0000024b107bf570 JavaThread "C2 CompilerThread0"         daemon [_thread_blocked, id=294448, stack(0x000000b7f7f00000,0x000000b7f8000000) (1024K)]
  0x0000024b107d4750 JavaThread "C1 CompilerThread0"         daemon [_thread_blocked, id=285396, stack(0x000000b7f8000000,0x000000b7f8100000) (1024K)]
  0x0000024b108ec7e0 JavaThread "C1 CompilerThread1"         daemon [_thread_blocked, id=270468, stack(0x000000b7f8100000,0x000000b7f8200000) (1024K)]
  0x0000024b151ef0f0 JavaThread "Notification Thread"        daemon [_thread_blocked, id=294072, stack(0x000000b7f8200000,0x000000b7f8300000) (1024K)]
  0x0000024b15c470b0 JavaThread "C1 CompilerThread2"         daemon [_thread_blocked, id=271480, stack(0x000000b7f8800000,0x000000b7f8900000) (1024K)]
  0x0000024b167d1090 JavaThread "Daemon health stats"               [_thread_blocked, id=279156, stack(0x000000b7f8900000,0x000000b7f8a00000) (1024K)]
  0x0000024b169a8020 JavaThread "Incoming local TCP Connector on port 56002"        [_thread_in_native, id=294768, stack(0x000000b7f8e00000,0x000000b7f8f00000) (1024K)]
  0x0000024b16d0ccb0 JavaThread "Daemon periodic checks"            [_thread_blocked, id=273908, stack(0x000000b7f8f00000,0x000000b7f9000000) (1024K)]
  0x0000024b16a176c0 JavaThread "Daemon"                            [_thread_blocked, id=292760, stack(0x000000b7f9000000,0x000000b7f9100000) (1024K)]
  0x0000024b16a24540 JavaThread "Handler for socket connection from /127.0.0.1:56002 to /127.0.0.1:56003"        [_thread_in_native, id=289564, stack(0x000000b7f9100000,0x000000b7f9200000) (1024K)]
  0x0000024b16cab860 JavaThread "Cancel handler"                    [_thread_blocked, id=287464, stack(0x000000b7f8300000,0x000000b7f8400000) (1024K)]
  0x0000024b16cadc50 JavaThread "Daemon worker"                     [_thread_blocked, id=290140, stack(0x000000b7f9200000,0x000000b7f9300000) (1024K)]
  0x0000024b16caf000 JavaThread "Asynchronous log dispatcher for DefaultDaemonConnection: socket connection from /127.0.0.1:56002 to /127.0.0.1:56003"        [_thread_blocked, id=293232, stack(0x000000b7f9300000,0x000000b7f9400000) (1024K)]
  0x0000024b16caf690 JavaThread "Stdin handler"                     [_thread_blocked, id=292152, stack(0x000000b7f9400000,0x000000b7f9500000) (1024K)]
  0x0000024b16cafd20 JavaThread "Daemon client event forwarder"        [_thread_blocked, id=294104, stack(0x000000b7f9500000,0x000000b7f9600000) (1024K)]
  0x0000024b16cb03b0 JavaThread "Cache worker for journal cache (C:\Users\30720\.gradle\caches\journal-1)"        [_thread_blocked, id=248828, stack(0x000000b7fa800000,0x000000b7fa900000) (1024K)]
  0x0000024b16cae970 JavaThread "File lock request listener"        [_thread_in_native, id=293956, stack(0x000000b7fa900000,0x000000b7faa00000) (1024K)]
  0x0000024b16cacf30 JavaThread "Cache worker for file hash cache (C:\Users\30720\.gradle\caches\8.13\fileHashes)"        [_thread_blocked, id=287896, stack(0x000000b7faa00000,0x000000b7fab00000) (1024K)]
  0x0000024b16cae2e0 JavaThread "Cache worker for file hash cache (D:\AndroidStudioProjects\XiaoYi\.gradle\8.13\fileHashes)"        [_thread_blocked, id=288848, stack(0x000000b7fac00000,0x000000b7fad00000) (1024K)]
  0x0000024b18be3c10 JavaThread "Cache worker for Build Output Cleanup Cache (D:\AndroidStudioProjects\XiaoYi\.gradle\buildOutputCleanup)"        [_thread_blocked, id=289248, stack(0x000000b7fad00000,0x000000b7fae00000) (1024K)]
  0x0000024b18be4930 JavaThread "File watcher server"        daemon [_thread_blocked, id=270268, stack(0x000000b7fae00000,0x000000b7faf00000) (1024K)]
  0x0000024b18be42a0 JavaThread "File watcher consumer"      daemon [_thread_blocked, id=284724, stack(0x000000b7faf00000,0x000000b7fb000000) (1024K)]
  0x0000024b18be21d0 JavaThread "jar transforms"                    [_thread_blocked, id=263852, stack(0x000000b7fb000000,0x000000b7fb100000) (1024K)]
  0x0000024b18be2ef0 JavaThread "jar transforms Thread 2"           [_thread_blocked, id=294744, stack(0x000000b7fb100000,0x000000b7fb200000) (1024K)]
  0x0000024b18be5ce0 JavaThread "Cache worker for checksums cache (D:\AndroidStudioProjects\XiaoYi\.gradle\8.13\checksums)"        [_thread_blocked, id=284276, stack(0x000000b7fb200000,0x000000b7fb300000) (1024K)]
  0x0000024b18be4fc0 JavaThread "Cache worker for file content cache (C:\Users\30720\.gradle\caches\8.13\fileContent)"        [_thread_blocked, id=279088, stack(0x000000b7fb300000,0x000000b7fb400000) (1024K)]
  0x0000024b18be5650 JavaThread "jar transforms Thread 3"           [_thread_blocked, id=290168, stack(0x000000b7fb400000,0x000000b7fb500000) (1024K)]
  0x0000024b18be2860 JavaThread "Cache worker for cache directory md-supplier (C:\Users\30720\.gradle\caches\8.13\md-supplier)"        [_thread_blocked, id=265888, stack(0x000000b7fb500000,0x000000b7fb600000) (1024K)]
  0x0000024b18be8ad0 JavaThread "Cache worker for cache directory md-rule (C:\Users\30720\.gradle\caches\8.13\md-rule)"        [_thread_blocked, id=293704, stack(0x000000b7fb600000,0x000000b7fb700000) (1024K)]
  0x0000024b18be6a00 JavaThread "Unconstrained build operations"        [_thread_blocked, id=288116, stack(0x000000b7fb700000,0x000000b7fb800000) (1024K)]
  0x0000024b18be7090 JavaThread "Unconstrained build operations Thread 2"        [_thread_blocked, id=273316, stack(0x000000b7fb800000,0x000000b7fb900000) (1024K)]
  0x0000024b18be9160 JavaThread "Unconstrained build operations Thread 3"        [_thread_blocked, id=290204, stack(0x000000b7fb900000,0x000000b7fba00000) (1024K)]
  0x0000024b18be97f0 JavaThread "Unconstrained build operations Thread 4"        [_thread_blocked, id=291416, stack(0x000000b7fba00000,0x000000b7fbb00000) (1024K)]
  0x0000024b18be6370 JavaThread "Unconstrained build operations Thread 5"        [_thread_blocked, id=281068, stack(0x000000b7fbb00000,0x000000b7fbc00000) (1024K)]
  0x0000024b18be7720 JavaThread "Unconstrained build operations Thread 6"        [_thread_blocked, id=289464, stack(0x000000b7fbc00000,0x000000b7fbd00000) (1024K)]
  0x0000024b18be8440 JavaThread "Unconstrained build operations Thread 7"        [_thread_blocked, id=280176, stack(0x000000b7fbd00000,0x000000b7fbe00000) (1024K)]
  0x0000024b18b71f00 JavaThread "Unconstrained build operations Thread 8"        [_thread_blocked, id=287724, stack(0x000000b7fbe00000,0x000000b7fbf00000) (1024K)]
  0x0000024b18b732b0 JavaThread "Unconstrained build operations Thread 9"        [_thread_blocked, id=294020, stack(0x000000b7fbf00000,0x000000b7fc000000) (1024K)]
  0x0000024b18b75a10 JavaThread "Unconstrained build operations Thread 10"        [_thread_blocked, id=288304, stack(0x000000b7fc000000,0x000000b7fc100000) (1024K)]
  0x0000024b18b73940 JavaThread "jar transforms Thread 4"           [_thread_blocked, id=289704, stack(0x000000b7fc100000,0x000000b7fc200000) (1024K)]
  0x0000024b18b72c20 JavaThread "jar transforms Thread 5"           [_thread_blocked, id=293972, stack(0x000000b7fc300000,0x000000b7fc400000) (1024K)]
  0x0000024b18b73fd0 JavaThread "Unconstrained build operations Thread 11"        [_thread_blocked, id=285268, stack(0x000000b7fc400000,0x000000b7fc500000) (1024K)]
  0x0000024b18b74cf0 JavaThread "Unconstrained build operations Thread 12"        [_thread_blocked, id=294560, stack(0x000000b7fc500000,0x000000b7fc600000) (1024K)]
  0x0000024b18b75380 JavaThread "Unconstrained build operations Thread 13"        [_thread_blocked, id=274676, stack(0x000000b7fc600000,0x000000b7fc700000) (1024K)]
  0x0000024b18b72590 JavaThread "Unconstrained build operations Thread 14"        [_thread_blocked, id=294564, stack(0x000000b7fc700000,0x000000b7fc800000) (1024K)]
  0x0000024b18b760a0 JavaThread "Unconstrained build operations Thread 15"        [_thread_blocked, id=294568, stack(0x000000b7fc800000,0x000000b7fc900000) (1024K)]
  0x0000024b18b77ae0 JavaThread "jar transforms Thread 6"           [_thread_blocked, id=294512, stack(0x000000b7fc900000,0x000000b7fca00000) (1024K)]
  0x0000024b18b76730 JavaThread "jar transforms Thread 7"           [_thread_blocked, id=294540, stack(0x000000b7fca00000,0x000000b7fcb00000) (1024K)]
  0x0000024b18b74660 JavaThread "jar transforms Thread 8"           [_thread_blocked, id=294504, stack(0x000000b7fcb00000,0x000000b7fcc00000) (1024K)]
  0x0000024b1aa1f7b0 JavaThread "C1 CompilerThread3"         daemon [_thread_blocked, id=294812, stack(0x000000b7fcc00000,0x000000b7fcd00000) (1024K)]
  0x0000024b19998070 JavaThread "C1 CompilerThread4"         daemon [_thread_blocked, id=294136, stack(0x000000b7fcd00000,0x000000b7fce00000) (1024K)]
  0x0000024b18b78800 JavaThread "Unconstrained build operations Thread 16"        [_thread_blocked, id=288360, stack(0x000000b7fce00000,0x000000b7fcf00000) (1024K)]
  0x0000024b18b78e90 JavaThread "Unconstrained build operations Thread 17"        [_thread_blocked, id=279732, stack(0x000000b7fcf00000,0x000000b7fd000000) (1024K)]
  0x0000024b18b79520 JavaThread "Unconstrained build operations Thread 18"        [_thread_blocked, id=291732, stack(0x000000b7fd000000,0x000000b7fd100000) (1024K)]
  0x0000024b1998ff70 JavaThread "Unconstrained build operations Thread 19"        [_thread_blocked, id=286168, stack(0x000000b7fd100000,0x000000b7fd200000) (1024K)]
  0x0000024b1998e530 JavaThread "Unconstrained build operations Thread 20"        [_thread_blocked, id=289960, stack(0x000000b7fd200000,0x000000b7fd300000) (1024K)]
  0x0000024b19990600 JavaThread "Unconstrained build operations Thread 21"        [_thread_blocked, id=287776, stack(0x000000b7fd300000,0x000000b7fd400000) (1024K)]
  0x0000024b19991320 JavaThread "Unconstrained build operations Thread 22"        [_thread_blocked, id=290184, stack(0x000000b7fd400000,0x000000b7fd500000) (1024K)]
  0x0000024b1998ebc0 JavaThread "Unconstrained build operations Thread 23"        [_thread_blocked, id=294112, stack(0x000000b7fd500000,0x000000b7fd600000) (1024K)]
  0x0000024b1998f8e0 JavaThread "Unconstrained build operations Thread 24"        [_thread_blocked, id=294860, stack(0x000000b7fd600000,0x000000b7fd700000) (1024K)]
  0x0000024b19990c90 JavaThread "Unconstrained build operations Thread 25"        [_thread_blocked, id=294080, stack(0x000000b7fd700000,0x000000b7fd800000) (1024K)]
  0x0000024b1998f250 JavaThread "Unconstrained build operations Thread 26"        [_thread_blocked, id=266008, stack(0x000000b7fd800000,0x000000b7fd900000) (1024K)]
  0x0000024b1998dea0 JavaThread "Unconstrained build operations Thread 27"        [_thread_blocked, id=282344, stack(0x000000b7fd900000,0x000000b7fda00000) (1024K)]
  0x0000024b19993a80 JavaThread "Unconstrained build operations Thread 28"        [_thread_blocked, id=292968, stack(0x000000b7fda00000,0x000000b7fdb00000) (1024K)]
  0x0000024b199933f0 JavaThread "Unconstrained build operations Thread 29"        [_thread_blocked, id=292652, stack(0x000000b7fdb00000,0x000000b7fdc00000) (1024K)]
  0x0000024b19992d60 JavaThread "Unconstrained build operations Thread 30"        [_thread_blocked, id=279128, stack(0x000000b7fdc00000,0x000000b7fdd00000) (1024K)]
  0x0000024b19994110 JavaThread "Unconstrained build operations Thread 31"        [_thread_blocked, id=273292, stack(0x000000b7fdd00000,0x000000b7fde00000) (1024K)]
  0x0000024b19992040 JavaThread "Unconstrained build operations Thread 32"        [_thread_blocked, id=294000, stack(0x000000b7fde00000,0x000000b7fdf00000) (1024K)]
  0x0000024b199947a0 JavaThread "Unconstrained build operations Thread 33"        [_thread_blocked, id=260576, stack(0x000000b7fdf00000,0x000000b7fe000000) (1024K)]
  0x0000024b19994e30 JavaThread "Unconstrained build operations Thread 34"        [_thread_blocked, id=262164, stack(0x000000b7fe000000,0x000000b7fe100000) (1024K)]
  0x0000024b199919b0 JavaThread "Unconstrained build operations Thread 35"        [_thread_blocked, id=294036, stack(0x000000b7fe100000,0x000000b7fe200000) (1024K)]
  0x0000024b199926d0 JavaThread "Unconstrained build operations Thread 36"        [_thread_blocked, id=267156, stack(0x000000b7fe200000,0x000000b7fe300000) (1024K)]
  0x0000024b199954c0 JavaThread "Unconstrained build operations Thread 37"        [_thread_blocked, id=292076, stack(0x000000b7fe300000,0x000000b7fe400000) (1024K)]
  0x0000024b1a402c90 JavaThread "Unconstrained build operations Thread 38"        [_thread_blocked, id=286116, stack(0x000000b7fe400000,0x000000b7fe500000) (1024K)]
  0x0000024b1a4053f0 JavaThread "Unconstrained build operations Thread 39"        [_thread_blocked, id=280480, stack(0x000000b7fe500000,0x000000b7fe600000) (1024K)]
  0x0000024b1a405a80 JavaThread "Unconstrained build operations Thread 40"        [_thread_blocked, id=292012, stack(0x000000b7fe600000,0x000000b7fe700000) (1024K)]
  0x0000024b1a4067a0 JavaThread "Unconstrained build operations Thread 41"        [_thread_blocked, id=293608, stack(0x000000b7fe700000,0x000000b7fe800000) (1024K)]
  0x0000024b1a406110 JavaThread "Unconstrained build operations Thread 42"        [_thread_blocked, id=293812, stack(0x000000b7fe800000,0x000000b7fe900000) (1024K)]
  0x0000024b1a4039b0 JavaThread "Unconstrained build operations Thread 43"        [_thread_blocked, id=287212, stack(0x000000b7fe900000,0x000000b7fea00000) (1024K)]
  0x0000024b1a403320 JavaThread "Unconstrained build operations Thread 44"        [_thread_blocked, id=286432, stack(0x000000b7fea00000,0x000000b7feb00000) (1024K)]
  0x0000024b1a406e30 JavaThread "Unconstrained build operations Thread 45"        [_thread_blocked, id=277604, stack(0x000000b7feb00000,0x000000b7fec00000) (1024K)]
  0x0000024b1a4074c0 JavaThread "Unconstrained build operations Thread 46"        [_thread_blocked, id=263960, stack(0x000000b7fec00000,0x000000b7fed00000) (1024K)]
  0x0000024b1a404040 JavaThread "Unconstrained build operations Thread 47"        [_thread_blocked, id=264920, stack(0x000000b7fed00000,0x000000b7fee00000) (1024K)]
  0x0000024b1a407b50 JavaThread "Unconstrained build operations Thread 48"        [_thread_blocked, id=278560, stack(0x000000b7fee00000,0x000000b7fef00000) (1024K)]
  0x0000024b1a4046d0 JavaThread "Unconstrained build operations Thread 49"        [_thread_blocked, id=290352, stack(0x000000b7fef00000,0x000000b7ff000000) (1024K)]
  0x0000024b1a4081e0 JavaThread "Unconstrained build operations Thread 50"        [_thread_blocked, id=294176, stack(0x000000b7ff000000,0x000000b7ff100000) (1024K)]
  0x0000024b1a404d60 JavaThread "Unconstrained build operations Thread 51"        [_thread_blocked, id=294820, stack(0x000000b7ff100000,0x000000b7ff200000) (1024K)]
  0x0000024b1a408870 JavaThread "Unconstrained build operations Thread 52"        [_thread_blocked, id=294788, stack(0x000000b7ff200000,0x000000b7ff300000) (1024K)]
  0x0000024b1a408f00 JavaThread "Unconstrained build operations Thread 53"        [_thread_blocked, id=279040, stack(0x000000b7ff300000,0x000000b7ff400000) (1024K)]
  0x0000024b1a409590 JavaThread "Unconstrained build operations Thread 54"        [_thread_blocked, id=292136, stack(0x000000b7ff400000,0x000000b7ff500000) (1024K)]
  0x0000024b1a409c20 JavaThread "Unconstrained build operations Thread 55"        [_thread_blocked, id=287424, stack(0x000000b7ff500000,0x000000b7ff600000) (1024K)]
  0x0000024b1a40a2b0 JavaThread "Unconstrained build operations Thread 56"        [_thread_blocked, id=285708, stack(0x000000b7ff600000,0x000000b7ff700000) (1024K)]
  0x0000024b19f1b060 JavaThread "Unconstrained build operations Thread 57"        [_thread_blocked, id=284068, stack(0x000000b7ff700000,0x000000b7ff800000) (1024K)]
  0x0000024b19f1d7c0 JavaThread "Unconstrained build operations Thread 58"        [_thread_blocked, id=273484, stack(0x000000b7ff800000,0x000000b7ff900000) (1024K)]
  0x0000024b19f1eb70 JavaThread "Unconstrained build operations Thread 59"        [_thread_blocked, id=289788, stack(0x000000b7ff900000,0x000000b7ffa00000) (1024K)]
  0x0000024b19f1caa0 JavaThread "Unconstrained build operations Thread 60"        [_thread_blocked, id=287700, stack(0x000000b7ffa00000,0x000000b7ffb00000) (1024K)]
  0x0000024b19f1d130 JavaThread "Unconstrained build operations Thread 61"        [_thread_blocked, id=278452, stack(0x000000b7ffb00000,0x000000b7ffc00000) (1024K)]
  0x0000024b19f1b6f0 JavaThread "Unconstrained build operations Thread 62"        [_thread_blocked, id=275028, stack(0x000000b7ffc00000,0x000000b7ffd00000) (1024K)]
  0x0000024b19f1de50 JavaThread "Unconstrained build operations Thread 63"        [_thread_blocked, id=283720, stack(0x000000b7ffd00000,0x000000b7ffe00000) (1024K)]
  0x0000024b19f1e4e0 JavaThread "Unconstrained build operations Thread 64"        [_thread_blocked, id=289520, stack(0x000000b7ffe00000,0x000000b7fff00000) (1024K)]
  0x0000024b19f1f200 JavaThread "Unconstrained build operations Thread 65"        [_thread_blocked, id=265308, stack(0x000000b7fff00000,0x000000b800000000) (1024K)]
  0x0000024b19f1bd80 JavaThread "Unconstrained build operations Thread 66"        [_thread_blocked, id=270140, stack(0x000000b780000000,0x000000b780100000) (1024K)]
  0x0000024b19f1f890 JavaThread "Unconstrained build operations Thread 67"        [_thread_blocked, id=262544, stack(0x000000b780100000,0x000000b780200000) (1024K)]
  0x0000024b19f1c410 JavaThread "Unconstrained build operations Thread 68"        [_thread_blocked, id=291660, stack(0x000000b780200000,0x000000b780300000) (1024K)]
  0x0000024b19f1ff20 JavaThread "Unconstrained build operations Thread 69"        [_thread_blocked, id=289184, stack(0x000000b780300000,0x000000b780400000) (1024K)]
  0x0000024b19f22680 JavaThread "Unconstrained build operations Thread 70"        [_thread_blocked, id=274984, stack(0x000000b780400000,0x000000b780500000) (1024K)]
  0x0000024b19f205b0 JavaThread "Unconstrained build operations Thread 71"        [_thread_blocked, id=290448, stack(0x000000b780500000,0x000000b780600000) (1024K)]
  0x0000024b19f20c40 JavaThread "Unconstrained build operations Thread 72"        [_thread_blocked, id=293248, stack(0x000000b780600000,0x000000b780700000) (1024K)]
  0x0000024b19f212d0 JavaThread "Unconstrained build operations Thread 73"        [_thread_blocked, id=290668, stack(0x000000b780700000,0x000000b780800000) (1024K)]
  0x0000024b19f21960 JavaThread "Unconstrained build operations Thread 74"        [_thread_blocked, id=267052, stack(0x000000b780800000,0x000000b780900000) (1024K)]
  0x0000024b19f21ff0 JavaThread "Unconstrained build operations Thread 75"        [_thread_blocked, id=294796, stack(0x000000b780900000,0x000000b780a00000) (1024K)]
  0x0000024b1a00dc20 JavaThread "Unconstrained build operations Thread 76"        [_thread_blocked, id=289064, stack(0x000000b780a00000,0x000000b780b00000) (1024K)]
  0x0000024b1a00e940 JavaThread "Unconstrained build operations Thread 77"        [_thread_blocked, id=290596, stack(0x000000b780b00000,0x000000b780c00000) (1024K)]
  0x0000024b1a00c870 JavaThread "Unconstrained build operations Thread 78"        [_thread_blocked, id=277064, stack(0x000000b780c00000,0x000000b780d00000) (1024K)]
  0x0000024b1a00d590 JavaThread "Unconstrained build operations Thread 79"        [_thread_blocked, id=270184, stack(0x000000b780d00000,0x000000b780e00000) (1024K)]
  0x0000024b1a00e2b0 JavaThread "Unconstrained build operations Thread 80"        [_thread_blocked, id=290680, stack(0x000000b780e00000,0x000000b780f00000) (1024K)]
  0x0000024b1a00b4c0 JavaThread "Unconstrained build operations Thread 81"        [_thread_blocked, id=294028, stack(0x000000b780f00000,0x000000b781000000) (1024K)]
  0x0000024b1a00bb50 JavaThread "Unconstrained build operations Thread 82"        [_thread_blocked, id=271600, stack(0x000000b781000000,0x000000b781100000) (1024K)]
  0x0000024b1a00cf00 JavaThread "Unconstrained build operations Thread 83"        [_thread_blocked, id=291712, stack(0x000000b781100000,0x000000b781200000) (1024K)]
  0x0000024b1a00f660 JavaThread "Unconstrained build operations Thread 84"        [_thread_blocked, id=289476, stack(0x000000b781200000,0x000000b781300000) (1024K)]
  0x0000024b1a00efd0 JavaThread "Unconstrained build operations Thread 85"        [_thread_blocked, id=276292, stack(0x000000b781300000,0x000000b781400000) (1024K)]
  0x0000024b1a00c1e0 JavaThread "Unconstrained build operations Thread 86"        [_thread_blocked, id=264988, stack(0x000000b781400000,0x000000b781500000) (1024K)]
  0x0000024b1a011730 JavaThread "Unconstrained build operations Thread 87"        [_thread_blocked, id=285816, stack(0x000000b781500000,0x000000b781600000) (1024K)]
  0x0000024b1a011dc0 JavaThread "Unconstrained build operations Thread 88"        [_thread_blocked, id=294064, stack(0x000000b781600000,0x000000b781700000) (1024K)]
  0x0000024b1a012450 JavaThread "Unconstrained build operations Thread 89"        [_thread_blocked, id=283576, stack(0x000000b781700000,0x000000b781800000) (1024K)]
  0x0000024b1a00fcf0 JavaThread "Unconstrained build operations Thread 90"        [_thread_blocked, id=289172, stack(0x000000b781800000,0x000000b781900000) (1024K)]
  0x0000024b1a010380 JavaThread "Unconstrained build operations Thread 91"        [_thread_blocked, id=265824, stack(0x000000b781900000,0x000000b781a00000) (1024K)]
  0x0000024b1a012ae0 JavaThread "Unconstrained build operations Thread 92"        [_thread_blocked, id=285288, stack(0x000000b781a00000,0x000000b781b00000) (1024K)]
  0x0000024b1a010a10 JavaThread "Unconstrained build operations Thread 93"        [_thread_blocked, id=291500, stack(0x000000b781b00000,0x000000b781c00000) (1024K)]
  0x0000024b1a0110a0 JavaThread "Unconstrained build operations Thread 94"        [_thread_blocked, id=269772, stack(0x000000b781c00000,0x000000b781d00000) (1024K)]
  0x0000024b1a2f9130 JavaThread "Unconstrained build operations Thread 95"        [_thread_blocked, id=291380, stack(0x000000b781d00000,0x000000b781e00000) (1024K)]
  0x0000024b1a2f97c0 JavaThread "Unconstrained build operations Thread 96"        [_thread_blocked, id=291464, stack(0x000000b781e00000,0x000000b781f00000) (1024K)]
  0x0000024b1a2f9e50 JavaThread "Unconstrained build operations Thread 97"        [_thread_blocked, id=288428, stack(0x000000b781f00000,0x000000b782000000) (1024K)]
  0x0000024b1a2f76f0 JavaThread "Unconstrained build operations Thread 98"        [_thread_blocked, id=288820, stack(0x000000b782000000,0x000000b782100000) (1024K)]
  0x0000024b1a2f8410 JavaThread "Unconstrained build operations Thread 99"        [_thread_blocked, id=272268, stack(0x000000b782100000,0x000000b782200000) (1024K)]
  0x0000024b1a2f7d80 JavaThread "Unconstrained build operations Thread 100"        [_thread_blocked, id=274100, stack(0x000000b782200000,0x000000b782300000) (1024K)]
  0x0000024b1a2f8aa0 JavaThread "Unconstrained build operations Thread 101"        [_thread_blocked, id=293604, stack(0x000000b782300000,0x000000b782400000) (1024K)]
  0x0000024b1a2fa4e0 JavaThread "Unconstrained build operations Thread 102"        [_thread_blocked, id=263672, stack(0x000000b782400000,0x000000b782500000) (1024K)]
  0x0000024b1a2f7060 JavaThread "Unconstrained build operations Thread 103"        [_thread_blocked, id=288356, stack(0x000000b782500000,0x000000b782600000) (1024K)]
  0x0000024b1a2fcc40 JavaThread "Unconstrained build operations Thread 104"        [_thread_blocked, id=292524, stack(0x000000b782600000,0x000000b782700000) (1024K)]
  0x0000024b1a2fdff0 JavaThread "Unconstrained build operations Thread 105"        [_thread_blocked, id=284632, stack(0x000000b782700000,0x000000b782800000) (1024K)]
  0x0000024b1a2fc5b0 JavaThread "Unconstrained build operations Thread 106"        [_thread_blocked, id=291656, stack(0x000000b782800000,0x000000b782900000) (1024K)]
  0x0000024b1a2fab70 JavaThread "Unconstrained build operations Thread 107"        [_thread_blocked, id=294180, stack(0x000000b782900000,0x000000b782a00000) (1024K)]
  0x0000024b1a2fd2d0 JavaThread "Unconstrained build operations Thread 108"        [_thread_blocked, id=294100, stack(0x000000b782a00000,0x000000b782b00000) (1024K)]
  0x0000024b1a2fb890 JavaThread "build event listener"              [_thread_blocked, id=284972, stack(0x000000b782b00000,0x000000b782c00000) (1024K)]
  0x0000024b1a2fd960 JavaThread "Memory manager"                    [_thread_blocked, id=268588, stack(0x000000b782c00000,0x000000b782d00000) (1024K)]
  0x0000024b1b9cd220 JavaThread "C2 CompilerThread1"         daemon [_thread_blocked, id=290740, stack(0x000000b782d00000,0x000000b782e00000) (1024K)]
  0x0000024b2017d410 JavaThread "C2 CompilerThread2"         daemon [_thread_blocked, id=292636, stack(0x000000b782e00000,0x000000b782f00000) (1024K)]
  0x0000024b1b7c2690 JavaThread "build event listener"              [_thread_blocked, id=293164, stack(0x000000b782f00000,0x000000b783000000) (1024K)]
  0x0000024b20442c30 JavaThread "included builds"                   [_thread_blocked, id=267128, stack(0x000000b783000000,0x000000b783100000) (1024K)]
  0x0000024b20445a20 JavaThread "Execution worker"                  [_thread_blocked, id=290524, stack(0x000000b783100000,0x000000b783200000) (1024K)]
  0x0000024b204432c0 JavaThread "Execution worker Thread 2"         [_thread_blocked, id=288808, stack(0x000000b783200000,0x000000b783300000) (1024K)]
  0x0000024b204425a0 JavaThread "Execution worker Thread 3"         [_thread_blocked, id=272308, stack(0x000000b783300000,0x000000b783400000) (1024K)]
  0x0000024b20443950 JavaThread "Execution worker Thread 4"         [_thread_blocked, id=283516, stack(0x000000b783400000,0x000000b783500000) (1024K)]
  0x0000024b20448810 JavaThread "Execution worker Thread 5"         [_thread_blocked, id=290944, stack(0x000000b783500000,0x000000b783600000) (1024K)]
  0x0000024b20447460 JavaThread "Execution worker Thread 6"         [_thread_blocked, id=286936, stack(0x000000b783600000,0x000000b783700000) (1024K)]
  0x0000024b20448180 JavaThread "Execution worker Thread 7"         [_thread_blocked, id=294252, stack(0x000000b783700000,0x000000b783800000) (1024K)]
  0x0000024b20449530 JavaThread "Execution worker Thread 8"         [_thread_blocked, id=286928, stack(0x000000b783800000,0x000000b783900000) (1024K)]
  0x0000024b20446740 JavaThread "Execution worker Thread 9"         [_thread_blocked, id=288404, stack(0x000000b783900000,0x000000b783a00000) (1024K)]
  0x0000024b20447af0 JavaThread "Execution worker Thread 10"        [_thread_blocked, id=292548, stack(0x000000b783a00000,0x000000b783b00000) (1024K)]
  0x0000024b204460b0 JavaThread "Execution worker Thread 11"        [_thread_blocked, id=275744, stack(0x000000b783b00000,0x000000b783c00000) (1024K)]
  0x0000024b20446dd0 JavaThread "Execution worker Thread 12"        [_thread_blocked, id=272812, stack(0x000000b783c00000,0x000000b783d00000) (1024K)]
  0x0000024b2044d6d0 JavaThread "Execution worker Thread 13"        [_thread_blocked, id=286472, stack(0x000000b783d00000,0x000000b783e00000) (1024K)]
  0x0000024b2044af70 JavaThread "Execution worker Thread 14"        [_thread_blocked, id=294756, stack(0x000000b783e00000,0x000000b783f00000) (1024K)]
  0x0000024b2044c320 JavaThread "Execution worker Thread 15"        [_thread_blocked, id=267924, stack(0x000000b783f00000,0x000000b784000000) (1024K)]
  0x0000024b2044c9b0 JavaThread "Execution worker Thread 16"        [_thread_blocked, id=279448, stack(0x000000b784000000,0x000000b784100000) (1024K)]
  0x0000024b2044d040 JavaThread "Execution worker Thread 17"        [_thread_blocked, id=287952, stack(0x000000b784100000,0x000000b784200000) (1024K)]
  0x0000024b2044bc90 JavaThread "Execution worker Thread 18"        [_thread_blocked, id=289588, stack(0x000000b784200000,0x000000b784300000) (1024K)]
  0x0000024b2044a8e0 JavaThread "Execution worker Thread 19"        [_thread_blocked, id=272864, stack(0x000000b784300000,0x000000b784400000) (1024K)]
  0x0000024b2044a250 JavaThread "Execution worker Thread 20"        [_thread_blocked, id=294576, stack(0x000000b784400000,0x000000b784500000) (1024K)]
  0x0000024b2044ea80 JavaThread "Execution worker Thread 21"        [_thread_blocked, id=283932, stack(0x000000b784500000,0x000000b784600000) (1024K)]
  0x0000024b2044dd60 JavaThread "Execution worker Thread 22"        [_thread_blocked, id=273192, stack(0x000000b784600000,0x000000b784700000) (1024K)]
  0x0000024b2044e3f0 JavaThread "Execution worker Thread 23"        [_thread_blocked, id=294656, stack(0x000000b784700000,0x000000b784800000) (1024K)]
  0x0000024b2044b600 JavaThread "Execution worker Thread 24"        [_thread_blocked, id=271108, stack(0x000000b784800000,0x000000b784900000) (1024K)]
  0x0000024b2044f110 JavaThread "Execution worker Thread 25"        [_thread_blocked, id=275284, stack(0x000000b784900000,0x000000b784a00000) (1024K)]
  0x0000024b2044f7a0 JavaThread "Execution worker Thread 26"        [_thread_blocked, id=287984, stack(0x000000b784a00000,0x000000b784b00000) (1024K)]
  0x0000024b2044fe30 JavaThread "Execution worker Thread 27"        [_thread_blocked, id=291596, stack(0x000000b784b00000,0x000000b784c00000) (1024K)]
  0x0000024b1b7bde60 JavaThread "Execution worker Thread 28"        [_thread_blocked, id=284940, stack(0x000000b784c00000,0x000000b784d00000) (1024K)]
  0x0000024b1b7bcab0 JavaThread "Execution worker Thread 29"        [_thread_blocked, id=267188, stack(0x000000b784d00000,0x000000b784e00000) (1024K)]
  0x0000024b1b7c0c50 JavaThread "Execution worker Thread 30"        [_thread_blocked, id=290752, stack(0x000000b784e00000,0x000000b784f00000) (1024K)]
  0x0000024b1b7c12e0 JavaThread "Execution worker Thread 31"        [_thread_blocked, id=246660, stack(0x000000b784f00000,0x000000b785000000) (1024K)]
  0x0000024b1b7c1970 JavaThread "Cache worker for execution history cache (D:\AndroidStudioProjects\XiaoYi\.gradle\8.13\executionHistory)"        [_thread_blocked, id=292540, stack(0x000000b785000000,0x000000b785100000) (1024K)]
  0x0000024b1a9179c0 JavaThread "Unconstrained build operations Thread 109"        [_thread_blocked, id=293740, stack(0x000000b785100000,0x000000b785200000) (1024K)]
  0x0000024b1a918050 JavaThread "Unconstrained build operations Thread 110"        [_thread_blocked, id=275200, stack(0x000000b785200000,0x000000b785300000) (1024K)]
  0x0000024b1a914bd0 JavaThread "Unconstrained build operations Thread 111"        [_thread_blocked, id=288616, stack(0x000000b785300000,0x000000b785400000) (1024K)]
  0x0000024b1a915f80 JavaThread "Unconstrained build operations Thread 112"        [_thread_blocked, id=265732, stack(0x000000b785400000,0x000000b785500000) (1024K)]
  0x0000024b1a915260 JavaThread "Unconstrained build operations Thread 113"        [_thread_blocked, id=291332, stack(0x000000b785500000,0x000000b785600000) (1024K)]
  0x0000024b1a9186e0 JavaThread "Unconstrained build operations Thread 114"        [_thread_blocked, id=286644, stack(0x000000b785600000,0x000000b785700000) (1024K)]
  0x0000024b1a916ca0 JavaThread "Unconstrained build operations Thread 115"        [_thread_blocked, id=291920, stack(0x000000b785700000,0x000000b785800000) (1024K)]
  0x0000024b1a918d70 JavaThread "Unconstrained build operations Thread 116"        [_thread_blocked, id=285712, stack(0x000000b785800000,0x000000b785900000) (1024K)]
  0x0000024b1a919a90 JavaThread "Unconstrained build operations Thread 117"        [_thread_blocked, id=277092, stack(0x000000b785900000,0x000000b785a00000) (1024K)]
  0x0000024b1a919400 JavaThread "Unconstrained build operations Thread 118"        [_thread_blocked, id=282292, stack(0x000000b785a00000,0x000000b785b00000) (1024K)]
  0x0000024b1a916610 JavaThread "Unconstrained build operations Thread 119"        [_thread_blocked, id=286748, stack(0x000000b785b00000,0x000000b785c00000) (1024K)]
  0x0000024b1a91ae40 JavaThread "Unconstrained build operations Thread 120"        [_thread_blocked, id=279068, stack(0x000000b785c00000,0x000000b785d00000) (1024K)]
  0x0000024b1a91d5a0 JavaThread "Unconstrained build operations Thread 121"        [_thread_blocked, id=290208, stack(0x000000b785d00000,0x000000b785e00000) (1024K)]
  0x0000024b1a91b4d0 JavaThread "Unconstrained build operations Thread 122"        [_thread_blocked, id=294232, stack(0x000000b785e00000,0x000000b785f00000) (1024K)]
  0x0000024b1a91bb60 JavaThread "Unconstrained build operations Thread 123"        [_thread_blocked, id=291540, stack(0x000000b785f00000,0x000000b786000000) (1024K)]
  0x0000024b1a91c880 JavaThread "Unconstrained build operations Thread 124"        [_thread_blocked, id=286700, stack(0x000000b786000000,0x000000b786100000) (1024K)]
  0x0000024b1a91c1f0 JavaThread "Unconstrained build operations Thread 125"        [_thread_blocked, id=293116, stack(0x000000b786100000,0x000000b786200000) (1024K)]
  0x0000024b1a91cf10 JavaThread "Unconstrained build operations Thread 126"        [_thread_blocked, id=293404, stack(0x000000b786200000,0x000000b786300000) (1024K)]
  0x0000024b1a91a120 JavaThread "Unconstrained build operations Thread 127"        [_thread_blocked, id=288548, stack(0x000000b786300000,0x000000b786400000) (1024K)]
  0x0000024b1a91dc30 JavaThread "Unconstrained build operations Thread 128"        [_thread_blocked, id=280268, stack(0x000000b786400000,0x000000b786500000) (1024K)]
  0x0000024b1a91a7b0 JavaThread "Unconstrained build operations Thread 129"        [_thread_blocked, id=294728, stack(0x000000b786500000,0x000000b786600000) (1024K)]
  0x0000024b1a91fd00 JavaThread "Unconstrained build operations Thread 130"        [_thread_blocked, id=293260, stack(0x000000b786600000,0x000000b786700000) (1024K)]
  0x0000024b1a9210b0 JavaThread "Unconstrained build operations Thread 131"        [_thread_blocked, id=284248, stack(0x000000b786700000,0x000000b786800000) (1024K)]
  0x0000024b1a921740 JavaThread "Unconstrained build operations Thread 132"        [_thread_blocked, id=267164, stack(0x000000b786800000,0x000000b786900000) (1024K)]
  0x0000024b1a920a20 JavaThread "Unconstrained build operations Thread 133"        [_thread_blocked, id=291844, stack(0x000000b786900000,0x000000b786a00000) (1024K)]
  0x0000024b1a91f670 JavaThread "Unconstrained build operations Thread 134"        [_thread_blocked, id=294016, stack(0x000000b786a00000,0x000000b786b00000) (1024K)]
  0x0000024b1a91e2c0 JavaThread "Unconstrained build operations Thread 135"        [_thread_blocked, id=268020, stack(0x000000b786b00000,0x000000b786c00000) (1024K)]
  0x0000024b1a921dd0 JavaThread "Unconstrained build operations Thread 136"        [_thread_blocked, id=294916, stack(0x000000b786c00000,0x000000b786d00000) (1024K)]
  0x0000024b1a91e950 JavaThread "Unconstrained build operations Thread 137"        [_thread_blocked, id=294920, stack(0x000000b786d00000,0x000000b786e00000) (1024K)]
  0x0000024b1a922460 JavaThread "Unconstrained build operations Thread 138"        [_thread_blocked, id=294924, stack(0x000000b787000000,0x000000b787100000) (1024K)]
  0x0000024b1a920390 JavaThread "Unconstrained build operations Thread 139"        [_thread_blocked, id=294928, stack(0x000000b787100000,0x000000b787200000) (1024K)]
  0x0000024b1a914540 JavaThread "Unconstrained build operations Thread 140"        [_thread_blocked, id=294932, stack(0x000000b787200000,0x000000b787300000) (1024K)]
  0x0000024b1a91efe0 JavaThread "Unconstrained build operations Thread 141"        [_thread_blocked, id=294936, stack(0x000000b787300000,0x000000b787400000) (1024K)]
  0x0000024b1a922af0 JavaThread "Unconstrained build operations Thread 142"        [_thread_blocked, id=294940, stack(0x000000b787400000,0x000000b787500000) (1024K)]
  0x0000024b1a923180 JavaThread "Unconstrained build operations Thread 143"        [_thread_blocked, id=294944, stack(0x000000b787500000,0x000000b787600000) (1024K)]
  0x0000024b1a923810 JavaThread "Unconstrained build operations Thread 144"        [_thread_blocked, id=294948, stack(0x000000b787600000,0x000000b787700000) (1024K)]
  0x0000024b1a0a7640 JavaThread "Unconstrained build operations Thread 145"        [_thread_blocked, id=294952, stack(0x000000b787700000,0x000000b787800000) (1024K)]
  0x0000024b1a0a6fb0 JavaThread "Unconstrained build operations Thread 146"        [_thread_blocked, id=294956, stack(0x000000b787800000,0x000000b787900000) (1024K)]
  0x0000024b1a0a9da0 JavaThread "Unconstrained build operations Thread 147"        [_thread_blocked, id=294960, stack(0x000000b787900000,0x000000b787a00000) (1024K)]
  0x0000024b1a0aa430 JavaThread "Unconstrained build operations Thread 148"        [_thread_blocked, id=294964, stack(0x000000b787a00000,0x000000b787b00000) (1024K)]
  0x0000024b1a0a8360 JavaThread "Unconstrained build operations Thread 149"        [_thread_blocked, id=294968, stack(0x000000b787b00000,0x000000b787c00000) (1024K)]
  0x0000024b1a0a89f0 JavaThread "Unconstrained build operations Thread 150"        [_thread_blocked, id=294972, stack(0x000000b787c00000,0x000000b787d00000) (1024K)]
  0x0000024b1a0a9080 JavaThread "Unconstrained build operations Thread 151"        [_thread_blocked, id=294976, stack(0x000000b787d00000,0x000000b787e00000) (1024K)]
  0x0000024b1a0a9710 JavaThread "Unconstrained build operations Thread 152"        [_thread_blocked, id=294980, stack(0x000000b787e00000,0x000000b787f00000) (1024K)]
  0x0000024b1a0ab150 JavaThread "Unconstrained build operations Thread 153"        [_thread_blocked, id=294984, stack(0x000000b787f00000,0x000000b788000000) (1024K)]
  0x0000024b1a0a7cd0 JavaThread "Unconstrained build operations Thread 154"        [_thread_blocked, id=294988, stack(0x000000b788000000,0x000000b788100000) (1024K)]
  0x0000024b1a0ad8b0 JavaThread "Unconstrained build operations Thread 155"        [_thread_blocked, id=294992, stack(0x000000b788100000,0x000000b788200000) (1024K)]
  0x0000024b1a0ad220 JavaThread "Unconstrained build operations Thread 156"        [_thread_blocked, id=294996, stack(0x000000b788200000,0x000000b788300000) (1024K)]
  0x0000024b1a0ae5d0 JavaThread "Unconstrained build operations Thread 157"        [_thread_blocked, id=295000, stack(0x000000b788300000,0x000000b788400000) (1024K)]
  0x0000024b1a0acb90 JavaThread "Unconstrained build operations Thread 158"        [_thread_blocked, id=295004, stack(0x000000b788400000,0x000000b788500000) (1024K)]
  0x0000024b1a0adf40 JavaThread "Unconstrained build operations Thread 159"        [_thread_blocked, id=295008, stack(0x000000b788500000,0x000000b788600000) (1024K)]
  0x0000024b1a0ab7e0 JavaThread "Unconstrained build operations Thread 160"        [_thread_blocked, id=295012, stack(0x000000b788600000,0x000000b788700000) (1024K)]
  0x0000024b1a0abe70 JavaThread "Unconstrained build operations Thread 161"        [_thread_blocked, id=295016, stack(0x000000b788700000,0x000000b788800000) (1024K)]
  0x0000024b20449bc0 JavaThread "Unconstrained build operations Thread 162"        [_thread_blocked, id=295020, stack(0x000000b788800000,0x000000b788900000) (1024K)]
  0x0000024b20448ea0 JavaThread "Unconstrained build operations Thread 163"        [_thread_blocked, id=295024, stack(0x000000b788900000,0x000000b788a00000) (1024K)]
  0x0000024b1b7c2000 JavaThread "Unconstrained build operations Thread 164"        [_thread_blocked, id=295028, stack(0x000000b788a00000,0x000000b788b00000) (1024K)]
  0x0000024b1a2fbf20 JavaThread "Unconstrained build operations Thread 165"        [_thread_blocked, id=295032, stack(0x000000b788b00000,0x000000b788c00000) (1024K)]
  0x0000024b210f1b50 JavaThread "Unconstrained build operations Thread 166"        [_thread_blocked, id=295036, stack(0x000000b788c00000,0x000000b788d00000) (1024K)]
  0x0000024b210f2f00 JavaThread "Unconstrained build operations Thread 167"        [_thread_blocked, id=295040, stack(0x000000b788d00000,0x000000b788e00000) (1024K)]
  0x0000024b210f2870 JavaThread "Unconstrained build operations Thread 168"        [_thread_blocked, id=295044, stack(0x000000b788e00000,0x000000b788f00000) (1024K)]
  0x0000024b210f3590 JavaThread "Unconstrained build operations Thread 169"        [_thread_blocked, id=295048, stack(0x000000b788f00000,0x000000b789000000) (1024K)]
  0x0000024b210f3c20 JavaThread "Unconstrained build operations Thread 170"        [_thread_blocked, id=295052, stack(0x000000b789000000,0x000000b789100000) (1024K)]
  0x0000024b210f42b0 JavaThread "Unconstrained build operations Thread 171"        [_thread_blocked, id=295056, stack(0x000000b789100000,0x000000b789200000) (1024K)]
  0x0000024b210f0e30 JavaThread "Unconstrained build operations Thread 172"        [_thread_blocked, id=295060, stack(0x000000b789200000,0x000000b789300000) (1024K)]
  0x0000024b210f4940 JavaThread "Unconstrained build operations Thread 173"        [_thread_blocked, id=295064, stack(0x000000b789300000,0x000000b789400000) (1024K)]
  0x0000024b210f14c0 JavaThread "Unconstrained build operations Thread 174"        [_thread_blocked, id=295068, stack(0x000000b789400000,0x000000b789500000) (1024K)]
  0x0000024b210f6a10 JavaThread "Unconstrained build operations Thread 175"        [_thread_blocked, id=295072, stack(0x000000b789500000,0x000000b789600000) (1024K)]
  0x0000024b210f7730 JavaThread "Unconstrained build operations Thread 176"        [_thread_blocked, id=295080, stack(0x000000b789600000,0x000000b789700000) (1024K)]
  0x0000024b210f5660 JavaThread "Unconstrained build operations Thread 177"        [_thread_blocked, id=295084, stack(0x000000b789700000,0x000000b789800000) (1024K)]
  0x0000024b210f5cf0 JavaThread "Unconstrained build operations Thread 178"        [_thread_blocked, id=295088, stack(0x000000b789800000,0x000000b789900000) (1024K)]
  0x0000024b210f70a0 JavaThread "Unconstrained build operations Thread 179"        [_thread_blocked, id=295092, stack(0x000000b789900000,0x000000b789a00000) (1024K)]
  0x0000024b210f6380 JavaThread "Unconstrained build operations Thread 180"        [_thread_blocked, id=295096, stack(0x000000b789a00000,0x000000b789b00000) (1024K)]
  0x0000024b210f7dc0 JavaThread "Unconstrained build operations Thread 181"        [_thread_blocked, id=295100, stack(0x000000b789b00000,0x000000b789c00000) (1024K)]
  0x0000024b210f8450 JavaThread "Unconstrained build operations Thread 182"        [_thread_blocked, id=295104, stack(0x000000b789c00000,0x000000b789d00000) (1024K)]
  0x0000024b210f4fd0 JavaThread "Unconstrained build operations Thread 183"        [_thread_blocked, id=295108, stack(0x000000b789d00000,0x000000b789e00000) (1024K)]
  0x0000024b210f8ae0 JavaThread "Unconstrained build operations Thread 184"        [_thread_blocked, id=295112, stack(0x000000b789e00000,0x000000b789f00000) (1024K)]
  0x0000024b210fc5f0 JavaThread "Unconstrained build operations Thread 185"        [_thread_blocked, id=295116, stack(0x000000b789f00000,0x000000b78a000000) (1024K)]
  0x0000024b210f9800 JavaThread "Unconstrained build operations Thread 186"        [_thread_blocked, id=295120, stack(0x000000b78a000000,0x000000b78a100000) (1024K)]
  0x0000024b210fabb0 JavaThread "Unconstrained build operations Thread 187"        [_thread_blocked, id=295124, stack(0x000000b78a100000,0x000000b78a200000) (1024K)]
  0x0000024b210f9170 JavaThread "Unconstrained build operations Thread 188"        [_thread_blocked, id=295128, stack(0x000000b78a200000,0x000000b78a300000) (1024K)]
  0x0000024b210fb8d0 JavaThread "Unconstrained build operations Thread 189"        [_thread_blocked, id=295132, stack(0x000000b78a300000,0x000000b78a400000) (1024K)]
  0x0000024b210fbf60 JavaThread "Unconstrained build operations Thread 190"        [_thread_blocked, id=295136, stack(0x000000b78a400000,0x000000b78a500000) (1024K)]
  0x0000024b210fa520 JavaThread "Unconstrained build operations Thread 191"        [_thread_blocked, id=295140, stack(0x000000b78a500000,0x000000b78a600000) (1024K)]
  0x0000024b210fcc80 JavaThread "Unconstrained build operations Thread 192"        [_thread_blocked, id=295144, stack(0x000000b78a600000,0x000000b78a700000) (1024K)]
  0x0000024b210fb240 JavaThread "Unconstrained build operations Thread 193"        [_thread_blocked, id=295148, stack(0x000000b78a700000,0x000000b78a800000) (1024K)]
  0x0000024b210fd310 JavaThread "Unconstrained build operations Thread 194"        [_thread_blocked, id=295152, stack(0x000000b78a800000,0x000000b78a900000) (1024K)]
  0x0000024b210f9e90 JavaThread "Unconstrained build operations Thread 195"        [_thread_blocked, id=295156, stack(0x000000b78a900000,0x000000b78aa00000) (1024K)]
  0x0000024b210fe030 JavaThread "Unconstrained build operations Thread 196"        [_thread_blocked, id=295160, stack(0x000000b78aa00000,0x000000b78ab00000) (1024K)]
  0x0000024b210fd9a0 JavaThread "Unconstrained build operations Thread 197"        [_thread_blocked, id=295164, stack(0x000000b78ab00000,0x000000b78ac00000) (1024K)]
  0x0000024b210ff3e0 JavaThread "Unconstrained build operations Thread 198"        [_thread_blocked, id=295168, stack(0x000000b78ac00000,0x000000b78ad00000) (1024K)]
  0x0000024b210fe6c0 JavaThread "Unconstrained build operations Thread 199"        [_thread_blocked, id=295172, stack(0x000000b78ad00000,0x000000b78ae00000) (1024K)]
  0x0000024b210fed50 JavaThread "Unconstrained build operations Thread 200"        [_thread_blocked, id=295176, stack(0x000000b78ae00000,0x000000b78af00000) (1024K)]
  0x0000024b210ffa70 JavaThread "Unconstrained build operations Thread 201"        [_thread_blocked, id=295180, stack(0x000000b78af00000,0x000000b78b000000) (1024K)]
  0x0000024b2264c0f0 JavaThread "Unconstrained build operations Thread 202"        [_thread_blocked, id=295188, stack(0x000000b78b000000,0x000000b78b100000) (1024K)]
  0x0000024b2264ba60 JavaThread "Unconstrained build operations Thread 203"        [_thread_blocked, id=295216, stack(0x000000b78b100000,0x000000b78b200000) (1024K)]
  0x0000024b2264a020 JavaThread "Unconstrained build operations Thread 204"        [_thread_blocked, id=295220, stack(0x000000b78b200000,0x000000b78b300000) (1024K)]
  0x0000024b2264b3d0 JavaThread "Unconstrained build operations Thread 205"        [_thread_blocked, id=295224, stack(0x000000b78b300000,0x000000b78b400000) (1024K)]
  0x0000024b2264db30 JavaThread "Unconstrained build operations Thread 206"        [_thread_blocked, id=295228, stack(0x000000b78b400000,0x000000b78b500000) (1024K)]
  0x0000024b2264c780 JavaThread "Unconstrained build operations Thread 207"        [_thread_blocked, id=295232, stack(0x000000b78b500000,0x000000b78b600000) (1024K)]
  0x0000024b2264a6b0 JavaThread "Unconstrained build operations Thread 208"        [_thread_blocked, id=295236, stack(0x000000b78b600000,0x000000b78b700000) (1024K)]
  0x0000024b2264e1c0 JavaThread "Unconstrained build operations Thread 209"        [_thread_blocked, id=295240, stack(0x000000b78b700000,0x000000b78b800000) (1024K)]
  0x0000024b2264ad40 JavaThread "Unconstrained build operations Thread 210"        [_thread_blocked, id=295244, stack(0x000000b78b800000,0x000000b78b900000) (1024K)]
  0x0000024b2264ce10 JavaThread "Unconstrained build operations Thread 211"        [_thread_blocked, id=295248, stack(0x000000b78b900000,0x000000b78ba00000) (1024K)]
  0x0000024b2264f570 JavaThread "Unconstrained build operations Thread 212"        [_thread_blocked, id=295252, stack(0x000000b78ba00000,0x000000b78bb00000) (1024K)]
  0x0000024b2264eee0 JavaThread "Unconstrained build operations Thread 213"        [_thread_blocked, id=295256, stack(0x000000b78bb00000,0x000000b78bc00000) (1024K)]
  0x0000024b22650920 JavaThread "Unconstrained build operations Thread 214"        [_thread_blocked, id=295260, stack(0x000000b78bc00000,0x000000b78bd00000) (1024K)]
  0x0000024b2264d4a0 JavaThread "Unconstrained build operations Thread 215"        [_thread_blocked, id=295264, stack(0x000000b78bd00000,0x000000b78be00000) (1024K)]
  0x0000024b22650fb0 JavaThread "Unconstrained build operations Thread 216"        [_thread_blocked, id=295268, stack(0x000000b78be00000,0x000000b78bf00000) (1024K)]
  0x0000024b2264fc00 JavaThread "Unconstrained build operations Thread 217"        [_thread_blocked, id=295272, stack(0x000000b78bf00000,0x000000b78c000000) (1024K)]
  0x0000024b22651640 JavaThread "Unconstrained build operations Thread 218"        [_thread_blocked, id=295276, stack(0x000000b78c000000,0x000000b78c100000) (1024K)]
  0x0000024b22651cd0 JavaThread "Unconstrained build operations Thread 219"        [_thread_blocked, id=295280, stack(0x000000b78c100000,0x000000b78c200000) (1024K)]
  0x0000024b22650290 JavaThread "Unconstrained build operations Thread 220"        [_thread_blocked, id=295284, stack(0x000000b78c200000,0x000000b78c300000) (1024K)]
  0x0000024b2264e850 JavaThread "Unconstrained build operations Thread 221"        [_thread_blocked, id=295288, stack(0x000000b78c300000,0x000000b78c400000) (1024K)]
  0x0000024b22654ac0 JavaThread "Unconstrained build operations Thread 222"        [_thread_blocked, id=295292, stack(0x000000b78c400000,0x000000b78c500000) (1024K)]
  0x0000024b22655150 JavaThread "Unconstrained build operations Thread 223"        [_thread_blocked, id=295296, stack(0x000000b78c500000,0x000000b78c600000) (1024K)]
  0x0000024b22652360 JavaThread "Unconstrained build operations Thread 224"        [_thread_blocked, id=295300, stack(0x000000b78c600000,0x000000b78c700000) (1024K)]
  0x0000024b226557e0 JavaThread "Unconstrained build operations Thread 225"        [_thread_blocked, id=295304, stack(0x000000b78c700000,0x000000b78c800000) (1024K)]
  0x0000024b22655e70 JavaThread "Unconstrained build operations Thread 226"        [_thread_blocked, id=295308, stack(0x000000b78c800000,0x000000b78c900000) (1024K)]
  0x0000024b22653da0 JavaThread "Unconstrained build operations Thread 227"        [_thread_blocked, id=295312, stack(0x000000b78c900000,0x000000b78ca00000) (1024K)]
  0x0000024b22653080 JavaThread "Unconstrained build operations Thread 228"        [_thread_blocked, id=295316, stack(0x000000b78ca00000,0x000000b78cb00000) (1024K)]
  0x0000024b226529f0 JavaThread "Unconstrained build operations Thread 229"        [_thread_blocked, id=295320, stack(0x000000b78cb00000,0x000000b78cc00000) (1024K)]
  0x0000024b22656500 JavaThread "Unconstrained build operations Thread 230"        [_thread_blocked, id=295324, stack(0x000000b78cc00000,0x000000b78cd00000) (1024K)]
  0x0000024b22654430 JavaThread "Unconstrained build operations Thread 231"        [_thread_blocked, id=295328, stack(0x000000b78cd00000,0x000000b78ce00000) (1024K)]
  0x0000024b22656b90 JavaThread "Unconstrained build operations Thread 232"        [_thread_blocked, id=295332, stack(0x000000b78ce00000,0x000000b78cf00000) (1024K)]
  0x0000024b22653710 JavaThread "Unconstrained build operations Thread 233"        [_thread_blocked, id=295336, stack(0x000000b78cf00000,0x000000b78d000000) (1024K)]
  0x0000024b226592f0 JavaThread "Unconstrained build operations Thread 234"        [_thread_blocked, id=295340, stack(0x000000b78d000000,0x000000b78d100000) (1024K)]
  0x0000024b22657220 JavaThread "Unconstrained build operations Thread 235"        [_thread_blocked, id=295344, stack(0x000000b78d100000,0x000000b78d200000) (1024K)]
  0x0000024b226578b0 JavaThread "Unconstrained build operations Thread 236"        [_thread_blocked, id=295348, stack(0x000000b78d200000,0x000000b78d300000) (1024K)]
  0x0000024b22658c60 JavaThread "Unconstrained build operations Thread 237"        [_thread_blocked, id=295352, stack(0x000000b78d300000,0x000000b78d400000) (1024K)]
  0x0000024b22657f40 JavaThread "Unconstrained build operations Thread 238"        [_thread_blocked, id=295356, stack(0x000000b78d400000,0x000000b78d500000) (1024K)]
  0x0000024b226585d0 JavaThread "Unconstrained build operations Thread 239"        [_thread_blocked, id=295360, stack(0x000000b78d500000,0x000000b78d600000) (1024K)]
  0x0000024b21c6e770 JavaThread "Unconstrained build operations Thread 240"        [_thread_blocked, id=295364, stack(0x000000b78d600000,0x000000b78d700000) (1024K)]
  0x0000024b21c6da50 JavaThread "Unconstrained build operations Thread 241"        [_thread_blocked, id=295368, stack(0x000000b78d700000,0x000000b78d800000) (1024K)]
  0x0000024b21c6ee00 JavaThread "Unconstrained build operations Thread 242"        [_thread_blocked, id=295372, stack(0x000000b78d800000,0x000000b78d900000) (1024K)]
  0x0000024b21c6cd30 JavaThread "Unconstrained build operations Thread 243"        [_thread_blocked, id=295376, stack(0x000000b78d900000,0x000000b78da00000) (1024K)]
  0x0000024b21c6b980 JavaThread "Unconstrained build operations Thread 244"        [_thread_blocked, id=295380, stack(0x000000b78da00000,0x000000b78db00000) (1024K)]
  0x0000024b21c6f490 JavaThread "Unconstrained build operations Thread 245"        [_thread_blocked, id=295384, stack(0x000000b78db00000,0x000000b78dc00000) (1024K)]
  0x0000024b21c6c010 JavaThread "Unconstrained build operations Thread 246"        [_thread_blocked, id=295388, stack(0x000000b78dc00000,0x000000b78dd00000) (1024K)]
  0x0000024b21c6e0e0 JavaThread "Unconstrained build operations Thread 247"        [_thread_blocked, id=295392, stack(0x000000b78dd00000,0x000000b78de00000) (1024K)]
  0x0000024b21c6d3c0 JavaThread "Unconstrained build operations Thread 248"        [_thread_blocked, id=295396, stack(0x000000b78de00000,0x000000b78df00000) (1024K)]
  0x0000024b21c6fb20 JavaThread "Unconstrained build operations Thread 249"        [_thread_blocked, id=295400, stack(0x000000b78df00000,0x000000b78e000000) (1024K)]
  0x0000024b21c6c6a0 JavaThread "Unconstrained build operations Thread 250"        [_thread_blocked, id=295404, stack(0x000000b78e000000,0x000000b78e100000) (1024K)]
  0x0000024b21c72910 JavaThread "Unconstrained build operations Thread 251"        [_thread_blocked, id=295408, stack(0x000000b78e100000,0x000000b78e200000) (1024K)]
  0x0000024b21c71560 JavaThread "Unconstrained build operations Thread 252"        [_thread_blocked, id=295412, stack(0x000000b78e200000,0x000000b78e300000) (1024K)]
  0x0000024b21c71bf0 JavaThread "Unconstrained build operations Thread 253"        [_thread_blocked, id=295416, stack(0x000000b78e300000,0x000000b78e400000) (1024K)]
  0x0000024b21c72fa0 JavaThread "Unconstrained build operations Thread 254"        [_thread_blocked, id=295420, stack(0x000000b78e400000,0x000000b78e500000) (1024K)]
  0x0000024b21c73630 JavaThread "Unconstrained build operations Thread 255"        [_thread_blocked, id=295424, stack(0x000000b78e500000,0x000000b78e600000) (1024K)]
  0x0000024b21c70ed0 JavaThread "Unconstrained build operations Thread 256"        [_thread_blocked, id=295428, stack(0x000000b78e600000,0x000000b78e700000) (1024K)]
  0x0000024b21c701b0 JavaThread "Unconstrained build operations Thread 257"        [_thread_blocked, id=295432, stack(0x000000b78e700000,0x000000b78e800000) (1024K)]
  0x0000024b21c73cc0 JavaThread "Unconstrained build operations Thread 258"        [_thread_blocked, id=295436, stack(0x000000b78e800000,0x000000b78e900000) (1024K)]
  0x0000024b21c70840 JavaThread "Unconstrained build operations Thread 259"        [_thread_blocked, id=295440, stack(0x000000b78e900000,0x000000b78ea00000) (1024K)]
  0x0000024b21c74350 JavaThread "Unconstrained build operations Thread 260"        [_thread_blocked, id=295444, stack(0x000000b78ea00000,0x000000b78eb00000) (1024K)]
  0x0000024b21c75700 JavaThread "Unconstrained build operations Thread 261"        [_thread_blocked, id=295448, stack(0x000000b78eb00000,0x000000b78ec00000) (1024K)]
  0x0000024b21c75070 JavaThread "Unconstrained build operations Thread 262"        [_thread_blocked, id=295452, stack(0x000000b78ec00000,0x000000b78ed00000) (1024K)]
  0x0000024b21c749e0 JavaThread "Unconstrained build operations Thread 263"        [_thread_blocked, id=295456, stack(0x000000b78ed00000,0x000000b78ee00000) (1024K)]
  0x0000024b21c72280 JavaThread "Unconstrained build operations Thread 264"        [_thread_blocked, id=295460, stack(0x000000b78ee00000,0x000000b78ef00000) (1024K)]
  0x0000024b21c81be0 JavaThread "WorkerExecutor Queue"              [_thread_blocked, id=295464, stack(0x000000b78ef00000,0x000000b78f000000) (1024K)]
  0x0000024b21c83620 JavaThread "Unconstrained build operations Thread 265"        [_thread_blocked, id=295472, stack(0x000000b78f000000,0x000000b78f100000) (1024K)]
  0x0000024b21c83cb0 JavaThread "Unconstrained build operations Thread 266"        [_thread_blocked, id=295476, stack(0x000000b78f100000,0x000000b78f200000) (1024K)]
  0x0000024b21c80830 JavaThread "Unconstrained build operations Thread 267"        [_thread_blocked, id=295480, stack(0x000000b78f200000,0x000000b78f300000) (1024K)]
  0x0000024b21c84340 JavaThread "Unconstrained build operations Thread 268"        [_thread_blocked, id=295484, stack(0x000000b78f300000,0x000000b78f400000) (1024K)]
  0x0000024b21c82270 JavaThread "Unconstrained build operations Thread 269"        [_thread_blocked, id=295488, stack(0x000000b78f400000,0x000000b78f500000) (1024K)]
  0x0000024b21c82f90 JavaThread "Unconstrained build operations Thread 270"        [_thread_blocked, id=295492, stack(0x000000b78f500000,0x000000b78f600000) (1024K)]
  0x0000024b21c80ec0 JavaThread "Unconstrained build operations Thread 271"        [_thread_blocked, id=295496, stack(0x000000b78f600000,0x000000b78f700000) (1024K)]
  0x0000024b21c849d0 JavaThread "Unconstrained build operations Thread 272"        [_thread_blocked, id=295500, stack(0x000000b78f700000,0x000000b78f800000) (1024K)]
  0x0000024b21c85060 JavaThread "Unconstrained build operations Thread 273"        [_thread_blocked, id=295504, stack(0x000000b78f800000,0x000000b78f900000) (1024K)]
  0x0000024b21c856f0 JavaThread "Unconstrained build operations Thread 274"        [_thread_blocked, id=295508, stack(0x000000b78f900000,0x000000b78fa00000) (1024K)]
  0x0000024b21c89200 JavaThread "Unconstrained build operations Thread 275"        [_thread_blocked, id=295512, stack(0x000000b78fa00000,0x000000b78fb00000) (1024K)]
  0x0000024b21c86aa0 JavaThread "Unconstrained build operations Thread 276"        [_thread_blocked, id=295516, stack(0x000000b78fb00000,0x000000b78fc00000) (1024K)]
  0x0000024b21c87e50 JavaThread "Unconstrained build operations Thread 277"        [_thread_blocked, id=295520, stack(0x000000b78fc00000,0x000000b78fd00000) (1024K)]
  0x0000024b21c87130 JavaThread "Unconstrained build operations Thread 278"        [_thread_blocked, id=295524, stack(0x000000b78fd00000,0x000000b78fe00000) (1024K)]
  0x0000024b21c85d80 JavaThread "Unconstrained build operations Thread 279"        [_thread_blocked, id=295528, stack(0x000000b78fe00000,0x000000b78ff00000) (1024K)]
  0x0000024b21c89890 JavaThread "Unconstrained build operations Thread 280"        [_thread_blocked, id=295532, stack(0x000000b78ff00000,0x000000b790000000) (1024K)]
  0x0000024b21c884e0 JavaThread "Unconstrained build operations Thread 281"        [_thread_blocked, id=295536, stack(0x000000b790000000,0x000000b790100000) (1024K)]
  0x0000024b21c88b70 JavaThread "Unconstrained build operations Thread 282"        [_thread_blocked, id=295540, stack(0x000000b790100000,0x000000b790200000) (1024K)]
  0x0000024b21c86410 JavaThread "Unconstrained build operations Thread 283"        [_thread_blocked, id=295544, stack(0x000000b790200000,0x000000b790300000) (1024K)]
  0x0000024b21c89f20 JavaThread "Unconstrained build operations Thread 284"        [_thread_blocked, id=295548, stack(0x000000b790300000,0x000000b790400000) (1024K)]
  0x0000024b21c8a5b0 JavaThread "Unconstrained build operations Thread 285"        [_thread_blocked, id=295552, stack(0x000000b790400000,0x000000b790500000) (1024K)]
  0x0000024b21c8ac40 JavaThread "Unconstrained build operations Thread 286"        [_thread_blocked, id=295556, stack(0x000000b790500000,0x000000b790600000) (1024K)]
  0x0000024b21c877c0 JavaThread "Unconstrained build operations Thread 287"        [_thread_blocked, id=295560, stack(0x000000b790600000,0x000000b790700000) (1024K)]
  0x0000024b1a2fe680 JavaThread "Unconstrained build operations Thread 288"        [_thread_blocked, id=295564, stack(0x000000b790700000,0x000000b790800000) (1024K)]
  0x0000024b1abdb0f0 JavaThread "Unconstrained build operations Thread 289"        [_thread_blocked, id=295568, stack(0x000000b790800000,0x000000b790900000) (1024K)]
  0x0000024b1abd9d40 JavaThread "Unconstrained build operations Thread 290"        [_thread_blocked, id=295576, stack(0x000000b790900000,0x000000b790a00000) (1024K)]
  0x0000024b1abd96b0 JavaThread "Unconstrained build operations Thread 291"        [_thread_blocked, id=295580, stack(0x000000b790a00000,0x000000b790b00000) (1024K)]
  0x0000024b1abdb780 JavaThread "Unconstrained build operations Thread 292"        [_thread_blocked, id=295584, stack(0x000000b790b00000,0x000000b790c00000) (1024K)]
  0x0000024b1abdbe10 JavaThread "Unconstrained build operations Thread 293"        [_thread_blocked, id=295588, stack(0x000000b790c00000,0x000000b790d00000) (1024K)]
  0x0000024b1abdc4a0 JavaThread "Unconstrained build operations Thread 294"        [_thread_blocked, id=295592, stack(0x000000b790d00000,0x000000b790e00000) (1024K)]
  0x0000024b1abd9020 JavaThread "Unconstrained build operations Thread 295"        [_thread_blocked, id=295596, stack(0x000000b790e00000,0x000000b790f00000) (1024K)]
  0x0000024b1abdcb30 JavaThread "Unconstrained build operations Thread 296"        [_thread_blocked, id=295640, stack(0x000000b790f00000,0x000000b791000000) (1024K)]
  0x0000024b1abdd1c0 JavaThread "Unconstrained build operations Thread 297"        [_thread_blocked, id=295644, stack(0x000000b791000000,0x000000b791100000) (1024K)]
  0x0000024b1abda3d0 JavaThread "Unconstrained build operations Thread 298"        [_thread_blocked, id=295648, stack(0x000000b791100000,0x000000b791200000) (1024K)]
  0x0000024b1abdd850 JavaThread "Unconstrained build operations Thread 299"        [_thread_blocked, id=295652, stack(0x000000b791200000,0x000000b791300000) (1024K)]
  0x0000024b1abddee0 JavaThread "Unconstrained build operations Thread 300"        [_thread_blocked, id=295656, stack(0x000000b791300000,0x000000b791400000) (1024K)]
  0x0000024b1abdaa60 JavaThread "Unconstrained build operations Thread 301"        [_thread_blocked, id=295660, stack(0x000000b791400000,0x000000b791500000) (1024K)]
  0x0000024b1abbf940 JavaThread "Unconstrained build operations Thread 302"        [_thread_blocked, id=295664, stack(0x000000b791500000,0x000000b791600000) (1024K)]
  0x0000024b1abc1380 JavaThread "Unconstrained build operations Thread 303"        [_thread_blocked, id=295668, stack(0x000000b791600000,0x000000b791700000) (1024K)]
  0x0000024b1abbf2b0 JavaThread "Unconstrained build operations Thread 304"        [_thread_blocked, id=295672, stack(0x000000b791700000,0x000000b791800000) (1024K)]
  0x0000024b1abbec20 JavaThread "Unconstrained build operations Thread 305"        [_thread_blocked, id=295676, stack(0x000000b791800000,0x000000b791900000) (1024K)]
  0x0000024b1abc1a10 JavaThread "Unconstrained build operations Thread 306"        [_thread_blocked, id=295680, stack(0x000000b791900000,0x000000b791a00000) (1024K)]
  0x0000024b1abc2dc0 JavaThread "Unconstrained build operations Thread 307"        [_thread_blocked, id=295684, stack(0x000000b791a00000,0x000000b791b00000) (1024K)]
  0x0000024b1abbffd0 JavaThread "Unconstrained build operations Thread 308"        [_thread_blocked, id=295688, stack(0x000000b791b00000,0x000000b791c00000) (1024K)]
  0x0000024b1abc20a0 JavaThread "Unconstrained build operations Thread 309"        [_thread_blocked, id=295692, stack(0x000000b791c00000,0x000000b791d00000) (1024K)]
  0x0000024b1abc2730 JavaThread "Unconstrained build operations Thread 310"        [_thread_blocked, id=295696, stack(0x000000b791d00000,0x000000b791e00000) (1024K)]
  0x0000024b1abc3450 JavaThread "Unconstrained build operations Thread 311"        [_thread_blocked, id=295700, stack(0x000000b791e00000,0x000000b791f00000) (1024K)]
  0x0000024b1abc0cf0 JavaThread "Unconstrained build operations Thread 312"        [_thread_blocked, id=295704, stack(0x000000b791f00000,0x000000b792000000) (1024K)]
  0x0000024b1abc3ae0 JavaThread "Unconstrained build operations Thread 313"        [_thread_blocked, id=295708, stack(0x000000b792000000,0x000000b792100000) (1024K)]
  0x0000024b1abc0660 JavaThread "Unconstrained build operations Thread 314"        [_thread_blocked, id=295712, stack(0x000000b792100000,0x000000b792200000) (1024K)]
  0x0000024b1abc4800 JavaThread "Unconstrained build operations Thread 315"        [_thread_blocked, id=295716, stack(0x000000b792200000,0x000000b792300000) (1024K)]
  0x0000024b1abc5bb0 JavaThread "Unconstrained build operations Thread 316"        [_thread_blocked, id=295720, stack(0x000000b792300000,0x000000b792400000) (1024K)]
  0x0000024b1abc4170 JavaThread "Unconstrained build operations Thread 317"        [_thread_blocked, id=295724, stack(0x000000b792400000,0x000000b792500000) (1024K)]
  0x0000024b1abc8310 JavaThread "Unconstrained build operations Thread 318"        [_thread_blocked, id=295728, stack(0x000000b792500000,0x000000b792600000) (1024K)]
  0x0000024b1abc7c80 JavaThread "Unconstrained build operations Thread 319"        [_thread_blocked, id=295732, stack(0x000000b792600000,0x000000b792700000) (1024K)]
  0x0000024b1abc4e90 JavaThread "Unconstrained build operations Thread 320"        [_thread_blocked, id=295736, stack(0x000000b792700000,0x000000b792800000) (1024K)]
Total: 403

Other Threads:
=>0x0000024b106cefb0 VMThread "VM Thread"                           [id=292368, stack(0x000000b7f7700000,0x000000b7f7800000) (1024K)]
  0x0000024b0fe77f10 WatcherThread "VM Periodic Task Thread"        [id=275864, stack(0x000000b7f7600000,0x000000b7f7700000) (1024K)]
  0x0000024b782feb60 WorkerThread "GC Thread#0"                     [id=290584, stack(0x000000b7f7100000,0x000000b7f7200000) (1024K)]
  0x0000024b155c2220 WorkerThread "GC Thread#1"                     [id=294120, stack(0x000000b7f8400000,0x000000b7f8500000) (1024K)]
  0x0000024b155c25c0 WorkerThread "GC Thread#2"                     [id=280732, stack(0x000000b7f8500000,0x000000b7f8600000) (1024K)]
  0x0000024b154a36a0 WorkerThread "GC Thread#3"                     [id=288120, stack(0x000000b7f8600000,0x000000b7f8700000) (1024K)]
  0x0000024b154fd950 WorkerThread "GC Thread#4"                     [id=282700, stack(0x000000b7f8700000,0x000000b7f8800000) (1024K)]
  0x0000024b154fe7d0 WorkerThread "GC Thread#5"                     [id=292084, stack(0x000000b7f8a00000,0x000000b7f8b00000) (1024K)]
  0x0000024b154ff2b0 WorkerThread "GC Thread#6"                     [id=294864, stack(0x000000b7f8b00000,0x000000b7f8c00000) (1024K)]
  0x0000024b154fe430 WorkerThread "GC Thread#7"                     [id=271040, stack(0x000000b7f8c00000,0x000000b7f8d00000) (1024K)]
  0x0000024b154fef10 WorkerThread "GC Thread#8"                     [id=294160, stack(0x000000b7f8d00000,0x000000b7f8e00000) (1024K)]
  0x0000024b16b0de40 WorkerThread "GC Thread#9"                     [id=294008, stack(0x000000b7f9600000,0x000000b7f9700000) (1024K)]
  0x0000024b16b114a0 WorkerThread "GC Thread#10"                    [id=293952, stack(0x000000b7f9700000,0x000000b7f9800000) (1024K)]
  0x0000024b16b0e920 WorkerThread "GC Thread#11"                    [id=293996, stack(0x000000b7f9800000,0x000000b7f9900000) (1024K)]
  0x0000024b16b0f7a0 WorkerThread "GC Thread#12"                    [id=293992, stack(0x000000b7f9900000,0x000000b7f9a00000) (1024K)]
  0x0000024b16b10d60 WorkerThread "GC Thread#13"                    [id=294012, stack(0x000000b7f9a00000,0x000000b7f9b00000) (1024K)]
  0x0000024b16b11100 WorkerThread "GC Thread#14"                    [id=284524, stack(0x000000b7f9b00000,0x000000b7f9c00000) (1024K)]
  0x0000024b16b0e1e0 WorkerThread "GC Thread#15"                    [id=266156, stack(0x000000b7f9c00000,0x000000b7f9d00000) (1024K)]
  0x0000024b16b0f400 WorkerThread "GC Thread#16"                    [id=272616, stack(0x000000b7f9d00000,0x000000b7f9e00000) (1024K)]
  0x0000024b16b0ecc0 WorkerThread "GC Thread#17"                    [id=293944, stack(0x000000b7f9e00000,0x000000b7f9f00000) (1024K)]
  0x0000024b16b0f060 WorkerThread "GC Thread#18"                    [id=273992, stack(0x000000b7f9f00000,0x000000b7fa000000) (1024K)]
  0x0000024b16b0e580 WorkerThread "GC Thread#19"                    [id=267092, stack(0x000000b7fa000000,0x000000b7fa100000) (1024K)]
  0x0000024b16b10620 WorkerThread "GC Thread#20"                    [id=268816, stack(0x000000b7fa100000,0x000000b7fa200000) (1024K)]
  0x0000024b16b0fb40 WorkerThread "GC Thread#21"                    [id=294052, stack(0x000000b7fa200000,0x000000b7fa300000) (1024K)]
  0x0000024b16c66150 WorkerThread "GC Thread#22"                    [id=292004, stack(0x000000b7fab00000,0x000000b7fac00000) (1024K)]
  0x0000024b78303a40 ConcurrentGCThread "G1 Main Marker"            [id=291532, stack(0x000000b7f7200000,0x000000b7f7300000) (1024K)]
  0x0000024b78304350 WorkerThread "G1 Conc#0"                       [id=281192, stack(0x000000b7f7300000,0x000000b7f7400000) (1024K)]
  0x0000024b16b11840 WorkerThread "G1 Conc#1"                       [id=275340, stack(0x000000b7fa300000,0x000000b7fa400000) (1024K)]
  0x0000024b16b0fee0 WorkerThread "G1 Conc#2"                       [id=294128, stack(0x000000b7fa400000,0x000000b7fa500000) (1024K)]
  0x0000024b16b10280 WorkerThread "G1 Conc#3"                       [id=289996, stack(0x000000b7fa500000,0x000000b7fa600000) (1024K)]
  0x0000024b16b109c0 WorkerThread "G1 Conc#4"                       [id=249376, stack(0x000000b7fa600000,0x000000b7fa700000) (1024K)]
  0x0000024b16c67710 WorkerThread "G1 Conc#5"                       [id=270068, stack(0x000000b7fa700000,0x000000b7fa800000) (1024K)]
  0x0000024b0fdcfda0 ConcurrentGCThread "G1 Refine#0"               [id=279756, stack(0x000000b7f7400000,0x000000b7f7500000) (1024K)]
  0x0000024b0fdd26e0 ConcurrentGCThread "G1 Service"                [id=286940, stack(0x000000b7f7500000,0x000000b7f7600000) (1024K)]
Total: 34

Threads with active compile tasks:
C2 CompilerThread0  14493 16888       4       com.android.tools.r8.internal.ot::a (7028 bytes)
C2 CompilerThread1  14493 16839       4       java.util.Map::computeIfAbsent (45 bytes)
C2 CompilerThread2  14493 16560       4       com.android.tools.r8.internal.ot::a (4509 bytes)
Total: 3

VM state: at safepoint (normal execution)

VM Mutex/Monitor currently owned by a thread:  ([mutex/lock_event])
[0x00007fffb41c85b8] Threads_lock - owner thread: 0x0000024b106cefb0
[0x00007fffb41c86b8] Heap_lock - owner thread: 0x0000024b1a402c90

Heap address: 0x00000000c0000000, size: 1024 MB, Compressed Oops mode: 32-bit

CDS archive(s) not mapped
Compressed class space mapped at: 0x0000000100000000-0x0000000140000000, reserved size: 1073741824
Narrow klass base: 0x0000000000000000, Narrow klass shift: 3, Narrow klass range: 0x140000000

GC Precious Log:
 CardTable entry size: 512
 Card Set container configuration: InlinePtr #cards 5 size 8 Array Of Cards #cards 12 size 40 Howl #buckets 4 coarsen threshold 1843 Howl Bitmap #cards 512 size 80 coarsen threshold 460 Card regions per heap region 1 cards per card region 2048
 CPUs: 32 total, 32 available
 Memory: 15540M
 Large Page Support: Disabled
 NUMA Support: Disabled
 Compressed Oops: Enabled (32-bit)
 Heap Region Size: 1M
 Heap Min Capacity: 8M
 Heap Initial Capacity: 244M
 Heap Max Capacity: 1G
 Pre-touch: Disabled
 Parallel Workers: 23
 Concurrent Workers: 6
 Concurrent Refinement Workers: 23
 Periodic GC: Disabled

Heap:
 garbage-first heap   total 334848K, used 250650K [0x00000000c0000000, 0x0000000100000000)
  region size 1024K, 10 young (10240K), 10 survivors (10240K)
 Metaspace       used 133974K, committed 136256K, reserved 1179648K
  class space    used 19309K, committed 20416K, reserved 1048576K

Heap Regions: E=young(eden), S=young(survivor), O=old, HS=humongous(starts), HC=humongous(continues), CS=collection set, F=free, TAMS=top-at-mark-start, PB=parsable bottom
|   0|0x00000000c0000000, 0x00000000c0100000, 0x00000000c0100000|100%|HS|  |TAMS 0x00000000c0100000| PB 0x00000000c0000000| Complete 
|   1|0x00000000c0100000, 0x00000000c0200000, 0x00000000c0200000|100%|HC|  |TAMS 0x00000000c0200000| PB 0x00000000c0100000| Complete 
|   2|0x00000000c0200000, 0x00000000c0300000, 0x00000000c0300000|100%|HC|  |TAMS 0x00000000c0300000| PB 0x00000000c0200000| Complete 
|   3|0x00000000c0300000, 0x00000000c0400000, 0x00000000c0400000|100%| O|  |TAMS 0x00000000c0400000| PB 0x00000000c0300000| Untracked 
|   4|0x00000000c0400000, 0x00000000c0500000, 0x00000000c0500000|100%| O|  |TAMS 0x00000000c0500000| PB 0x00000000c0400000| Untracked 
|   5|0x00000000c0500000, 0x00000000c0600000, 0x00000000c0600000|100%| O|  |TAMS 0x00000000c0600000| PB 0x00000000c0500000| Untracked 
|   6|0x00000000c0600000, 0x00000000c0700000, 0x00000000c0700000|100%|HS|  |TAMS 0x00000000c0700000| PB 0x00000000c0600000| Complete 
|   7|0x00000000c0700000, 0x00000000c0800000, 0x00000000c0800000|100%| O|  |TAMS 0x00000000c0800000| PB 0x00000000c0700000| Untracked 
|   8|0x00000000c0800000, 0x00000000c0900000, 0x00000000c0900000|100%| O|  |TAMS 0x00000000c0900000| PB 0x00000000c0800000| Untracked 
|   9|0x00000000c0900000, 0x00000000c0a00000, 0x00000000c0a00000|100%| O|  |TAMS 0x00000000c0a00000| PB 0x00000000c0900000| Untracked 
|  10|0x00000000c0a00000, 0x00000000c0b00000, 0x00000000c0b00000|100%| O|  |TAMS 0x00000000c0b00000| PB 0x00000000c0a00000| Untracked 
|  11|0x00000000c0b00000, 0x00000000c0c00000, 0x00000000c0c00000|100%| O|  |TAMS 0x00000000c0c00000| PB 0x00000000c0b00000| Untracked 
|  12|0x00000000c0c00000, 0x00000000c0d00000, 0x00000000c0d00000|100%| O|  |TAMS 0x00000000c0d00000| PB 0x00000000c0c00000| Untracked 
|  13|0x00000000c0d00000, 0x00000000c0e00000, 0x00000000c0e00000|100%| O|  |TAMS 0x00000000c0e00000| PB 0x00000000c0d00000| Untracked 
|  14|0x00000000c0e00000, 0x00000000c0f00000, 0x00000000c0f00000|100%| O|  |TAMS 0x00000000c0f00000| PB 0x00000000c0e00000| Untracked 
|  15|0x00000000c0f00000, 0x00000000c1000000, 0x00000000c1000000|100%| O|  |TAMS 0x00000000c1000000| PB 0x00000000c0f00000| Untracked 
|  16|0x00000000c1000000, 0x00000000c1100000, 0x00000000c1100000|100%| O|  |TAMS 0x00000000c1100000| PB 0x00000000c1000000| Untracked 
|  17|0x00000000c1100000, 0x00000000c1200000, 0x00000000c1200000|100%| O|  |TAMS 0x00000000c1200000| PB 0x00000000c1100000| Untracked 
|  18|0x00000000c1200000, 0x00000000c1300000, 0x00000000c1300000|100%| O|  |TAMS 0x00000000c1300000| PB 0x00000000c1200000| Untracked 
|  19|0x00000000c1300000, 0x00000000c1400000, 0x00000000c1400000|100%| O|  |TAMS 0x00000000c1400000| PB 0x00000000c1300000| Untracked 
|  20|0x00000000c1400000, 0x00000000c1500000, 0x00000000c1500000|100%| O|  |TAMS 0x00000000c1500000| PB 0x00000000c1400000| Untracked 
|  21|0x00000000c1500000, 0x00000000c1600000, 0x00000000c1600000|100%| O|  |TAMS 0x00000000c1600000| PB 0x00000000c1500000| Untracked 
|  22|0x00000000c1600000, 0x00000000c1700000, 0x00000000c1700000|100%| O|  |TAMS 0x00000000c1700000| PB 0x00000000c1600000| Untracked 
|  23|0x00000000c1700000, 0x00000000c1800000, 0x00000000c1800000|100%| O|  |TAMS 0x00000000c1800000| PB 0x00000000c1700000| Untracked 
|  24|0x00000000c1800000, 0x00000000c1900000, 0x00000000c1900000|100%|HS|  |TAMS 0x00000000c1900000| PB 0x00000000c1800000| Complete 
|  25|0x00000000c1900000, 0x00000000c1a00000, 0x00000000c1a00000|100%|HC|  |TAMS 0x00000000c1a00000| PB 0x00000000c1900000| Complete 
|  26|0x00000000c1a00000, 0x00000000c1b00000, 0x00000000c1b00000|100%| O|  |TAMS 0x00000000c1b00000| PB 0x00000000c1a00000| Untracked 
|  27|0x00000000c1b00000, 0x00000000c1c00000, 0x00000000c1c00000|100%| O|  |TAMS 0x00000000c1c00000| PB 0x00000000c1b00000| Untracked 
|  28|0x00000000c1c00000, 0x00000000c1d00000, 0x00000000c1d00000|100%| O|  |TAMS 0x00000000c1d00000| PB 0x00000000c1c00000| Untracked 
|  29|0x00000000c1d00000, 0x00000000c1e00000, 0x00000000c1e00000|100%| O|  |TAMS 0x00000000c1e00000| PB 0x00000000c1d00000| Untracked 
|  30|0x00000000c1e00000, 0x00000000c1f00000, 0x00000000c1f00000|100%| O|  |TAMS 0x00000000c1f00000| PB 0x00000000c1e00000| Untracked 
|  31|0x00000000c1f00000, 0x00000000c2000000, 0x00000000c2000000|100%| O|  |TAMS 0x00000000c2000000| PB 0x00000000c1f00000| Untracked 
|  32|0x00000000c2000000, 0x00000000c2100000, 0x00000000c2100000|100%| O|  |TAMS 0x00000000c2100000| PB 0x00000000c2000000| Untracked 
|  33|0x00000000c2100000, 0x00000000c2200000, 0x00000000c2200000|100%| O|  |TAMS 0x00000000c2200000| PB 0x00000000c2100000| Untracked 
|  34|0x00000000c2200000, 0x00000000c2300000, 0x00000000c2300000|100%| O|  |TAMS 0x00000000c2300000| PB 0x00000000c2200000| Untracked 
|  35|0x00000000c2300000, 0x00000000c2400000, 0x00000000c2400000|100%| O|  |TAMS 0x00000000c2400000| PB 0x00000000c2300000| Untracked 
|  36|0x00000000c2400000, 0x00000000c2500000, 0x00000000c2500000|100%| O|  |TAMS 0x00000000c2500000| PB 0x00000000c2400000| Untracked 
|  37|0x00000000c2500000, 0x00000000c2600000, 0x00000000c2600000|100%| O|  |TAMS 0x00000000c2600000| PB 0x00000000c2500000| Untracked 
|  38|0x00000000c2600000, 0x00000000c2700000, 0x00000000c2700000|100%| O|  |TAMS 0x00000000c2700000| PB 0x00000000c2600000| Untracked 
|  39|0x00000000c2700000, 0x00000000c2800000, 0x00000000c2800000|100%| O|  |TAMS 0x00000000c2800000| PB 0x00000000c2700000| Untracked 
|  40|0x00000000c2800000, 0x00000000c2900000, 0x00000000c2900000|100%| O|  |TAMS 0x00000000c2900000| PB 0x00000000c2800000| Untracked 
|  41|0x00000000c2900000, 0x00000000c2a00000, 0x00000000c2a00000|100%| O|  |TAMS 0x00000000c2a00000| PB 0x00000000c2900000| Untracked 
|  42|0x00000000c2a00000, 0x00000000c2b00000, 0x00000000c2b00000|100%| O|  |TAMS 0x00000000c2b00000| PB 0x00000000c2a00000| Untracked 
|  43|0x00000000c2b00000, 0x00000000c2c00000, 0x00000000c2c00000|100%| O|  |TAMS 0x00000000c2c00000| PB 0x00000000c2b00000| Untracked 
|  44|0x00000000c2c00000, 0x00000000c2d00000, 0x00000000c2d00000|100%| O|  |TAMS 0x00000000c2d00000| PB 0x00000000c2c00000| Untracked 
|  45|0x00000000c2d00000, 0x00000000c2e00000, 0x00000000c2e00000|100%| O|  |TAMS 0x00000000c2e00000| PB 0x00000000c2d00000| Untracked 
|  46|0x00000000c2e00000, 0x00000000c2f00000, 0x00000000c2f00000|100%| O|  |TAMS 0x00000000c2f00000| PB 0x00000000c2e00000| Untracked 
|  47|0x00000000c2f00000, 0x00000000c3000000, 0x00000000c3000000|100%| O|  |TAMS 0x00000000c3000000| PB 0x00000000c2f00000| Untracked 
|  48|0x00000000c3000000, 0x00000000c3100000, 0x00000000c3100000|100%| O|  |TAMS 0x00000000c3100000| PB 0x00000000c3000000| Untracked 
|  49|0x00000000c3100000, 0x00000000c3200000, 0x00000000c3200000|100%| O|  |TAMS 0x00000000c3200000| PB 0x00000000c3100000| Untracked 
|  50|0x00000000c3200000, 0x00000000c3300000, 0x00000000c3300000|100%| O|  |TAMS 0x00000000c3300000| PB 0x00000000c3200000| Untracked 
|  51|0x00000000c3300000, 0x00000000c3400000, 0x00000000c3400000|100%| O|  |TAMS 0x00000000c3400000| PB 0x00000000c3300000| Untracked 
|  52|0x00000000c3400000, 0x00000000c3500000, 0x00000000c3500000|100%| O|  |TAMS 0x00000000c3500000| PB 0x00000000c3400000| Untracked 
|  53|0x00000000c3500000, 0x00000000c3600000, 0x00000000c3600000|100%| O|  |TAMS 0x00000000c3600000| PB 0x00000000c3500000| Untracked 
|  54|0x00000000c3600000, 0x00000000c3700000, 0x00000000c3700000|100%| O|  |TAMS 0x00000000c3700000| PB 0x00000000c3600000| Untracked 
|  55|0x00000000c3700000, 0x00000000c3800000, 0x00000000c3800000|100%| O|  |TAMS 0x00000000c3800000| PB 0x00000000c3700000| Untracked 
|  56|0x00000000c3800000, 0x00000000c3900000, 0x00000000c3900000|100%| O|  |TAMS 0x00000000c3900000| PB 0x00000000c3800000| Untracked 
|  57|0x00000000c3900000, 0x00000000c3a00000, 0x00000000c3a00000|100%|HS|  |TAMS 0x00000000c3a00000| PB 0x00000000c3900000| Complete 
|  58|0x00000000c3a00000, 0x00000000c3b00000, 0x00000000c3b00000|100%|HS|  |TAMS 0x00000000c3b00000| PB 0x00000000c3a00000| Complete 
|  59|0x00000000c3b00000, 0x00000000c3c00000, 0x00000000c3c00000|100%|HS|  |TAMS 0x00000000c3c00000| PB 0x00000000c3b00000| Complete 
|  60|0x00000000c3c00000, 0x00000000c3d00000, 0x00000000c3d00000|100%|HC|  |TAMS 0x00000000c3d00000| PB 0x00000000c3c00000| Complete 
|  61|0x00000000c3d00000, 0x00000000c3e00000, 0x00000000c3e00000|100%|HS|  |TAMS 0x00000000c3e00000| PB 0x00000000c3d00000| Complete 
|  62|0x00000000c3e00000, 0x00000000c3f00000, 0x00000000c3f00000|100%|HC|  |TAMS 0x00000000c3f00000| PB 0x00000000c3e00000| Complete 
|  63|0x00000000c3f00000, 0x00000000c4000000, 0x00000000c4000000|100%|HS|  |TAMS 0x00000000c4000000| PB 0x00000000c3f00000| Complete 
|  64|0x00000000c4000000, 0x00000000c4100000, 0x00000000c4100000|100%|HC|  |TAMS 0x00000000c4100000| PB 0x00000000c4000000| Complete 
|  65|0x00000000c4100000, 0x00000000c4200000, 0x00000000c4200000|100%|HC|  |TAMS 0x00000000c4200000| PB 0x00000000c4100000| Complete 
|  66|0x00000000c4200000, 0x00000000c4300000, 0x00000000c4300000|100%|HS|  |TAMS 0x00000000c4300000| PB 0x00000000c4200000| Complete 
|  67|0x00000000c4300000, 0x00000000c4400000, 0x00000000c4400000|100%|HS|  |TAMS 0x00000000c4400000| PB 0x00000000c4300000| Complete 
|  68|0x00000000c4400000, 0x00000000c4500000, 0x00000000c4500000|100%| O|  |TAMS 0x00000000c4500000| PB 0x00000000c4400000| Untracked 
|  69|0x00000000c4500000, 0x00000000c4600000, 0x00000000c4600000|100%|HS|  |TAMS 0x00000000c4600000| PB 0x00000000c4500000| Complete 
|  70|0x00000000c4600000, 0x00000000c4700000, 0x00000000c4700000|100%|HS|  |TAMS 0x00000000c4700000| PB 0x00000000c4600000| Complete 
|  71|0x00000000c4700000, 0x00000000c4800000, 0x00000000c4800000|100%| O|  |TAMS 0x00000000c4800000| PB 0x00000000c4700000| Untracked 
|  72|0x00000000c4800000, 0x00000000c4900000, 0x00000000c4900000|100%| O|  |TAMS 0x00000000c4900000| PB 0x00000000c4800000| Untracked 
|  73|0x00000000c4900000, 0x00000000c4a00000, 0x00000000c4a00000|100%| O|  |TAMS 0x00000000c4a00000| PB 0x00000000c4900000| Untracked 
|  74|0x00000000c4a00000, 0x00000000c4b00000, 0x00000000c4b00000|100%| O|  |TAMS 0x00000000c4b00000| PB 0x00000000c4a00000| Untracked 
|  75|0x00000000c4b00000, 0x00000000c4c00000, 0x00000000c4c00000|100%| O|  |TAMS 0x00000000c4c00000| PB 0x00000000c4b00000| Untracked 
|  76|0x00000000c4c00000, 0x00000000c4d00000, 0x00000000c4d00000|100%| O|  |TAMS 0x00000000c4d00000| PB 0x00000000c4c00000| Untracked 
|  77|0x00000000c4d00000, 0x00000000c4e00000, 0x00000000c4e00000|100%| O|  |TAMS 0x00000000c4e00000| PB 0x00000000c4d00000| Untracked 
|  78|0x00000000c4e00000, 0x00000000c4f00000, 0x00000000c4f00000|100%| O|  |TAMS 0x00000000c4f00000| PB 0x00000000c4e00000| Untracked 
|  79|0x00000000c4f00000, 0x00000000c5000000, 0x00000000c5000000|100%| O|  |TAMS 0x00000000c5000000| PB 0x00000000c4f00000| Untracked 
|  80|0x00000000c5000000, 0x00000000c5100000, 0x00000000c5100000|100%| O|  |TAMS 0x00000000c5100000| PB 0x00000000c5000000| Untracked 
|  81|0x00000000c5100000, 0x00000000c5200000, 0x00000000c5200000|100%|HS|  |TAMS 0x00000000c5200000| PB 0x00000000c5100000| Complete 
|  82|0x00000000c5200000, 0x00000000c5300000, 0x00000000c5300000|100%| O|  |TAMS 0x00000000c5300000| PB 0x00000000c5200000| Untracked 
|  83|0x00000000c5300000, 0x00000000c5400000, 0x00000000c5400000|100%| O|  |TAMS 0x00000000c5400000| PB 0x00000000c5300000| Untracked 
|  84|0x00000000c5400000, 0x00000000c5500000, 0x00000000c5500000|100%| O|  |TAMS 0x00000000c5500000| PB 0x00000000c5400000| Untracked 
|  85|0x00000000c5500000, 0x00000000c5600000, 0x00000000c5600000|100%| O|  |TAMS 0x00000000c5600000| PB 0x00000000c5500000| Untracked 
|  86|0x00000000c5600000, 0x00000000c5700000, 0x00000000c5700000|100%| O|  |TAMS 0x00000000c5700000| PB 0x00000000c5600000| Untracked 
|  87|0x00000000c5700000, 0x00000000c5800000, 0x00000000c5800000|100%| O|  |TAMS 0x00000000c5800000| PB 0x00000000c5700000| Untracked 
|  88|0x00000000c5800000, 0x00000000c5900000, 0x00000000c5900000|100%|HS|  |TAMS 0x00000000c5900000| PB 0x00000000c5800000| Complete 
|  89|0x00000000c5900000, 0x00000000c5a00000, 0x00000000c5a00000|100%|HC|  |TAMS 0x00000000c5a00000| PB 0x00000000c5900000| Complete 
|  90|0x00000000c5a00000, 0x00000000c5b00000, 0x00000000c5b00000|100%|HC|  |TAMS 0x00000000c5b00000| PB 0x00000000c5a00000| Complete 
|  91|0x00000000c5b00000, 0x00000000c5c00000, 0x00000000c5c00000|100%| O|  |TAMS 0x00000000c5c00000| PB 0x00000000c5b00000| Untracked 
|  92|0x00000000c5c00000, 0x00000000c5d00000, 0x00000000c5d00000|100%| O|  |TAMS 0x00000000c5d00000| PB 0x00000000c5c00000| Untracked 
|  93|0x00000000c5d00000, 0x00000000c5e00000, 0x00000000c5e00000|100%| O|  |TAMS 0x00000000c5e00000| PB 0x00000000c5d00000| Untracked 
|  94|0x00000000c5e00000, 0x00000000c5f00000, 0x00000000c5f00000|100%| O|  |TAMS 0x00000000c5f00000| PB 0x00000000c5e00000| Untracked 
|  95|0x00000000c5f00000, 0x00000000c6000000, 0x00000000c6000000|100%| O|  |TAMS 0x00000000c6000000| PB 0x00000000c5f00000| Untracked 
|  96|0x00000000c6000000, 0x00000000c6100000, 0x00000000c6100000|100%| O|  |TAMS 0x00000000c6100000| PB 0x00000000c6000000| Untracked 
|  97|0x00000000c6100000, 0x00000000c6200000, 0x00000000c6200000|100%| O|  |TAMS 0x00000000c6200000| PB 0x00000000c6100000| Untracked 
|  98|0x00000000c6200000, 0x00000000c6300000, 0x00000000c6300000|100%| O|  |TAMS 0x00000000c6300000| PB 0x00000000c6200000| Untracked 
|  99|0x00000000c6300000, 0x00000000c6400000, 0x00000000c6400000|100%| O|  |TAMS 0x00000000c6400000| PB 0x00000000c6300000| Untracked 
| 100|0x00000000c6400000, 0x00000000c6500000, 0x00000000c6500000|100%| O|  |TAMS 0x00000000c6500000| PB 0x00000000c6400000| Untracked 
| 101|0x00000000c6500000, 0x00000000c6600000, 0x00000000c6600000|100%| O|  |TAMS 0x00000000c6600000| PB 0x00000000c6500000| Untracked 
| 102|0x00000000c6600000, 0x00000000c6700000, 0x00000000c6700000|100%| O|  |TAMS 0x00000000c6700000| PB 0x00000000c6600000| Untracked 
| 103|0x00000000c6700000, 0x00000000c6800000, 0x00000000c6800000|100%| O|  |TAMS 0x00000000c6800000| PB 0x00000000c6700000| Untracked 
| 104|0x00000000c6800000, 0x00000000c6900000, 0x00000000c6900000|100%| O|  |TAMS 0x00000000c6900000| PB 0x00000000c6800000| Untracked 
| 105|0x00000000c6900000, 0x00000000c6a00000, 0x00000000c6a00000|100%| O|  |TAMS 0x00000000c6a00000| PB 0x00000000c6900000| Untracked 
| 106|0x00000000c6a00000, 0x00000000c6b00000, 0x00000000c6b00000|100%| O|  |TAMS 0x00000000c6b00000| PB 0x00000000c6a00000| Untracked 
| 107|0x00000000c6b00000, 0x00000000c6c00000, 0x00000000c6c00000|100%| O|  |TAMS 0x00000000c6c00000| PB 0x00000000c6b00000| Untracked 
| 108|0x00000000c6c00000, 0x00000000c6d00000, 0x00000000c6d00000|100%| O|  |TAMS 0x00000000c6d00000| PB 0x00000000c6c00000| Untracked 
| 109|0x00000000c6d00000, 0x00000000c6e00000, 0x00000000c6e00000|100%| O|  |TAMS 0x00000000c6e00000| PB 0x00000000c6d00000| Untracked 
| 110|0x00000000c6e00000, 0x00000000c6f00000, 0x00000000c6f00000|100%| O|  |TAMS 0x00000000c6f00000| PB 0x00000000c6e00000| Untracked 
| 111|0x00000000c6f00000, 0x00000000c7000000, 0x00000000c7000000|100%| O|  |TAMS 0x00000000c7000000| PB 0x00000000c6f00000| Untracked 
| 112|0x00000000c7000000, 0x00000000c7100000, 0x00000000c7100000|100%| O|  |TAMS 0x00000000c7000000| PB 0x00000000c7000000| Untracked 
| 113|0x00000000c7100000, 0x00000000c7200000, 0x00000000c7200000|100%| O|  |TAMS 0x00000000c7200000| PB 0x00000000c7100000| Untracked 
| 114|0x00000000c7200000, 0x00000000c7300000, 0x00000000c7300000|100%| O|  |TAMS 0x00000000c7300000| PB 0x00000000c7200000| Untracked 
| 115|0x00000000c7300000, 0x00000000c7400000, 0x00000000c7400000|100%| O|  |TAMS 0x00000000c7400000| PB 0x00000000c7300000| Untracked 
| 116|0x00000000c7400000, 0x00000000c7500000, 0x00000000c7500000|100%| O|  |TAMS 0x00000000c7500000| PB 0x00000000c7400000| Untracked 
| 117|0x00000000c7500000, 0x00000000c7600000, 0x00000000c7600000|100%| O|  |TAMS 0x00000000c7600000| PB 0x00000000c7500000| Untracked 
| 118|0x00000000c7600000, 0x00000000c7700000, 0x00000000c7700000|100%| O|  |TAMS 0x00000000c7700000| PB 0x00000000c7600000| Untracked 
| 119|0x00000000c7700000, 0x00000000c7800000, 0x00000000c7800000|100%| O|  |TAMS 0x00000000c7800000| PB 0x00000000c7700000| Untracked 
| 120|0x00000000c7800000, 0x00000000c7900000, 0x00000000c7900000|100%| O|  |TAMS 0x00000000c7900000| PB 0x00000000c7800000| Untracked 
| 121|0x00000000c7900000, 0x00000000c7a00000, 0x00000000c7a00000|100%| O|  |TAMS 0x00000000c7a00000| PB 0x00000000c7900000| Untracked 
| 122|0x00000000c7a00000, 0x00000000c7b00000, 0x00000000c7b00000|100%| O|  |TAMS 0x00000000c7b00000| PB 0x00000000c7a00000| Untracked 
| 123|0x00000000c7b00000, 0x00000000c7c00000, 0x00000000c7c00000|100%| O|  |TAMS 0x00000000c7c00000| PB 0x00000000c7b00000| Untracked 
| 124|0x00000000c7c00000, 0x00000000c7d00000, 0x00000000c7d00000|100%| O|  |TAMS 0x00000000c7d00000| PB 0x00000000c7c00000| Untracked 
| 125|0x00000000c7d00000, 0x00000000c7e00000, 0x00000000c7e00000|100%| O|  |TAMS 0x00000000c7e00000| PB 0x00000000c7d00000| Untracked 
| 126|0x00000000c7e00000, 0x00000000c7f00000, 0x00000000c7f00000|100%| O|  |TAMS 0x00000000c7f00000| PB 0x00000000c7e00000| Untracked 
| 127|0x00000000c7f00000, 0x00000000c8000000, 0x00000000c8000000|100%| O|  |TAMS 0x00000000c8000000| PB 0x00000000c7f00000| Untracked 
| 128|0x00000000c8000000, 0x00000000c8100000, 0x00000000c8100000|100%| O|  |TAMS 0x00000000c8100000| PB 0x00000000c8000000| Untracked 
| 129|0x00000000c8100000, 0x00000000c8200000, 0x00000000c8200000|100%| O|  |TAMS 0x00000000c8200000| PB 0x00000000c8100000| Untracked 
| 130|0x00000000c8200000, 0x00000000c8300000, 0x00000000c8300000|100%| O|  |TAMS 0x00000000c8300000| PB 0x00000000c8200000| Untracked 
| 131|0x00000000c8300000, 0x00000000c8400000, 0x00000000c8400000|100%| O|  |TAMS 0x00000000c8400000| PB 0x00000000c8300000| Untracked 
| 132|0x00000000c8400000, 0x00000000c8500000, 0x00000000c8500000|100%| O|  |TAMS 0x00000000c8500000| PB 0x00000000c8400000| Untracked 
| 133|0x00000000c8500000, 0x00000000c8600000, 0x00000000c8600000|100%| O|  |TAMS 0x00000000c8600000| PB 0x00000000c8500000| Untracked 
| 134|0x00000000c8600000, 0x00000000c8700000, 0x00000000c8700000|100%| O|  |TAMS 0x00000000c8700000| PB 0x00000000c8600000| Untracked 
| 135|0x00000000c8700000, 0x00000000c8800000, 0x00000000c8800000|100%| O|  |TAMS 0x00000000c8800000| PB 0x00000000c8700000| Untracked 
| 136|0x00000000c8800000, 0x00000000c8900000, 0x00000000c8900000|100%| O|  |TAMS 0x00000000c8900000| PB 0x00000000c8800000| Untracked 
| 137|0x00000000c8900000, 0x00000000c8a00000, 0x00000000c8a00000|100%| O|  |TAMS 0x00000000c8a00000| PB 0x00000000c8900000| Untracked 
| 138|0x00000000c8a00000, 0x00000000c8b00000, 0x00000000c8b00000|100%| O|  |TAMS 0x00000000c8b00000| PB 0x00000000c8a00000| Untracked 
| 139|0x00000000c8b00000, 0x00000000c8c00000, 0x00000000c8c00000|100%| O|  |TAMS 0x00000000c8c00000| PB 0x00000000c8b00000| Untracked 
| 140|0x00000000c8c00000, 0x00000000c8d00000, 0x00000000c8d00000|100%| O|  |TAMS 0x00000000c8d00000| PB 0x00000000c8c00000| Untracked 
| 141|0x00000000c8d00000, 0x00000000c8e00000, 0x00000000c8e00000|100%| O|  |TAMS 0x00000000c8e00000| PB 0x00000000c8d00000| Untracked 
| 142|0x00000000c8e00000, 0x00000000c8f00000, 0x00000000c8f00000|100%| O|  |TAMS 0x00000000c8f00000| PB 0x00000000c8e00000| Untracked 
| 143|0x00000000c8f00000, 0x00000000c9000000, 0x00000000c9000000|100%| O|  |TAMS 0x00000000c9000000| PB 0x00000000c8f00000| Untracked 
| 144|0x00000000c9000000, 0x00000000c9100000, 0x00000000c9100000|100%| O|  |TAMS 0x00000000c9100000| PB 0x00000000c9000000| Untracked 
| 145|0x00000000c9100000, 0x00000000c9200000, 0x00000000c9200000|100%| O|  |TAMS 0x00000000c9200000| PB 0x00000000c9100000| Untracked 
| 146|0x00000000c9200000, 0x00000000c9300000, 0x00000000c9300000|100%| O|  |TAMS 0x00000000c9300000| PB 0x00000000c9200000| Untracked 
| 147|0x00000000c9300000, 0x00000000c9400000, 0x00000000c9400000|100%| O|  |TAMS 0x00000000c9400000| PB 0x00000000c9300000| Untracked 
| 148|0x00000000c9400000, 0x00000000c9500000, 0x00000000c9500000|100%| O|  |TAMS 0x00000000c9500000| PB 0x00000000c9400000| Untracked 
| 149|0x00000000c9500000, 0x00000000c9600000, 0x00000000c9600000|100%| O|  |TAMS 0x00000000c9600000| PB 0x00000000c9500000| Untracked 
| 150|0x00000000c9600000, 0x00000000c9700000, 0x00000000c9700000|100%| O|  |TAMS 0x00000000c9700000| PB 0x00000000c9600000| Untracked 
| 151|0x00000000c9700000, 0x00000000c9800000, 0x00000000c9800000|100%| O|  |TAMS 0x00000000c9800000| PB 0x00000000c9700000| Untracked 
| 152|0x00000000c9800000, 0x00000000c9900000, 0x00000000c9900000|100%| O|  |TAMS 0x00000000c9900000| PB 0x00000000c9800000| Untracked 
| 153|0x00000000c9900000, 0x00000000c9a00000, 0x00000000c9a00000|100%| O|  |TAMS 0x00000000c9900000| PB 0x00000000c9900000| Untracked 
| 154|0x00000000c9a00000, 0x00000000c9b00000, 0x00000000c9b00000|100%| O|  |TAMS 0x00000000c9b00000| PB 0x00000000c9a00000| Untracked 
| 155|0x00000000c9b00000, 0x00000000c9c00000, 0x00000000c9c00000|100%| O|  |TAMS 0x00000000c9c00000| PB 0x00000000c9b00000| Untracked 
| 156|0x00000000c9c00000, 0x00000000c9d00000, 0x00000000c9d00000|100%| O|  |TAMS 0x00000000c9d00000| PB 0x00000000c9c00000| Untracked 
| 157|0x00000000c9d00000, 0x00000000c9e00000, 0x00000000c9e00000|100%| O|  |TAMS 0x00000000c9e00000| PB 0x00000000c9d00000| Untracked 
| 158|0x00000000c9e00000, 0x00000000c9f00000, 0x00000000c9f00000|100%| O|  |TAMS 0x00000000c9f00000| PB 0x00000000c9e00000| Untracked 
| 159|0x00000000c9f00000, 0x00000000ca000000, 0x00000000ca000000|100%| O|  |TAMS 0x00000000ca000000| PB 0x00000000c9f00000| Untracked 
| 160|0x00000000ca000000, 0x00000000ca100000, 0x00000000ca100000|100%| O|  |TAMS 0x00000000ca100000| PB 0x00000000ca000000| Untracked 
| 161|0x00000000ca100000, 0x00000000ca200000, 0x00000000ca200000|100%| O|  |TAMS 0x00000000ca200000| PB 0x00000000ca100000| Untracked 
| 162|0x00000000ca200000, 0x00000000ca300000, 0x00000000ca300000|100%| O|  |TAMS 0x00000000ca300000| PB 0x00000000ca200000| Untracked 
| 163|0x00000000ca300000, 0x00000000ca400000, 0x00000000ca400000|100%| O|  |TAMS 0x00000000ca400000| PB 0x00000000ca300000| Untracked 
| 164|0x00000000ca400000, 0x00000000ca500000, 0x00000000ca500000|100%| O|  |TAMS 0x00000000ca500000| PB 0x00000000ca400000| Untracked 
| 165|0x00000000ca500000, 0x00000000ca600000, 0x00000000ca600000|100%| O|  |TAMS 0x00000000ca500000| PB 0x00000000ca500000| Untracked 
| 166|0x00000000ca600000, 0x00000000ca700000, 0x00000000ca700000|100%| O|  |TAMS 0x00000000ca700000| PB 0x00000000ca600000| Untracked 
| 167|0x00000000ca700000, 0x00000000ca800000, 0x00000000ca800000|100%| O|  |TAMS 0x00000000ca800000| PB 0x00000000ca700000| Untracked 
| 168|0x00000000ca800000, 0x00000000ca900000, 0x00000000ca900000|100%| O|  |TAMS 0x00000000ca900000| PB 0x00000000ca800000| Untracked 
| 169|0x00000000ca900000, 0x00000000caa00000, 0x00000000caa00000|100%| O|  |TAMS 0x00000000ca900000| PB 0x00000000ca900000| Untracked 
| 170|0x00000000caa00000, 0x00000000cab00000, 0x00000000cab00000|100%| O|  |TAMS 0x00000000cab00000| PB 0x00000000caa00000| Untracked 
| 171|0x00000000cab00000, 0x00000000cac00000, 0x00000000cac00000|100%| O|  |TAMS 0x00000000cac00000| PB 0x00000000cab00000| Untracked 
| 172|0x00000000cac00000, 0x00000000cad00000, 0x00000000cad00000|100%| O|  |TAMS 0x00000000cad00000| PB 0x00000000cac00000| Untracked 
| 173|0x00000000cad00000, 0x00000000cae00000, 0x00000000cae00000|100%| O|  |TAMS 0x00000000cae00000| PB 0x00000000cad00000| Untracked 
| 174|0x00000000cae00000, 0x00000000caf00000, 0x00000000caf00000|100%| O|  |TAMS 0x00000000caf00000| PB 0x00000000cae00000| Untracked 
| 175|0x00000000caf00000, 0x00000000cb000000, 0x00000000cb000000|100%| O|  |TAMS 0x00000000cb000000| PB 0x00000000caf00000| Untracked 
| 176|0x00000000cb000000, 0x00000000cb100000, 0x00000000cb100000|100%| O|  |TAMS 0x00000000cb100000| PB 0x00000000cb000000| Untracked 
| 177|0x00000000cb100000, 0x00000000cb200000, 0x00000000cb200000|100%| O|  |TAMS 0x00000000cb200000| PB 0x00000000cb100000| Untracked 
| 178|0x00000000cb200000, 0x00000000cb300000, 0x00000000cb300000|100%| O|  |TAMS 0x00000000cb300000| PB 0x00000000cb200000| Untracked 
| 179|0x00000000cb300000, 0x00000000cb400000, 0x00000000cb400000|100%| O|  |TAMS 0x00000000cb400000| PB 0x00000000cb300000| Untracked 
| 180|0x00000000cb400000, 0x00000000cb500000, 0x00000000cb500000|100%| O|  |TAMS 0x00000000cb500000| PB 0x00000000cb400000| Untracked 
| 181|0x00000000cb500000, 0x00000000cb600000, 0x00000000cb600000|100%| O|  |TAMS 0x00000000cb600000| PB 0x00000000cb500000| Untracked 
| 182|0x00000000cb600000, 0x00000000cb700000, 0x00000000cb700000|100%| O|  |TAMS 0x00000000cb700000| PB 0x00000000cb600000| Untracked 
| 183|0x00000000cb700000, 0x00000000cb800000, 0x00000000cb800000|100%| O|  |TAMS 0x00000000cb800000| PB 0x00000000cb700000| Untracked 
| 184|0x00000000cb800000, 0x00000000cb900000, 0x00000000cb900000|100%| O|  |TAMS 0x00000000cb900000| PB 0x00000000cb800000| Untracked 
| 185|0x00000000cb900000, 0x00000000cba00000, 0x00000000cba00000|100%| O|  |TAMS 0x00000000cba00000| PB 0x00000000cb900000| Untracked 
| 186|0x00000000cba00000, 0x00000000cbb00000, 0x00000000cbb00000|100%| O|  |TAMS 0x00000000cbb00000| PB 0x00000000cba00000| Untracked 
| 187|0x00000000cbb00000, 0x00000000cbc00000, 0x00000000cbc00000|100%| O|  |TAMS 0x00000000cbc00000| PB 0x00000000cbb00000| Untracked 
| 188|0x00000000cbc00000, 0x00000000cbd00000, 0x00000000cbd00000|100%| O|  |TAMS 0x00000000cbd00000| PB 0x00000000cbc00000| Untracked 
| 189|0x00000000cbd00000, 0x00000000cbe00000, 0x00000000cbe00000|100%| O|  |TAMS 0x00000000cbe00000| PB 0x00000000cbd00000| Untracked 
| 190|0x00000000cbe00000, 0x00000000cbf00000, 0x00000000cbf00000|100%| O|  |TAMS 0x00000000cbf00000| PB 0x00000000cbe00000| Untracked 
| 191|0x00000000cbf00000, 0x00000000cc000000, 0x00000000cc000000|100%| O|  |TAMS 0x00000000cc000000| PB 0x00000000cbf00000| Untracked 
| 192|0x00000000cc000000, 0x00000000cc100000, 0x00000000cc100000|100%| O|  |TAMS 0x00000000cc100000| PB 0x00000000cc000000| Untracked 
| 193|0x00000000cc100000, 0x00000000cc200000, 0x00000000cc200000|100%| O|  |TAMS 0x00000000cc200000| PB 0x00000000cc100000| Untracked 
| 194|0x00000000cc200000, 0x00000000cc300000, 0x00000000cc300000|100%| O|  |TAMS 0x00000000cc300000| PB 0x00000000cc200000| Untracked 
| 195|0x00000000cc300000, 0x00000000cc400000, 0x00000000cc400000|100%| O|  |TAMS 0x00000000cc400000| PB 0x00000000cc300000| Untracked 
| 196|0x00000000cc400000, 0x00000000cc500000, 0x00000000cc500000|100%| O|  |TAMS 0x00000000cc500000| PB 0x00000000cc400000| Untracked 
| 197|0x00000000cc500000, 0x00000000cc600000, 0x00000000cc600000|100%| O|  |TAMS 0x00000000cc600000| PB 0x00000000cc500000| Untracked 
| 198|0x00000000cc600000, 0x00000000cc700000, 0x00000000cc700000|100%| O|  |TAMS 0x00000000cc700000| PB 0x00000000cc600000| Untracked 
| 199|0x00000000cc700000, 0x00000000cc800000, 0x00000000cc800000|100%| O|  |TAMS 0x00000000cc800000| PB 0x00000000cc700000| Untracked 
| 200|0x00000000cc800000, 0x00000000cc900000, 0x00000000cc900000|100%| O|  |TAMS 0x00000000cc900000| PB 0x00000000cc800000| Untracked 
| 201|0x00000000cc900000, 0x00000000cca00000, 0x00000000cca00000|100%| O|  |TAMS 0x00000000cca00000| PB 0x00000000cc900000| Untracked 
| 202|0x00000000cca00000, 0x00000000ccb00000, 0x00000000ccb00000|100%| O|  |TAMS 0x00000000ccb00000| PB 0x00000000cca00000| Untracked 
| 203|0x00000000ccb00000, 0x00000000ccc00000, 0x00000000ccc00000|100%| O|  |TAMS 0x00000000ccc00000| PB 0x00000000ccb00000| Untracked 
| 204|0x00000000ccc00000, 0x00000000ccd00000, 0x00000000ccd00000|100%| O|  |TAMS 0x00000000ccd00000| PB 0x00000000ccc00000| Untracked 
| 205|0x00000000ccd00000, 0x00000000cce00000, 0x00000000cce00000|100%| O|  |TAMS 0x00000000cce00000| PB 0x00000000ccd00000| Untracked 
| 206|0x00000000cce00000, 0x00000000ccf00000, 0x00000000ccf00000|100%| O|  |TAMS 0x00000000ccf00000| PB 0x00000000cce00000| Untracked 
| 207|0x00000000ccf00000, 0x00000000cd000000, 0x00000000cd000000|100%| O|  |TAMS 0x00000000cd000000| PB 0x00000000ccf00000| Untracked 
| 208|0x00000000cd000000, 0x00000000cd100000, 0x00000000cd100000|100%| O|  |TAMS 0x00000000cd100000| PB 0x00000000cd000000| Untracked 
| 209|0x00000000cd100000, 0x00000000cd200000, 0x00000000cd200000|100%| O|  |TAMS 0x00000000cd200000| PB 0x00000000cd100000| Untracked 
| 210|0x00000000cd200000, 0x00000000cd300000, 0x00000000cd300000|100%| O|  |TAMS 0x00000000cd300000| PB 0x00000000cd200000| Untracked 
| 211|0x00000000cd300000, 0x00000000cd400000, 0x00000000cd400000|100%| O|  |TAMS 0x00000000cd400000| PB 0x00000000cd300000| Untracked 
| 212|0x00000000cd400000, 0x00000000cd500000, 0x00000000cd500000|100%| O|  |TAMS 0x00000000cd500000| PB 0x00000000cd400000| Untracked 
| 213|0x00000000cd500000, 0x00000000cd600000, 0x00000000cd600000|100%| O|  |TAMS 0x00000000cd600000| PB 0x00000000cd500000| Untracked 
| 214|0x00000000cd600000, 0x00000000cd700000, 0x00000000cd700000|100%| O|  |TAMS 0x00000000cd700000| PB 0x00000000cd600000| Untracked 
| 215|0x00000000cd700000, 0x00000000cd800000, 0x00000000cd800000|100%| O|  |TAMS 0x00000000cd800000| PB 0x00000000cd700000| Untracked 
| 216|0x00000000cd800000, 0x00000000cd900000, 0x00000000cd900000|100%| O|  |TAMS 0x00000000cd900000| PB 0x00000000cd800000| Untracked 
| 217|0x00000000cd900000, 0x00000000cda00000, 0x00000000cda00000|100%| O|  |TAMS 0x00000000cda00000| PB 0x00000000cd900000| Untracked 
| 218|0x00000000cda00000, 0x00000000cdb00000, 0x00000000cdb00000|100%| O|  |TAMS 0x00000000cdb00000| PB 0x00000000cda00000| Untracked 
| 219|0x00000000cdb00000, 0x00000000cdc00000, 0x00000000cdc00000|100%| O|  |TAMS 0x00000000cdc00000| PB 0x00000000cdb00000| Untracked 
| 220|0x00000000cdc00000, 0x00000000cdd00000, 0x00000000cdd00000|100%| O|  |TAMS 0x00000000cdd00000| PB 0x00000000cdc00000| Untracked 
| 221|0x00000000cdd00000, 0x00000000cde00000, 0x00000000cde00000|100%| O|  |TAMS 0x00000000cde00000| PB 0x00000000cdd00000| Untracked 
| 222|0x00000000cde00000, 0x00000000cdf00000, 0x00000000cdf00000|100%| O|  |TAMS 0x00000000cdf00000| PB 0x00000000cde00000| Untracked 
| 223|0x00000000cdf00000, 0x00000000ce000000, 0x00000000ce000000|100%| O|  |TAMS 0x00000000ce000000| PB 0x00000000cdf00000| Untracked 
| 224|0x00000000ce000000, 0x00000000ce100000, 0x00000000ce100000|100%| O|  |TAMS 0x00000000ce100000| PB 0x00000000ce000000| Untracked 
| 225|0x00000000ce100000, 0x00000000ce200000, 0x00000000ce200000|100%| O|  |TAMS 0x00000000ce1136a0| PB 0x00000000ce100000| Untracked 
| 226|0x00000000ce200000, 0x00000000ce300000, 0x00000000ce300000|100%| O|  |TAMS 0x00000000ce200000| PB 0x00000000ce200000| Untracked 
| 227|0x00000000ce300000, 0x00000000ce400000, 0x00000000ce400000|100%| O|  |TAMS 0x00000000ce300000| PB 0x00000000ce300000| Untracked 
| 228|0x00000000ce400000, 0x00000000ce500000, 0x00000000ce500000|100%| O|  |TAMS 0x00000000ce400000| PB 0x00000000ce400000| Untracked 
| 229|0x00000000ce500000, 0x00000000ce600000, 0x00000000ce600000|100%| O|  |TAMS 0x00000000ce500000| PB 0x00000000ce500000| Untracked 
| 230|0x00000000ce600000, 0x00000000ce700000, 0x00000000ce700000|100%| O|  |TAMS 0x00000000ce600000| PB 0x00000000ce600000| Untracked 
| 231|0x00000000ce700000, 0x00000000ce800000, 0x00000000ce800000|100%| O|  |TAMS 0x00000000ce700000| PB 0x00000000ce700000| Untracked 
| 232|0x00000000ce800000, 0x00000000ce900000, 0x00000000ce900000|100%| O|  |TAMS 0x00000000ce800000| PB 0x00000000ce800000| Untracked 
| 233|0x00000000ce900000, 0x00000000cea00000, 0x00000000cea00000|100%| O|  |TAMS 0x00000000ce900000| PB 0x00000000ce900000| Untracked 
| 234|0x00000000cea00000, 0x00000000ceac6b10, 0x00000000ceb00000| 77%| O|  |TAMS 0x00000000cea00000| PB 0x00000000cea00000| Untracked 
| 235|0x00000000ceb00000, 0x00000000ceb00000, 0x00000000cec00000|  0%| F|  |TAMS 0x00000000ceb00000| PB 0x00000000ceb00000| Untracked 
| 236|0x00000000cec00000, 0x00000000cec00000, 0x00000000ced00000|  0%| F|  |TAMS 0x00000000cec00000| PB 0x00000000cec00000| Untracked 
| 237|0x00000000ced00000, 0x00000000ced00000, 0x00000000cee00000|  0%| F|  |TAMS 0x00000000ced00000| PB 0x00000000ced00000| Untracked 
| 238|0x00000000cee00000, 0x00000000cee00000, 0x00000000cef00000|  0%| F|  |TAMS 0x00000000cee00000| PB 0x00000000cee00000| Untracked 
| 239|0x00000000cef00000, 0x00000000cef00000, 0x00000000cf000000|  0%| F|  |TAMS 0x00000000cef00000| PB 0x00000000cef00000| Untracked 
| 240|0x00000000cf000000, 0x00000000cf000000, 0x00000000cf100000|  0%| F|  |TAMS 0x00000000cf000000| PB 0x00000000cf000000| Untracked 
| 241|0x00000000cf100000, 0x00000000cf100000, 0x00000000cf200000|  0%| F|  |TAMS 0x00000000cf100000| PB 0x00000000cf100000| Untracked 
| 242|0x00000000cf200000, 0x00000000cf200000, 0x00000000cf300000|  0%| F|  |TAMS 0x00000000cf200000| PB 0x00000000cf200000| Untracked 
| 243|0x00000000cf300000, 0x00000000cf400000, 0x00000000cf400000|100%| S|CS|TAMS 0x00000000cf300000| PB 0x00000000cf300000| Complete 
| 244|0x00000000cf400000, 0x00000000cf400000, 0x00000000cf500000|  0%| F|  |TAMS 0x00000000cf400000| PB 0x00000000cf400000| Untracked 
| 245|0x00000000cf500000, 0x00000000cf500000, 0x00000000cf600000|  0%| F|  |TAMS 0x00000000cf500000| PB 0x00000000cf500000| Untracked 
| 246|0x00000000cf600000, 0x00000000cf600000, 0x00000000cf700000|  0%| F|  |TAMS 0x00000000cf600000| PB 0x00000000cf600000| Untracked 
| 247|0x00000000cf700000, 0x00000000cf700000, 0x00000000cf800000|  0%| F|  |TAMS 0x00000000cf700000| PB 0x00000000cf700000| Untracked 
| 248|0x00000000cf800000, 0x00000000cf800000, 0x00000000cf900000|  0%| F|  |TAMS 0x00000000cf800000| PB 0x00000000cf800000| Untracked 
| 249|0x00000000cf900000, 0x00000000cf900000, 0x00000000cfa00000|  0%| F|  |TAMS 0x00000000cf900000| PB 0x00000000cf900000| Untracked 
| 250|0x00000000cfa00000, 0x00000000cfa00000, 0x00000000cfb00000|  0%| F|  |TAMS 0x00000000cfa00000| PB 0x00000000cfa00000| Untracked 
| 251|0x00000000cfb00000, 0x00000000cfb00000, 0x00000000cfc00000|  0%| F|  |TAMS 0x00000000cfb00000| PB 0x00000000cfb00000| Untracked 
| 252|0x00000000cfc00000, 0x00000000cfc00000, 0x00000000cfd00000|  0%| F|  |TAMS 0x00000000cfc00000| PB 0x00000000cfc00000| Untracked 
| 253|0x00000000cfd00000, 0x00000000cfd00000, 0x00000000cfe00000|  0%| F|  |TAMS 0x00000000cfd00000| PB 0x00000000cfd00000| Untracked 
| 254|0x00000000cfe00000, 0x00000000cfe00000, 0x00000000cff00000|  0%| F|  |TAMS 0x00000000cfe00000| PB 0x00000000cfe00000| Untracked 
| 255|0x00000000cff00000, 0x00000000d0000000, 0x00000000d0000000|100%| S|CS|TAMS 0x00000000cff00000| PB 0x00000000cff00000| Complete 
| 256|0x00000000d0000000, 0x00000000d0100000, 0x00000000d0100000|100%| S|CS|TAMS 0x00000000d0000000| PB 0x00000000d0000000| Complete 
| 257|0x00000000d0100000, 0x00000000d0200000, 0x00000000d0200000|100%| S|CS|TAMS 0x00000000d0100000| PB 0x00000000d0100000| Complete 
| 258|0x00000000d0200000, 0x00000000d0300000, 0x00000000d0300000|100%| S|CS|TAMS 0x00000000d0200000| PB 0x00000000d0200000| Complete 
| 259|0x00000000d0300000, 0x00000000d0400000, 0x00000000d0400000|100%| S|CS|TAMS 0x00000000d0300000| PB 0x00000000d0300000| Complete 
| 260|0x00000000d0400000, 0x00000000d0500000, 0x00000000d0500000|100%| S|CS|TAMS 0x00000000d0400000| PB 0x00000000d0400000| Complete 
| 261|0x00000000d0500000, 0x00000000d0600000, 0x00000000d0600000|100%| S|CS|TAMS 0x00000000d0500000| PB 0x00000000d0500000| Complete 
| 262|0x00000000d0600000, 0x00000000d0700000, 0x00000000d0700000|100%| S|CS|TAMS 0x00000000d0600000| PB 0x00000000d0600000| Complete 
| 263|0x00000000d0700000, 0x00000000d0800000, 0x00000000d0800000|100%| S|CS|TAMS 0x00000000d0700000| PB 0x00000000d0700000| Complete 
| 264|0x00000000d0800000, 0x00000000d0800000, 0x00000000d0900000|  0%| F|  |TAMS 0x00000000d0800000| PB 0x00000000d0800000| Untracked 
| 265|0x00000000d0900000, 0x00000000d0900000, 0x00000000d0a00000|  0%| F|  |TAMS 0x00000000d0900000| PB 0x00000000d0900000| Untracked 
| 266|0x00000000d0a00000, 0x00000000d0a00000, 0x00000000d0b00000|  0%| F|  |TAMS 0x00000000d0a00000| PB 0x00000000d0a00000| Untracked 
| 267|0x00000000d0b00000, 0x00000000d0b00000, 0x00000000d0c00000|  0%| F|  |TAMS 0x00000000d0b00000| PB 0x00000000d0b00000| Untracked 
| 268|0x00000000d0c00000, 0x00000000d0c00000, 0x00000000d0d00000|  0%| F|  |TAMS 0x00000000d0c00000| PB 0x00000000d0c00000| Untracked 
| 269|0x00000000d0d00000, 0x00000000d0d00000, 0x00000000d0e00000|  0%| F|  |TAMS 0x00000000d0d00000| PB 0x00000000d0d00000| Untracked 
| 270|0x00000000d0e00000, 0x00000000d0e00000, 0x00000000d0f00000|  0%| F|  |TAMS 0x00000000d0e00000| PB 0x00000000d0e00000| Untracked 
| 271|0x00000000d0f00000, 0x00000000d0f00000, 0x00000000d1000000|  0%| F|  |TAMS 0x00000000d0f00000| PB 0x00000000d0f00000| Untracked 
| 272|0x00000000d1000000, 0x00000000d1000000, 0x00000000d1100000|  0%| F|  |TAMS 0x00000000d1000000| PB 0x00000000d1000000| Untracked 
| 273|0x00000000d1100000, 0x00000000d1100000, 0x00000000d1200000|  0%| F|  |TAMS 0x00000000d1100000| PB 0x00000000d1100000| Untracked 
| 274|0x00000000d1200000, 0x00000000d1200000, 0x00000000d1300000|  0%| F|  |TAMS 0x00000000d1200000| PB 0x00000000d1200000| Untracked 
| 275|0x00000000d1300000, 0x00000000d1300000, 0x00000000d1400000|  0%| F|  |TAMS 0x00000000d1300000| PB 0x00000000d1300000| Untracked 
| 276|0x00000000d1400000, 0x00000000d1400000, 0x00000000d1500000|  0%| F|  |TAMS 0x00000000d1400000| PB 0x00000000d1400000| Untracked 
| 277|0x00000000d1500000, 0x00000000d1500000, 0x00000000d1600000|  0%| F|  |TAMS 0x00000000d1500000| PB 0x00000000d1500000| Untracked 
| 278|0x00000000d1600000, 0x00000000d1600000, 0x00000000d1700000|  0%| F|  |TAMS 0x00000000d1600000| PB 0x00000000d1600000| Untracked 
| 279|0x00000000d1700000, 0x00000000d1700000, 0x00000000d1800000|  0%| F|  |TAMS 0x00000000d1700000| PB 0x00000000d1700000| Untracked 
| 280|0x00000000d1800000, 0x00000000d1800000, 0x00000000d1900000|  0%| F|  |TAMS 0x00000000d1800000| PB 0x00000000d1800000| Untracked 
| 281|0x00000000d1900000, 0x00000000d1900000, 0x00000000d1a00000|  0%| F|  |TAMS 0x00000000d1900000| PB 0x00000000d1900000| Untracked 
| 282|0x00000000d1a00000, 0x00000000d1a00000, 0x00000000d1b00000|  0%| F|  |TAMS 0x00000000d1a00000| PB 0x00000000d1a00000| Untracked 
| 283|0x00000000d1b00000, 0x00000000d1b00000, 0x00000000d1c00000|  0%| F|  |TAMS 0x00000000d1b00000| PB 0x00000000d1b00000| Untracked 
| 284|0x00000000d1c00000, 0x00000000d1c00000, 0x00000000d1d00000|  0%| F|  |TAMS 0x00000000d1c00000| PB 0x00000000d1c00000| Untracked 
| 285|0x00000000d1d00000, 0x00000000d1d00000, 0x00000000d1e00000|  0%| F|  |TAMS 0x00000000d1d00000| PB 0x00000000d1d00000| Untracked 
| 286|0x00000000d1e00000, 0x00000000d1e00000, 0x00000000d1f00000|  0%| F|  |TAMS 0x00000000d1e00000| PB 0x00000000d1e00000| Untracked 
| 287|0x00000000d1f00000, 0x00000000d1f00000, 0x00000000d2000000|  0%| F|  |TAMS 0x00000000d1f00000| PB 0x00000000d1f00000| Untracked 
| 288|0x00000000d2000000, 0x00000000d2000000, 0x00000000d2100000|  0%| F|  |TAMS 0x00000000d2000000| PB 0x00000000d2000000| Untracked 
| 289|0x00000000d2100000, 0x00000000d2100000, 0x00000000d2200000|  0%| F|  |TAMS 0x00000000d2100000| PB 0x00000000d2100000| Untracked 
| 290|0x00000000d2200000, 0x00000000d2200000, 0x00000000d2300000|  0%| F|  |TAMS 0x00000000d2200000| PB 0x00000000d2200000| Untracked 
| 291|0x00000000d2300000, 0x00000000d2300000, 0x00000000d2400000|  0%| F|  |TAMS 0x00000000d2300000| PB 0x00000000d2300000| Untracked 
| 292|0x00000000d2400000, 0x00000000d2400000, 0x00000000d2500000|  0%| F|  |TAMS 0x00000000d2400000| PB 0x00000000d2400000| Untracked 
| 293|0x00000000d2500000, 0x00000000d2500000, 0x00000000d2600000|  0%| F|  |TAMS 0x00000000d2500000| PB 0x00000000d2500000| Untracked 
| 294|0x00000000d2600000, 0x00000000d2600000, 0x00000000d2700000|  0%| F|  |TAMS 0x00000000d2600000| PB 0x00000000d2600000| Untracked 
| 295|0x00000000d2700000, 0x00000000d2700000, 0x00000000d2800000|  0%| F|  |TAMS 0x00000000d2700000| PB 0x00000000d2700000| Untracked 
| 296|0x00000000d2800000, 0x00000000d2800000, 0x00000000d2900000|  0%| F|  |TAMS 0x00000000d2800000| PB 0x00000000d2800000| Untracked 
| 297|0x00000000d2900000, 0x00000000d2900000, 0x00000000d2a00000|  0%| F|  |TAMS 0x00000000d2900000| PB 0x00000000d2900000| Untracked 
| 298|0x00000000d2a00000, 0x00000000d2a00000, 0x00000000d2b00000|  0%| F|  |TAMS 0x00000000d2a00000| PB 0x00000000d2a00000| Untracked 
| 299|0x00000000d2b00000, 0x00000000d2b00000, 0x00000000d2c00000|  0%| F|  |TAMS 0x00000000d2b00000| PB 0x00000000d2b00000| Untracked 
| 300|0x00000000d2c00000, 0x00000000d2c00000, 0x00000000d2d00000|  0%| F|  |TAMS 0x00000000d2c00000| PB 0x00000000d2c00000| Untracked 
| 301|0x00000000d2d00000, 0x00000000d2d00000, 0x00000000d2e00000|  0%| F|  |TAMS 0x00000000d2d00000| PB 0x00000000d2d00000| Untracked 
| 302|0x00000000d2e00000, 0x00000000d2e00000, 0x00000000d2f00000|  0%| F|  |TAMS 0x00000000d2e00000| PB 0x00000000d2e00000| Untracked 
| 303|0x00000000d2f00000, 0x00000000d2f00000, 0x00000000d3000000|  0%| F|  |TAMS 0x00000000d2f00000| PB 0x00000000d2f00000| Untracked 
| 304|0x00000000d3000000, 0x00000000d3000000, 0x00000000d3100000|  0%| F|  |TAMS 0x00000000d3000000| PB 0x00000000d3000000| Untracked 
| 305|0x00000000d3100000, 0x00000000d3100000, 0x00000000d3200000|  0%| F|  |TAMS 0x00000000d3100000| PB 0x00000000d3100000| Untracked 
| 306|0x00000000d3200000, 0x00000000d3200000, 0x00000000d3300000|  0%| F|  |TAMS 0x00000000d3200000| PB 0x00000000d3200000| Untracked 
| 307|0x00000000d3300000, 0x00000000d3300000, 0x00000000d3400000|  0%| F|  |TAMS 0x00000000d3300000| PB 0x00000000d3300000| Untracked 
| 308|0x00000000d3400000, 0x00000000d3400000, 0x00000000d3500000|  0%| F|  |TAMS 0x00000000d3400000| PB 0x00000000d3400000| Untracked 
| 309|0x00000000d3500000, 0x00000000d3500000, 0x00000000d3600000|  0%| F|  |TAMS 0x00000000d3500000| PB 0x00000000d3500000| Untracked 
| 310|0x00000000d3600000, 0x00000000d3600000, 0x00000000d3700000|  0%| F|  |TAMS 0x00000000d3600000| PB 0x00000000d3600000| Untracked 
| 311|0x00000000d3700000, 0x00000000d3700000, 0x00000000d3800000|  0%| F|  |TAMS 0x00000000d3700000| PB 0x00000000d3700000| Untracked 
| 312|0x00000000d3800000, 0x00000000d3800000, 0x00000000d3900000|  0%| F|  |TAMS 0x00000000d3800000| PB 0x00000000d3800000| Untracked 
| 313|0x00000000d3900000, 0x00000000d3900000, 0x00000000d3a00000|  0%| F|  |TAMS 0x00000000d3900000| PB 0x00000000d3900000| Untracked 
| 314|0x00000000d3a00000, 0x00000000d3a00000, 0x00000000d3b00000|  0%| F|  |TAMS 0x00000000d3a00000| PB 0x00000000d3a00000| Untracked 
| 315|0x00000000d3b00000, 0x00000000d3b00000, 0x00000000d3c00000|  0%| F|  |TAMS 0x00000000d3b00000| PB 0x00000000d3b00000| Untracked 
| 316|0x00000000d3c00000, 0x00000000d3c00000, 0x00000000d3d00000|  0%| F|  |TAMS 0x00000000d3c00000| PB 0x00000000d3c00000| Untracked 
| 317|0x00000000d3d00000, 0x00000000d3d00000, 0x00000000d3e00000|  0%| F|  |TAMS 0x00000000d3d00000| PB 0x00000000d3d00000| Untracked 
| 318|0x00000000d3e00000, 0x00000000d3e00000, 0x00000000d3f00000|  0%| F|  |TAMS 0x00000000d3e00000| PB 0x00000000d3e00000| Untracked 
| 319|0x00000000d3f00000, 0x00000000d3f00000, 0x00000000d4000000|  0%| F|  |TAMS 0x00000000d3f00000| PB 0x00000000d3f00000| Untracked 
| 320|0x00000000d4000000, 0x00000000d4000000, 0x00000000d4100000|  0%| F|  |TAMS 0x00000000d4000000| PB 0x00000000d4000000| Untracked 
| 321|0x00000000d4100000, 0x00000000d4100000, 0x00000000d4200000|  0%| F|  |TAMS 0x00000000d4100000| PB 0x00000000d4100000| Untracked 
| 322|0x00000000d4200000, 0x00000000d4200000, 0x00000000d4300000|  0%| F|  |TAMS 0x00000000d4200000| PB 0x00000000d4200000| Untracked 
| 323|0x00000000d4300000, 0x00000000d4300000, 0x00000000d4400000|  0%| F|  |TAMS 0x00000000d4300000| PB 0x00000000d4300000| Untracked 
| 324|0x00000000d4400000, 0x00000000d4400000, 0x00000000d4500000|  0%| F|  |TAMS 0x00000000d4400000| PB 0x00000000d4400000| Untracked 
| 325|0x00000000d4500000, 0x00000000d4500000, 0x00000000d4600000|  0%| F|  |TAMS 0x00000000d4500000| PB 0x00000000d4500000| Untracked 
| 326|0x00000000d4600000, 0x00000000d4600000, 0x00000000d4700000|  0%| F|  |TAMS 0x00000000d4600000| PB 0x00000000d4600000| Untracked 

Card table byte_map: [0x0000024b7c960000,0x0000024b7cb60000] _byte_map_base: 0x0000024b7c360000

Marking Bits: (CMBitMap*) 0x0000024b782ff170
 Bits: [0x0000024b7cb60000, 0x0000024b7db60000)

Polling page: 0x0000024b761f0000

Metaspace:

Usage:
  Non-class:    111.98 MB used.
      Class:     18.86 MB used.
       Both:    130.83 MB used.

Virtual space:
  Non-class space:      128.00 MB reserved,     113.12 MB ( 88%) committed,  2 nodes.
      Class space:        1.00 GB reserved,      19.94 MB (  2%) committed,  1 nodes.
             Both:        1.12 GB reserved,     133.06 MB ( 12%) committed. 

Chunk freelists:
   Non-Class:  14.52 MB
       Class:  12.09 MB
        Both:  26.61 MB

MaxMetaspaceSize: unlimited
CompressedClassSpaceSize: 1.00 GB
Initial GC threshold: 21.00 MB
Current GC threshold: 215.00 MB
CDS: off
 - commit_granule_bytes: 65536.
 - commit_granule_words: 8192.
 - virtual_space_node_default_size: 8388608.
 - enlarge_chunks_in_place: 1.
 - use_allocation_guard: 0.


Internal statistics:

num_allocs_failed_limit: 9.
num_arena_births: 4444.
num_arena_deaths: 0.
num_vsnodes_births: 3.
num_vsnodes_deaths: 0.
num_space_committed: 2128.
num_space_uncommitted: 0.
num_chunks_returned_to_freelist: 9.
num_chunks_taken_from_freelist: 10193.
num_chunk_merges: 9.
num_chunk_splits: 6690.
num_chunks_enlarged: 4237.
num_inconsistent_stats: 0.

CodeHeap 'non-profiled nmethods': size=118848Kb used=8873Kb max_used=9028Kb free=109975Kb
 bounds [0x0000024b07bf0000, 0x0000024b084e0000, 0x0000024b0f000000]
CodeHeap 'profiled nmethods': size=118848Kb used=26663Kb max_used=26663Kb free=92184Kb
 bounds [0x0000024b00000000, 0x0000024b01a10000, 0x0000024b07410000]
CodeHeap 'non-nmethods': size=8064Kb used=5451Kb max_used=5517Kb free=2612Kb
 bounds [0x0000024b07410000, 0x0000024b07990000, 0x0000024b07bf0000]
CodeCache: size=245760Kb, used=40987Kb, max_used=41208Kb, free=204771Kb
 total_blobs=14989, nmethods=13962, adapters=927, full_count=0
Compilation: enabled, stopped_count=0, restarted_count=0

Compilation events (20 events):
Event: 13.350 Thread 0x0000024b107d4750 nmethod 16943 0x0000024b00477890 code [0x0000024b00477a40, 0x0000024b00477b88]
Event: 13.350 Thread 0x0000024b108ec7e0 nmethod 16942 0x0000024b018ab590 code [0x0000024b018ab840, 0x0000024b018ac0d0]
Event: 13.350 Thread 0x0000024b107d4750 16945       3       com.android.tools.r8.internal.bl1::c (73 bytes)
Event: 13.350 Thread 0x0000024b1b9cd220 nmethod 16922 0x0000024b0821c510 code [0x0000024b0821c740, 0x0000024b0821d3f8]
Event: 13.350 Thread 0x0000024b1b9cd220 16623       4       com.android.tools.r8.internal.c74::b (83 bytes)
Event: 13.350 Thread 0x0000024b107d4750 nmethod 16945 0x0000024b018aaa10 code [0x0000024b018aac20, 0x0000024b018ab3e8]
Event: 13.351 Thread 0x0000024b108ec7e0 16948       2       com.android.tools.r8.internal.tj::a (130 bytes)
Event: 13.351 Thread 0x0000024b19998070 16949       2       com.android.tools.r8.internal.tj::<init> (151 bytes)
Event: 13.351 Thread 0x0000024b19998070 nmethod 16949 0x0000024b018aa610 code [0x0000024b018aa7c0, 0x0000024b018aa970]
Event: 13.351 Thread 0x0000024b108ec7e0 nmethod 16948 0x0000024b018a9c10 code [0x0000024b018a9e40, 0x0000024b018aa3b8]
Event: 13.354 Thread 0x0000024b108ec7e0 16952       2       com.android.tools.r8.internal.pa4::<init> (5 bytes)
Event: 13.354 Thread 0x0000024b19998070 16953       2       com.android.tools.r8.internal.sa4::<init> (43 bytes)
Event: 13.354 Thread 0x0000024b108ec7e0 nmethod 16952 0x0000024b018a9890 code [0x0000024b018a9a20, 0x0000024b018a9b28]
Event: 13.354 Thread 0x0000024b19998070 nmethod 16953 0x0000024b018a9490 code [0x0000024b018a9640, 0x0000024b018a97f0]
Event: 13.354 Thread 0x0000024b108ec7e0 16954       2       java.lang.Double::doubleToLongBits (16 bytes)
Event: 13.354 Thread 0x0000024b15c470b0 16955       2       java.lang.Double::isNaN (12 bytes)
Event: 13.354 Thread 0x0000024b15c470b0 nmethod 16955 0x0000024b018a9110 code [0x0000024b018a92a0, 0x0000024b018a93b8]
Event: 13.354 Thread 0x0000024b108ec7e0 nmethod 16954 0x0000024b018a8d90 code [0x0000024b018a8f20, 0x0000024b018a9080]
Event: 13.355 Thread 0x0000024b1b9cd220 nmethod 16623 0x0000024b08074490 code [0x0000024b080746a0, 0x0000024b08075210]
Event: 13.355 Thread 0x0000024b1b9cd220 16839       4       java.util.Map::computeIfAbsent (45 bytes)

GC Heap History (20 events):
Event: 12.328 GC heap after
{Heap after GC invocations=49 (full 0):
 garbage-first heap   total 229376K, used 135430K [0x00000000c0000000, 0x0000000100000000)
  region size 1024K, 7 young (7168K), 7 survivors (7168K)
 Metaspace       used 121433K, committed 123648K, reserved 1179648K
  class space    used 17018K, committed 18112K, reserved 1048576K
}
Event: 12.485 GC heap before
{Heap before GC invocations=49 (full 0):
 garbage-first heap   total 229376K, used 206086K [0x00000000c0000000, 0x0000000100000000)
  region size 1024K, 77 young (78848K), 7 survivors (7168K)
 Metaspace       used 122397K, committed 124672K, reserved 1179648K
  class space    used 17187K, committed 18304K, reserved 1048576K
}
Event: 12.490 GC heap after
{Heap after GC invocations=50 (full 0):
 garbage-first heap   total 229376K, used 143785K [0x00000000c0000000, 0x0000000100000000)
  region size 1024K, 10 young (10240K), 10 survivors (10240K)
 Metaspace       used 122397K, committed 124672K, reserved 1179648K
  class space    used 17187K, committed 18304K, reserved 1048576K
}
Event: 12.512 GC heap before
{Heap before GC invocations=50 (full 0):
 garbage-first heap   total 229376K, used 204201K [0x00000000c0000000, 0x0000000100000000)
  region size 1024K, 70 young (71680K), 10 survivors (10240K)
 Metaspace       used 122642K, committed 124864K, reserved 1179648K
  class space    used 17233K, committed 18304K, reserved 1048576K
}
Event: 12.517 GC heap after
{Heap after GC invocations=51 (full 0):
 garbage-first heap   total 229376K, used 157334K [0x00000000c0000000, 0x0000000100000000)
  region size 1024K, 9 young (9216K), 9 survivors (9216K)
 Metaspace       used 122642K, committed 124864K, reserved 1179648K
  class space    used 17233K, committed 18304K, reserved 1048576K
}
Event: 12.560 GC heap before
{Heap before GC invocations=51 (full 0):
 garbage-first heap   total 263168K, used 205462K [0x00000000c0000000, 0x0000000100000000)
  region size 1024K, 57 young (58368K), 9 survivors (9216K)
 Metaspace       used 122899K, committed 125184K, reserved 1179648K
  class space    used 17264K, committed 18368K, reserved 1048576K
}
Event: 12.565 GC heap after
{Heap after GC invocations=52 (full 0):
 garbage-first heap   total 263168K, used 168688K [0x00000000c0000000, 0x0000000100000000)
  region size 1024K, 8 young (8192K), 8 survivors (8192K)
 Metaspace       used 122899K, committed 125184K, reserved 1179648K
  class space    used 17264K, committed 18368K, reserved 1048576K
}
Event: 12.709 GC heap before
{Heap before GC invocations=53 (full 0):
 garbage-first heap   total 263168K, used 233200K [0x00000000c0000000, 0x0000000100000000)
  region size 1024K, 72 young (73728K), 8 survivors (8192K)
 Metaspace       used 123702K, committed 125952K, reserved 1179648K
  class space    used 17394K, committed 18496K, reserved 1048576K
}
Event: 12.713 GC heap after
{Heap after GC invocations=54 (full 0):
 garbage-first heap   total 263168K, used 184805K [0x00000000c0000000, 0x0000000100000000)
  region size 1024K, 9 young (9216K), 9 survivors (9216K)
 Metaspace       used 123702K, committed 125952K, reserved 1179648K
  class space    used 17394K, committed 18496K, reserved 1048576K
}
Event: 12.998 GC heap before
{Heap before GC invocations=54 (full 0):
 garbage-first heap   total 263168K, used 234981K [0x00000000c0000000, 0x0000000100000000)
  region size 1024K, 59 young (60416K), 9 survivors (9216K)
 Metaspace       used 128766K, committed 130944K, reserved 1179648K
  class space    used 18383K, committed 19456K, reserved 1048576K
}
Event: 13.003 GC heap after
{Heap after GC invocations=55 (full 0):
 garbage-first heap   total 263168K, used 190626K [0x00000000c0000000, 0x0000000100000000)
  region size 1024K, 7 young (7168K), 7 survivors (7168K)
 Metaspace       used 128766K, committed 130944K, reserved 1179648K
  class space    used 18383K, committed 19456K, reserved 1048576K
}
Event: 13.056 GC heap before
{Heap before GC invocations=55 (full 0):
 garbage-first heap   total 263168K, used 238754K [0x00000000c0000000, 0x0000000100000000)
  region size 1024K, 54 young (55296K), 7 survivors (7168K)
 Metaspace       used 129387K, committed 131584K, reserved 1179648K
  class space    used 18498K, committed 19584K, reserved 1048576K
}
Event: 13.062 GC heap after
{Heap after GC invocations=56 (full 0):
 garbage-first heap   total 263168K, used 200704K [0x00000000c0000000, 0x0000000100000000)
  region size 1024K, 7 young (7168K), 7 survivors (7168K)
 Metaspace       used 129387K, committed 131584K, reserved 1179648K
  class space    used 18498K, committed 19584K, reserved 1048576K
}
Event: 13.141 GC heap before
{Heap before GC invocations=57 (full 0):
 garbage-first heap   total 334848K, used 238592K [0x00000000c0000000, 0x0000000100000000)
  region size 1024K, 44 young (45056K), 7 survivors (7168K)
 Metaspace       used 130438K, committed 132608K, reserved 1179648K
  class space    used 18757K, committed 19840K, reserved 1048576K
}
Event: 13.147 GC heap after
{Heap after GC invocations=58 (full 0):
 garbage-first heap   total 334848K, used 208404K [0x00000000c0000000, 0x0000000100000000)
  region size 1024K, 6 young (6144K), 6 survivors (6144K)
 Metaspace       used 130438K, committed 132608K, reserved 1179648K
  class space    used 18757K, committed 19840K, reserved 1048576K
}
Event: 13.252 GC heap before
{Heap before GC invocations=58 (full 0):
 garbage-first heap   total 334848K, used 292372K [0x00000000c0000000, 0x0000000100000000)
  region size 1024K, 89 young (91136K), 6 survivors (6144K)
 Metaspace       used 132754K, committed 135040K, reserved 1179648K
  class space    used 19156K, committed 20288K, reserved 1048576K
}
Event: 13.260 GC heap after
{Heap after GC invocations=59 (full 0):
 garbage-first heap   total 334848K, used 223785K [0x00000000c0000000, 0x0000000100000000)
  region size 1024K, 12 young (12288K), 12 survivors (12288K)
 Metaspace       used 132754K, committed 135040K, reserved 1179648K
  class space    used 19156K, committed 20288K, reserved 1048576K
}
Event: 13.310 GC heap before
{Heap before GC invocations=59 (full 0):
 garbage-first heap   total 334848K, used 296489K [0x00000000c0000000, 0x0000000100000000)
  region size 1024K, 84 young (86016K), 12 survivors (12288K)
 Metaspace       used 133435K, committed 135680K, reserved 1179648K
  class space    used 19244K, committed 20352K, reserved 1048576K
}
Event: 13.318 GC heap after
{Heap after GC invocations=60 (full 0):
 garbage-first heap   total 334848K, used 237645K [0x00000000c0000000, 0x0000000100000000)
  region size 1024K, 11 young (11264K), 11 survivors (11264K)
 Metaspace       used 133435K, committed 135680K, reserved 1179648K
  class space    used 19244K, committed 20352K, reserved 1048576K
}
Event: 13.357 GC heap before
{Heap before GC invocations=60 (full 0):
 garbage-first heap   total 334848K, used 301133K [0x00000000c0000000, 0x0000000100000000)
  region size 1024K, 74 young (75776K), 11 survivors (11264K)
 Metaspace       used 133974K, committed 136256K, reserved 1179648K
  class space    used 19309K, committed 20416K, reserved 1048576K
}

Dll operation events (3 events):
Event: 0.010 Loaded shared library D:\android\jbr\bin\java.dll
Event: 0.015 Loaded shared library D:\android\jbr\bin\zip.dll
Event: 0.311 Loaded shared library D:\android\jbr\bin\verify.dll

Deoptimization events (20 events):
Event: 13.349 Thread 0x0000024b19994e30 Uncommon trap: trap_request=0xffffff45 fr.pc=0x0000024b084a7f60 relative=0x00000000000000c0
Event: 13.349 Thread 0x0000024b18b78e90 Uncommon trap: trap_request=0xffffff45 fr.pc=0x0000024b084a7f60 relative=0x00000000000000c0
Event: 13.349 Thread 0x0000024b18b72590 Uncommon trap: trap_request=0xffffff45 fr.pc=0x0000024b084a7f60 relative=0x00000000000000c0
Event: 13.349 Thread 0x0000024b18b78e90 Uncommon trap: reason=unstable_if action=reinterpret pc=0x0000024b084a7f60 method=com.android.tools.r8.internal.bl1.c(Lcom/android/tools/r8/internal/a6;)Z @ 53 c2
Event: 13.349 Thread 0x0000024b19994e30 Uncommon trap: reason=unstable_if action=reinterpret pc=0x0000024b084a7f60 method=com.android.tools.r8.internal.bl1.c(Lcom/android/tools/r8/internal/a6;)Z @ 53 c2
Event: 13.349 Thread 0x0000024b1a406e30 Uncommon trap: trap_request=0xffffff45 fr.pc=0x0000024b084a7f60 relative=0x00000000000000c0
Event: 13.349 Thread 0x0000024b18b72590 Uncommon trap: reason=unstable_if action=reinterpret pc=0x0000024b084a7f60 method=com.android.tools.r8.internal.bl1.c(Lcom/android/tools/r8/internal/a6;)Z @ 53 c2
Event: 13.349 Thread 0x0000024b1a406e30 Uncommon trap: reason=unstable_if action=reinterpret pc=0x0000024b084a7f60 method=com.android.tools.r8.internal.bl1.c(Lcom/android/tools/r8/internal/a6;)Z @ 53 c2
Event: 13.349 Thread 0x0000024b19994e30 DEOPT PACKING pc=0x0000024b084a7f60 sp=0x000000b7fe0fafc0
Event: 13.349 Thread 0x0000024b18b78e90 DEOPT PACKING pc=0x0000024b084a7f60 sp=0x000000b7fcffafd0
Event: 13.349 Thread 0x0000024b18b72590 DEOPT PACKING pc=0x0000024b084a7f60 sp=0x000000b7fc7fae80
Event: 13.349 Thread 0x0000024b1a406e30 DEOPT PACKING pc=0x0000024b084a7f60 sp=0x000000b7febfb160
Event: 13.349 Thread 0x0000024b19993a80 Uncommon trap: trap_request=0xffffff45 fr.pc=0x0000024b084a7f60 relative=0x00000000000000c0
Event: 13.349 Thread 0x0000024b19993a80 Uncommon trap: reason=unstable_if action=reinterpret pc=0x0000024b084a7f60 method=com.android.tools.r8.internal.bl1.c(Lcom/android/tools/r8/internal/a6;)Z @ 53 c2
Event: 13.349 Thread 0x0000024b19994e30 DEOPT UNPACKING pc=0x0000024b07467da2 sp=0x000000b7fe0faf60 mode 2
Event: 13.349 Thread 0x0000024b19993a80 DEOPT PACKING pc=0x0000024b084a7f60 sp=0x000000b7fdafb270
Event: 13.349 Thread 0x0000024b18b72590 DEOPT UNPACKING pc=0x0000024b07467da2 sp=0x000000b7fc7fae20 mode 2
Event: 13.349 Thread 0x0000024b18b78e90 DEOPT UNPACKING pc=0x0000024b07467da2 sp=0x000000b7fcffaf70 mode 2
Event: 13.349 Thread 0x0000024b1a406e30 DEOPT UNPACKING pc=0x0000024b07467da2 sp=0x000000b7febfb100 mode 2
Event: 13.349 Thread 0x0000024b19993a80 DEOPT UNPACKING pc=0x0000024b07467da2 sp=0x000000b7fdafb210 mode 2

Classes loaded (20 events):
Event: 12.237 Loading class com/sun/org/apache/xerces/internal/dom/CharacterDataImpl done
Event: 12.237 Loading class com/sun/org/apache/xerces/internal/dom/TextImpl done
Event: 12.238 Loading class com/sun/org/apache/xerces/internal/dom/CharacterDataImpl$1
Event: 12.238 Loading class com/sun/org/apache/xerces/internal/dom/CharacterDataImpl$1 done
Event: 12.423 Loading class sun/nio/fs/Globs
Event: 12.423 Loading class sun/nio/fs/Globs done
Event: 12.423 Loading class java/util/regex/Pattern$SliceU
Event: 12.423 Loading class java/util/regex/Pattern$SliceU done
Event: 12.423 Loading class sun/nio/fs/WindowsFileSystem$2
Event: 12.423 Loading class sun/nio/fs/WindowsFileSystem$2 done
Event: 12.425 Loading class java/util/zip/ZipFile$ZipEntryIterator
Event: 12.426 Loading class java/util/zip/ZipFile$ZipEntryIterator done
Event: 12.462 Loading class java/util/zip/ZipInputStream
Event: 12.463 Loading class java/util/zip/ZipInputStream done
Event: 12.582 Loading class java/io/UTFDataFormatException
Event: 12.582 Loading class java/io/UTFDataFormatException done
Event: 12.748 Loading class java/util/concurrent/RejectedExecutionException
Event: 12.748 Loading class java/util/concurrent/RejectedExecutionException done
Event: 12.968 Loading class java/util/concurrent/ConcurrentLinkedQueue$Itr
Event: 12.969 Loading class java/util/concurrent/ConcurrentLinkedQueue$Itr done

Classes unloaded (0 events):
No events

Classes redefined (0 events):
No events

Internal exceptions (20 events):
Event: 13.160 Thread 0x0000024b18b72590 Exception <a 'java/lang/NoSuchMethodError'{0x00000000d41f42a0}: 'void java.lang.invoke.DirectMethodHandle$Holder.invokeInterface(java.lang.Object, java.lang.Object, java.lang.Object, int)'> (0x00000000d41f42a0) 
thrown [s\src\hotspot\share\interpreter\linkResolver.cpp, line 784]
Event: 13.160 Thread 0x0000024b18b71f00 Exception <a 'java/lang/NoSuchMethodError'{0x00000000d41fa090}: 'void java.lang.invoke.DirectMethodHandle$Holder.invokeInterface(java.lang.Object, java.lang.Object, java.lang.Object, int)'> (0x00000000d41fa090) 
thrown [s\src\hotspot\share\interpreter\linkResolver.cpp, line 784]
Event: 13.160 Thread 0x0000024b1998e530 Exception <a 'java/lang/NoSuchMethodError'{0x00000000d40bb900}: 'void java.lang.invoke.DirectMethodHandle$Holder.invokeInterface(java.lang.Object, java.lang.Object, java.lang.Object, int)'> (0x00000000d40bb900) 
thrown [s\src\hotspot\share\interpreter\linkResolver.cpp, line 784]
Event: 13.160 Thread 0x0000024b19993a80 Exception <a 'java/lang/NoSuchMethodError'{0x00000000d4050cf8}: 'void java.lang.invoke.DirectMethodHandle$Holder.invokeInterface(java.lang.Object, java.lang.Object, java.lang.Object, int)'> (0x00000000d4050cf8) 
thrown [s\src\hotspot\share\interpreter\linkResolver.cpp, line 784]
Event: 13.160 Thread 0x0000024b18be8440 Exception <a 'java/lang/NoSuchMethodError'{0x00000000d4003408}: 'void java.lang.invoke.DirectMethodHandle$Holder.invokeInterface(java.lang.Object, java.lang.Object, java.lang.Object, int)'> (0x00000000d4003408) 
thrown [s\src\hotspot\share\interpreter\linkResolver.cpp, line 784]
Event: 13.160 Thread 0x0000024b18b78e90 Exception <a 'java/lang/NoSuchMethodError'{0x00000000d407c3b0}: 'void java.lang.invoke.DirectMethodHandle$Holder.invokeInterface(java.lang.Object, java.lang.Object, java.lang.Object, int)'> (0x00000000d407c3b0) 
thrown [s\src\hotspot\share\interpreter\linkResolver.cpp, line 784]
Event: 13.160 Thread 0x0000024b18b79520 Exception <a 'java/lang/NoSuchMethodError'{0x00000000d408d9d8}: 'void java.lang.invoke.DirectMethodHandle$Holder.invokeInterface(java.lang.Object, java.lang.Object, java.lang.Object, int)'> (0x00000000d408d9d8) 
thrown [s\src\hotspot\share\interpreter\linkResolver.cpp, line 784]
Event: 13.160 Thread 0x0000024b199947a0 Exception <a 'java/lang/NoSuchMethodError'{0x00000000d40b8d80}: 'void java.lang.invoke.DirectMethodHandle$Holder.invokeInterface(java.lang.Object, java.lang.Object, java.lang.Object, int)'> (0x00000000d40b8d80) 
thrown [s\src\hotspot\share\interpreter\linkResolver.cpp, line 784]
Event: 13.160 Thread 0x0000024b18b75380 Exception <a 'java/lang/NoSuchMethodError'{0x00000000d40775c8}: 'void java.lang.invoke.DirectMethodHandle$Holder.invokeInterface(java.lang.Object, java.lang.Object, java.lang.Object, int)'> (0x00000000d40775c8) 
thrown [s\src\hotspot\share\interpreter\linkResolver.cpp, line 784]
Event: 13.160 Thread 0x0000024b1a406110 Exception <a 'java/lang/NoSuchMethodError'{0x00000000d406e6a0}: 'void java.lang.invoke.DirectMethodHandle$Holder.invokeInterface(java.lang.Object, java.lang.Object, java.lang.Object, int)'> (0x00000000d406e6a0) 
thrown [s\src\hotspot\share\interpreter\linkResolver.cpp, line 784]
Event: 13.160 Thread 0x0000024b1a406e30 Exception <a 'java/lang/NoSuchMethodError'{0x00000000d4073058}: 'void java.lang.invoke.DirectMethodHandle$Holder.invokeInterface(java.lang.Object, java.lang.Object, java.lang.Object, int)'> (0x00000000d4073058) 
thrown [s\src\hotspot\share\interpreter\linkResolver.cpp, line 784]
Event: 13.160 Thread 0x0000024b1a402c90 Exception <a 'java/lang/NoSuchMethodError'{0x00000000d4334d40}: 'void java.lang.invoke.DirectMethodHandle$Holder.invokeInterface(java.lang.Object, java.lang.Object, java.lang.Object, int)'> (0x00000000d4334d40) 
thrown [s\src\hotspot\share\interpreter\linkResolver.cpp, line 784]
Event: 13.160 Thread 0x0000024b18be7720 Exception <a 'java/lang/NoSuchMethodError'{0x00000000d405b5c0}: 'void java.lang.invoke.DirectMethodHandle$Holder.invokeInterface(java.lang.Object, java.lang.Object, java.lang.Object, int)'> (0x00000000d405b5c0) 
thrown [s\src\hotspot\share\interpreter\linkResolver.cpp, line 784]
Event: 13.160 Thread 0x0000024b199919b0 Exception <a 'java/lang/NoSuchMethodError'{0x00000000d40691b0}: 'void java.lang.invoke.DirectMethodHandle$Holder.invokeInterface(java.lang.Object, java.lang.Object, java.lang.Object, int)'> (0x00000000d40691b0) 
thrown [s\src\hotspot\share\interpreter\linkResolver.cpp, line 784]
Event: 13.160 Thread 0x0000024b19994e30 Exception <a 'java/lang/NoSuchMethodError'{0x00000000d41e2dc8}: 'void java.lang.invoke.DirectMethodHandle$Holder.invokeInterface(java.lang.Object, java.lang.Object, java.lang.Object, int)'> (0x00000000d41e2dc8) 
thrown [s\src\hotspot\share\interpreter\linkResolver.cpp, line 784]
Event: 13.160 Thread 0x0000024b199954c0 Exception <a 'java/lang/NoSuchMethodError'{0x00000000d406cb60}: 'void java.lang.invoke.DirectMethodHandle$Holder.invokeInterface(java.lang.Object, java.lang.Object, java.lang.Object, int)'> (0x00000000d406cb60) 
thrown [s\src\hotspot\share\interpreter\linkResolver.cpp, line 784]
Event: 13.173 Thread 0x0000024b18b78e90 Implicit null exception at 0x0000024b084b4d57 to 0x0000024b084b6f18
Event: 13.173 Thread 0x0000024b18b74cf0 Implicit null exception at 0x0000024b084b4d57 to 0x0000024b084b6f18
Event: 13.173 Thread 0x0000024b1a405a80 Implicit null exception at 0x0000024b084b4d57 to 0x0000024b084b6f18
Event: 13.173 Thread 0x0000024b1a406e30 Implicit null exception at 0x0000024b084b4d57 to 0x0000024b084b6f18

ZGC Phase Switch (0 events):
No events

VM Operations (20 events):
Event: 13.231 Executing VM operation: HandshakeAllThreads (Deoptimize) done
Event: 13.234 Executing VM operation: HandshakeAllThreads (Deoptimize)
Event: 13.234 Executing VM operation: HandshakeAllThreads (Deoptimize) done
Event: 13.238 Executing VM operation: HandshakeAllThreads (Deoptimize)
Event: 13.239 Executing VM operation: HandshakeAllThreads (Deoptimize) done
Event: 13.241 Executing VM operation: HandshakeAllThreads (Deoptimize)
Event: 13.242 Executing VM operation: HandshakeAllThreads (Deoptimize) done
Event: 13.244 Executing VM operation: HandshakeAllThreads (Deoptimize)
Event: 13.245 Executing VM operation: HandshakeAllThreads (Deoptimize) done
Event: 13.252 Executing VM operation: G1CollectForAllocation (G1 Evacuation Pause)
Event: 13.260 Executing VM operation: G1CollectForAllocation (G1 Evacuation Pause) done
Event: 13.282 Executing VM operation: HandshakeAllThreads (Deoptimize)
Event: 13.283 Executing VM operation: HandshakeAllThreads (Deoptimize) done
Event: 13.293 Executing VM operation: HandshakeAllThreads (Deoptimize)
Event: 13.294 Executing VM operation: HandshakeAllThreads (Deoptimize) done
Event: 13.301 Executing VM operation: HandshakeAllThreads (Deoptimize)
Event: 13.302 Executing VM operation: HandshakeAllThreads (Deoptimize) done
Event: 13.310 Executing VM operation: G1CollectForAllocation (G1 Evacuation Pause)
Event: 13.318 Executing VM operation: G1CollectForAllocation (G1 Evacuation Pause) done
Event: 13.357 Executing VM operation: G1CollectForAllocation (G1 Evacuation Pause)

Memory protections (0 events):
No events

Nmethod flushes (20 events):
Event: 13.100 Thread 0x0000024b106cefb0 flushing  nmethod 0x0000024b00cafe90
Event: 13.100 Thread 0x0000024b106cefb0 flushing  nmethod 0x0000024b00cb1490
Event: 13.100 Thread 0x0000024b106cefb0 flushing  nmethod 0x0000024b00e70c90
Event: 13.100 Thread 0x0000024b106cefb0 flushing  nmethod 0x0000024b01730110
Event: 13.100 Thread 0x0000024b106cefb0 flushing  nmethod 0x0000024b01734e90
Event: 13.100 Thread 0x0000024b106cefb0 flushing  nmethod 0x0000024b07f9b910
Event: 13.100 Thread 0x0000024b106cefb0 flushing  nmethod 0x0000024b0838ee10
Event: 13.100 Thread 0x0000024b106cefb0 flushing  nmethod 0x0000024b00330c10
Event: 13.100 Thread 0x0000024b106cefb0 flushing  nmethod 0x0000024b007d2a10
Event: 13.100 Thread 0x0000024b106cefb0 flushing  nmethod 0x0000024b007d4c90
Event: 13.100 Thread 0x0000024b106cefb0 flushing  nmethod 0x0000024b00d09b90
Event: 13.100 Thread 0x0000024b106cefb0 flushing  nmethod 0x0000024b00d0a410
Event: 13.100 Thread 0x0000024b106cefb0 flushing  nmethod 0x0000024b00e38f90
Event: 13.100 Thread 0x0000024b106cefb0 flushing  nmethod 0x0000024b00e3a410
Event: 13.100 Thread 0x0000024b106cefb0 flushing  nmethod 0x0000024b00e3f710
Event: 13.100 Thread 0x0000024b106cefb0 flushing  nmethod 0x0000024b08249b90
Event: 13.100 Thread 0x0000024b106cefb0 flushing  nmethod 0x0000024b00029210
Event: 13.100 Thread 0x0000024b106cefb0 flushing  nmethod 0x0000024b00196110
Event: 13.100 Thread 0x0000024b106cefb0 flushing  nmethod 0x0000024b003a5210
Event: 13.100 Thread 0x0000024b106cefb0 flushing  nmethod 0x0000024b0043ad90

Events (20 events):
Event: 12.281 Thread 0x0000024b20449530 Thread added: 0x0000024b1abdaa60
Event: 12.281 Thread 0x0000024b20449530 Thread added: 0x0000024b1abbf940
Event: 12.281 Thread 0x0000024b20449530 Thread added: 0x0000024b1abc1380
Event: 12.282 Thread 0x0000024b20449530 Thread added: 0x0000024b1abbf2b0
Event: 12.282 Thread 0x0000024b20449530 Thread added: 0x0000024b1abbec20
Event: 12.282 Thread 0x0000024b20449530 Thread added: 0x0000024b1abc1a10
Event: 12.282 Thread 0x0000024b20449530 Thread added: 0x0000024b1abc2dc0
Event: 12.282 Thread 0x0000024b20449530 Thread added: 0x0000024b1abbffd0
Event: 12.282 Thread 0x0000024b20449530 Thread added: 0x0000024b1abc20a0
Event: 12.282 Thread 0x0000024b20449530 Thread added: 0x0000024b1abc2730
Event: 12.282 Thread 0x0000024b20449530 Thread added: 0x0000024b1abc3450
Event: 12.282 Thread 0x0000024b20449530 Thread added: 0x0000024b1abc0cf0
Event: 12.282 Thread 0x0000024b20449530 Thread added: 0x0000024b1abc3ae0
Event: 12.283 Thread 0x0000024b20449530 Thread added: 0x0000024b1abc0660
Event: 12.283 Thread 0x0000024b20449530 Thread added: 0x0000024b1abc4800
Event: 12.283 Thread 0x0000024b20449530 Thread added: 0x0000024b1abc5bb0
Event: 12.283 Thread 0x0000024b20449530 Thread added: 0x0000024b1abc4170
Event: 12.283 Thread 0x0000024b20449530 Thread added: 0x0000024b1abc8310
Event: 12.283 Thread 0x0000024b20449530 Thread added: 0x0000024b1abc7c80
Event: 12.283 Thread 0x0000024b20449530 Thread added: 0x0000024b1abc4e90


Dynamic libraries:
0x00007ff7c6870000 - 0x00007ff7c687a000 	D:\android\jbr\bin\java.exe
0x00007ff91d2e0000 - 0x00007ff91d547000 	C:\WINDOWS\SYSTEM32\ntdll.dll
0x00007ff91bc30000 - 0x00007ff91bcf9000 	C:\WINDOWS\System32\KERNEL32.DLL
0x00007ff91a9a0000 - 0x00007ff91ad91000 	C:\WINDOWS\System32\KERNELBASE.dll
0x00007ff91a820000 - 0x00007ff91a96b000 	C:\WINDOWS\System32\ucrtbase.dll
0x00007ff8fe960000 - 0x00007ff8fe978000 	D:\android\jbr\bin\jli.dll
0x00007ff901c80000 - 0x00007ff901c9b000 	D:\android\jbr\bin\VCRUNTIME140.dll
0x00007ff91cc40000 - 0x00007ff91ce05000 	C:\WINDOWS\System32\USER32.dll
0x00007ff8faf10000 - 0x00007ff8fb1a3000 	C:\WINDOWS\WinSxS\amd64_microsoft.windows.common-controls_6595b64144ccf1df_6.0.26100.8037_none_3e092faae333b53b\COMCTL32.dll
0x00007ff91a970000 - 0x00007ff91a997000 	C:\WINDOWS\System32\win32u.dll
0x00007ff91c290000 - 0x00007ff91c2bb000 	C:\WINDOWS\System32\GDI32.dll
0x00007ff91c5d0000 - 0x00007ff91c679000 	C:\WINDOWS\System32\msvcrt.dll
0x00007ff91a580000 - 0x00007ff91a6ab000 	C:\WINDOWS\System32\gdi32full.dll
0x00007ff91afd0000 - 0x00007ff91b073000 	C:\WINDOWS\System32\msvcp_win.dll
0x00007ff91bd30000 - 0x00007ff91bd61000 	C:\WINDOWS\System32\IMM32.DLL
0x00007ff901bd0000 - 0x00007ff901bdc000 	D:\android\jbr\bin\vcruntime140_1.dll
0x00007ff8bd450000 - 0x00007ff8bd4dd000 	D:\android\jbr\bin\msvcp140.dll
0x00007fffb3610000 - 0x00007fffb42a6000 	D:\android\jbr\bin\server\jvm.dll
0x00007ff91c2c0000 - 0x00007ff91c37b000 	C:\WINDOWS\System32\ADVAPI32.dll
0x00007ff91b090000 - 0x00007ff91b137000 	C:\WINDOWS\System32\sechost.dll
0x00007ff91bdc0000 - 0x00007ff91bed8000 	C:\WINDOWS\System32\RPCRT4.dll
0x00007ff91bbb0000 - 0x00007ff91bc24000 	C:\WINDOWS\System32\WS2_32.dll
0x00007ff919870000 - 0x00007ff9198ce000 	C:\WINDOWS\SYSTEM32\POWRPROF.dll
0x00007ff90cd10000 - 0x00007ff90cd45000 	C:\WINDOWS\SYSTEM32\WINMM.dll
0x00007ff912f90000 - 0x00007ff912f9b000 	C:\WINDOWS\SYSTEM32\VERSION.dll
0x00007ff919850000 - 0x00007ff919864000 	C:\WINDOWS\SYSTEM32\UMPDC.dll
0x00007ff918950000 - 0x00007ff91896b000 	C:\WINDOWS\SYSTEM32\kernel.appcore.dll
0x00007ff8fe990000 - 0x00007ff8fe99a000 	D:\android\jbr\bin\jimage.dll
0x00007ff917770000 - 0x00007ff9179b2000 	C:\WINDOWS\SYSTEM32\DBGHELP.DLL
0x00007ff91ce10000 - 0x00007ff91d192000 	C:\WINDOWS\System32\combase.dll
0x00007ff91bee0000 - 0x00007ff91bfb7000 	C:\WINDOWS\System32\OLEAUT32.dll
0x00007ff8f8e80000 - 0x00007ff8f8ebb000 	C:\WINDOWS\SYSTEM32\dbgcore.DLL
0x00007ff91af20000 - 0x00007ff91afc5000 	C:\WINDOWS\System32\bcryptPrimitives.dll
0x00007ff8fe980000 - 0x00007ff8fe98e000 	D:\android\jbr\bin\instrument.dll
0x00007ff8fe940000 - 0x00007ff8fe960000 	D:\android\jbr\bin\java.dll
0x00007ff8ebd20000 - 0x00007ff8ebd38000 	D:\android\jbr\bin\zip.dll
0x00007ff91b440000 - 0x00007ff91bb9f000 	C:\WINDOWS\System32\SHELL32.dll
0x00007ff91a6b0000 - 0x00007ff91a81a000 	C:\WINDOWS\System32\wintypes.dll
0x00007ff919d10000 - 0x00007ff91a574000 	C:\WINDOWS\System32\windows.storage.dll
0x00007ff91d1a0000 - 0x00007ff91d297000 	C:\WINDOWS\System32\SHCORE.dll
0x00007ff91c220000 - 0x00007ff91c287000 	C:\WINDOWS\System32\shlwapi.dll
0x00007ff919ae0000 - 0x00007ff919b09000 	C:\WINDOWS\SYSTEM32\profapi.dll
0x00007ff8fe930000 - 0x00007ff8fe940000 	D:\android\jbr\bin\net.dll
0x00007ff9139d0000 - 0x00007ff913af7000 	C:\WINDOWS\SYSTEM32\WINHTTP.dll
0x00007ff918ec0000 - 0x00007ff918f2b000 	C:\WINDOWS\system32\mswsock.dll
0x00007ff8ebd00000 - 0x00007ff8ebd16000 	D:\android\jbr\bin\nio.dll
0x00007ff8e0500000 - 0x00007ff8e0510000 	D:\android\jbr\bin\verify.dll
0x00007ff8e7860000 - 0x00007ff8e7887000 	C:\Users\30720\.gradle\native\1def1411415f61bf3af743bc5b6707747c0891f09f0c88961ee8f79bc544acac\windows-amd64\native-platform.dll
0x00007ff88db80000 - 0x00007ff88dbf8000 	C:\Users\30720\.gradle\native\0.2.7\x86_64-windows-gnu\gradle-fileevents.dll
0x00007ff8ebcf0000 - 0x00007ff8ebcf9000 	D:\android\jbr\bin\management.dll
0x00007ff8e4ee0000 - 0x00007ff8e4eeb000 	D:\android\jbr\bin\management_ext.dll
0x00007ff91c560000 - 0x00007ff91c568000 	C:\WINDOWS\System32\PSAPI.DLL
0x00007ff918470000 - 0x00007ff9184a3000 	C:\WINDOWS\SYSTEM32\IPHLPAPI.DLL
0x00007ff91b080000 - 0x00007ff91b08a000 	C:\WINDOWS\System32\NSI.dll
0x00007ff8e1760000 - 0x00007ff8e1769000 	D:\android\jbr\bin\extnet.dll
0x00007ff9191a0000 - 0x00007ff9191bb000 	C:\WINDOWS\SYSTEM32\CRYPTSP.dll
0x00007ff9188b0000 - 0x00007ff9188e9000 	C:\WINDOWS\system32\rsaenh.dll
0x00007ff918f70000 - 0x00007ff918fa2000 	C:\WINDOWS\SYSTEM32\USERENV.dll
0x00007ff919ab0000 - 0x00007ff919ada000 	C:\WINDOWS\SYSTEM32\bcrypt.dll
0x00007ff9191c0000 - 0x00007ff9191cc000 	C:\WINDOWS\SYSTEM32\CRYPTBASE.dll
0x00007ff8fcb90000 - 0x00007ff8fcb98000 	C:\WINDOWS\system32\wshunix.dll
0x00007ff8ebe20000 - 0x00007ff8ebe38000 	C:\WINDOWS\system32\napinsp.dll
0x00007ff9184b0000 - 0x00007ff9185da000 	C:\WINDOWS\SYSTEM32\DNSAPI.dll
0x00007ff8ebc50000 - 0x00007ff8ebc62000 	C:\WINDOWS\System32\winrnr.dll
0x00007ff912600000 - 0x00007ff912616000 	C:\WINDOWS\system32\wshbth.dll
0x00007ff8ebc20000 - 0x00007ff8ebc42000 	C:\WINDOWS\system32\nlansp_c.dll
0x00007ff9127c0000 - 0x00007ff9127cb000 	C:\Windows\System32\rasadhlp.dll
0x00007ff913da0000 - 0x00007ff913e26000 	C:\WINDOWS\System32\fwpuclnt.dll

JVMTI agents:
C:\Users\30720\.gradle\wrapper\dists\gradle-8.13-bin\5xuhj0ry160q40clulazy9h7d\gradle-8.13\lib\agents\gradle-instrumentation-agent-8.13.jar path:D:\android\jbr\bin\instrument.dll, loaded, initialized, instrumentlib options:none

dbghelp: loaded successfully - version: 4.0.5 - missing functions: none
symbol engine: initialized successfully - sym options: 0x614 - pdb path: .;D:\android\jbr\bin;C:\WINDOWS\SYSTEM32;C:\WINDOWS\WinSxS\amd64_microsoft.windows.common-controls_6595b64144ccf1df_6.0.26100.8037_none_3e092faae333b53b;D:\android\jbr\bin\server;C:\Users\30720\.gradle\native\1def1411415f61bf3af743bc5b6707747c0891f09f0c88961ee8f79bc544acac\windows-amd64;C:\Users\30720\.gradle\native\0.2.7\x86_64-windows-gnu

VM Arguments:
jvm_args: --add-opens=java.base/java.lang=ALL-UNNAMED --add-opens=java.base/java.lang.invoke=ALL-UNNAMED --add-opens=java.base/java.util=ALL-UNNAMED --add-opens=java.prefs/java.util.prefs=ALL-UNNAMED --add-exports=jdk.compiler/com.sun.tools.javac.api=ALL-UNNAMED --add-exports=jdk.compiler/com.sun.tools.javac.util=ALL-UNNAMED --add-opens=java.base/java.util=ALL-UNNAMED --add-opens=java.prefs/java.util.prefs=ALL-UNNAMED --add-opens=java.base/java.nio.charset=ALL-UNNAMED --add-opens=java.base/java.net=ALL-UNNAMED --add-opens=java.base/java.util.concurrent.atomic=ALL-UNNAMED --add-opens=java.xml/javax.xml.namespace=ALL-UNNAMED -Xmx1024m -Dfile.encoding=UTF-8 -Duser.country=CN -Duser.language=zh -Duser.variant -javaagent:C:\Users\30720\.gradle\wrapper\dists\gradle-8.13-bin\5xuhj0ry160q40clulazy9h7d\gradle-8.13\lib\agents\gradle-instrumentation-agent-8.13.jar 
java_command: org.gradle.launcher.daemon.bootstrap.GradleDaemon 8.13
java_class_path (initial): C:\Users\30720\.gradle\wrapper\dists\gradle-8.13-bin\5xuhj0ry160q40clulazy9h7d\gradle-8.13\lib\gradle-daemon-main-8.13.jar
Launcher Type: SUN_STANDARD

[Global flags]
     intx CICompilerCount                          = 15                                        {product} {ergonomic}
     uint ConcGCThreads                            = 6                                         {product} {ergonomic}
     uint G1ConcRefinementThreads                  = 23                                        {product} {ergonomic}
   size_t G1HeapRegionSize                         = 1048576                                   {product} {ergonomic}
    uintx GCDrainStackTargetSize                   = 64                                        {product} {ergonomic}
   size_t InitialHeapSize                          = 255852544                                 {product} {ergonomic}
   size_t MarkStackSize                            = 4194304                                   {product} {ergonomic}
   size_t MaxHeapSize                              = 1073741824                                {product} {command line}
   size_t MaxNewSize                               = 643825664                                 {product} {ergonomic}
   size_t MinHeapDeltaBytes                        = 1048576                                   {product} {ergonomic}
   size_t MinHeapSize                              = 8388608                                   {product} {ergonomic}
    uintx NonNMethodCodeHeapSize                   = 8192380                                {pd product} {ergonomic}
    uintx NonProfiledCodeHeapSize                  = 121732930                              {pd product} {ergonomic}
    uintx ProfiledCodeHeapSize                     = 121732930                              {pd product} {ergonomic}
    uintx ReservedCodeCacheSize                    = 251658240                              {pd product} {ergonomic}
     bool SegmentedCodeCache                       = true                                      {product} {ergonomic}
   size_t SoftMaxHeapSize                          = 1073741824                             {manageable} {ergonomic}
     bool UseCompressedOops                        = true                           {product lp64_product} {ergonomic}
     bool UseG1GC                                  = true                                      {product} {ergonomic}
     bool UseLargePagesIndividualAllocation        = false                                  {pd product} {ergonomic}

Logging:
Log output configuration:
 #0: stdout all=warning uptime,level,tags foldmultilines=false
 #1: stderr all=off uptime,level,tags foldmultilines=false

Environment Variables:
JAVA_HOME=D:\jdk17\jdk
PATH=D:\jdk17\jdk\bin;C:\Program Files\Common Files\Oracle\Java\javapath;D:\virtual\bin\;D:\jdk17\jdk\bin;C:\Windows\system32;C:\Windows;C:\Windows\System32\Wbem;C:\Windows\System32\WindowsPowerShell\v1.0\;C:\Windows\System32\OpenSSH\;C:\Program Files (x86)\NVIDIA Corporation\PhysX\Common;C:\Program Files\dotnet\;C:\WINDOWS\system32;C:\WINDOWS;C:\WINDOWS\System32\Wbem;C:\WINDOWS\System32\WindowsPowerShell\v1.0\;C:\WINDOWS\System32\OpenSSH\;D:\Development\Node\;D:\Development\Git\cmd;D:\Development\apache-maven-3.9.11\bin;D:\Development\mysql-8.0.43-winx64\bin;D:\mysql\MySQL Server 8.0\bin;D:\kotlin\kotlinc\bin;D:\jdk11\bin;D:\MySQL\MySQL Shell 8.0\bin\;C:\Users\30720\AppData\Local\Microsoft\WindowsApps;D:\VSCode\Microsoft VS Code\bin;C:\Users\30720\AppData\Roaming\npm;D:\Cursor\cursor\resources\app\bin
USERNAME=30720
OS=Windows_NT
PROCESSOR_IDENTIFIER=AMD64 Family 25 Model 97 Stepping 2, AuthenticAMD
TMP=C:\Users\30720\AppData\Local\Temp
TEMP=C:\Users\30720\AppData\Local\Temp




Periodic native trim disabled

JNI global refs:
JNI global refs: 41, weak refs: 66

JNI global refs memory usage: 835, weak refs: 1465

Process memory usage:
Resident Set Size: 743424K (4% of 15912988K total physical memory with 508268K free physical memory)

OOME stack traces (most recent first):
Classloader memory used:
Loader org.gradle.internal.classloader.VisitableURLClassLoader                         : 45321K
Loader org.gradle.internal.classloader.VisitableURLClassLoader$InstrumentingVisitableURLClassLoader: 43328K
Loader bootstrap                                                                       : 30308K
Loader org.gradle.initialization.MixInLegacyTypesClassLoader                           : 13405K
Loader jdk.internal.loader.ClassLoaders$PlatformClassLoader                            : 566K
Loader jdk.internal.reflect.DelegatingClassLoader                                      : 393K
Loader org.gradle.internal.classloader.VisitableURLClassLoader                         : 251K
Loader jdk.internal.loader.ClassLoaders$AppClassLoader                                 : 235K
Loader org.gradle.groovy.scripts.internal.DefaultScriptCompilationHandler$ScriptClassLoader: 134K
Loader org.codehaus.groovy.runtime.callsite.CallSiteClassLoader                        : 27480B

Classes loaded by more than one classloader:
Class Program                                                                         : loaded 5 times (x 72B)
Class Build_gradle                                                                    : loaded 3 times (x 130B)
Class Build_gradle$1                                                                  : loaded 3 times (x 74B)
Class org.gradle.internal.classloader.FilteringClassLoader                            : loaded 2 times (x 105B)
Class com.google.common.base.CharMatcher$IsEither                                     : loaded 2 times (x 111B)
Class org.gradle.internal.classloader.ClassLoaderHierarchy                            : loaded 2 times (x 70B)
Class com.google.common.collect.ImmutableEnumSet                                      : loaded 2 times (x 146B)
Class com.google.common.util.concurrent.ExecutionError                                : loaded 2 times (x 82B)
Class com.google.common.collect.ImmutableList$1                                       : loaded 2 times (x 97B)
Class org.gradle.api.internal.classpath.ManifestUtil                                  : loaded 2 times (x 71B)
Class com.google.common.io.ByteArrayDataOutput                                        : loaded 2 times (x 70B)
Class com.google.common.collect.RegularImmutableMap                                   : loaded 2 times (x 121B)
Class com.google.common.collect.ImmutableMap$MapViewOfValuesAsSingletonSets           : loaded 2 times (x 126B)
Class [Lorg.objectweb.asm.Symbol;                                                     : loaded 2 times (x 69B)
Class org.objectweb.asm.ClassVisitor                                                  : loaded 2 times (x 88B)
Class com.google.common.collect.UnmodifiableListIterator                              : loaded 2 times (x 95B)
Class com.google.common.base.Platform$JdkPatternCompiler                              : loaded 2 times (x 75B)
Class org.objectweb.asm.MethodTooLargeException                                       : loaded 2 times (x 83B)
Class [Lcom.google.common.cache.CacheBuilder$OneWeigher;                              : loaded 2 times (x 69B)
Class com.google.common.base.Suppliers                                                : loaded 2 times (x 71B)
Class org.gradle.internal.classloader.DefaultClassLoaderFactory                       : loaded 2 times (x 82B)
Class org.gradle.internal.classloader.ClassLoaderVisitor                              : loaded 2 times (x 76B)
Class [Lcom.google.common.collect.ImmutableMapEntry;                                  : loaded 2 times (x 69B)
Class org.gradle.api.internal.classpath.EffectiveClassPath                            : loaded 2 times (x 90B)
Class com.google.common.collect.ImmutableRangeSet                                     : loaded 2 times (x 115B)
Class com.google.common.collect.ListMultimap                                          : loaded 2 times (x 70B)
Class com.google.common.collect.ImmutableEnumMap                                      : loaded 2 times (x 126B)
Class com.google.common.collect.Sets$1                                                : loaded 2 times (x 139B)
Class org.objectweb.asm.AnnotationVisitor                                             : loaded 2 times (x 78B)
Class org.gradle.api.internal.DefaultClassPathProvider                                : loaded 2 times (x 76B)
Class com.google.common.collect.Sets$2                                                : loaded 2 times (x 139B)
Class [Lorg.gradle.api.internal.ClassPathProvider;                                    : loaded 2 times (x 69B)
Class org.gradle.api.internal.ClassPathProvider                                       : loaded 2 times (x 70B)
Class [Lorg.objectweb.asm.AnnotationVisitor;                                          : loaded 2 times (x 69B)
Class com.google.common.collect.Sets$3                                                : loaded 2 times (x 139B)
Class com.google.common.util.concurrent.AbstractFuture$SafeAtomicHelper               : loaded 2 times (x 79B)
Class com.google.common.cache.LocalCache$LocalLoadingCache                            : loaded 2 times (x 134B)
Class org.gradle.internal.service.UnknownServiceException                             : loaded 2 times (x 83B)
Class com.google.common.io.ByteArrayDataInput                                         : loaded 2 times (x 70B)
Class com.google.common.collect.Sets$4                                                : loaded 2 times (x 139B)
Class org.objectweb.asm.ModuleVisitor                                                 : loaded 2 times (x 81B)
Class com.google.common.cache.LocalCache$Strength$1                                   : loaded 2 times (x 81B)
Class com.google.common.util.concurrent.SettableFuture                                : loaded 2 times (x 114B)
Class com.google.common.cache.LocalCache$Strength$2                                   : loaded 2 times (x 81B)
Class com.google.common.io.ByteStreams                                                : loaded 2 times (x 71B)
Class com.google.common.cache.LocalCache$Strength$3                                   : loaded 2 times (x 81B)
Class com.google.common.collect.MapDifference                                         : loaded 2 times (x 70B)
Class org.objectweb.asm.FieldWriter                                                   : loaded 2 times (x 78B)
Class com.google.common.cache.CacheBuilder$NullListener                               : loaded 2 times (x 82B)
Class org.gradle.internal.classpath.TransformedClassPath                              : loaded 2 times (x 96B)
Class org.gradle.internal.classloader.InstrumentingClassLoader                        : loaded 2 times (x 70B)
Class com.google.common.collect.ImmutableRangeSet$AsSet                               : loaded 2 times (x 300B)
Class com.google.common.cache.CacheLoader$FunctionToCacheLoader                       : loaded 2 times (x 75B)
Class com.google.common.collect.Iterators$ArrayItr                                    : loaded 2 times (x 97B)
Class com.google.common.collect.ImmutableCollection$Builder                           : loaded 2 times (x 76B)
Class com.google.common.base.Joiner                                                   : loaded 2 times (x 79B)
Class com.google.common.base.MoreObjects                                              : loaded 2 times (x 71B)
Class com.google.common.collect.Platform                                              : loaded 2 times (x 71B)
Class [Lorg.objectweb.asm.Type;                                                       : loaded 2 times (x 69B)
Class com.google.common.collect.UnmodifiableIterator                                  : loaded 2 times (x 80B)
Class ijJvmDebugger1_3xxqusycus09xhegbopcatr1g$_run_closure1$_closure2                : loaded 2 times (x 140B)
Class org.gradle.internal.service.ServiceLocator                                      : loaded 2 times (x 70B)
Class com.google.common.base.Ascii                                                    : loaded 2 times (x 71B)
Class com.google.common.collect.SingletonImmutableBiMap                               : loaded 2 times (x 143B)
Class com.google.common.cache.LocalCache$1                                            : loaded 2 times (x 89B)
Class com.google.common.collect.AbstractMapEntry                                      : loaded 2 times (x 81B)
Class com.google.common.collect.Sets$ImprovedAbstractSet                              : loaded 2 times (x 135B)
Class com.google.common.collect.ImmutableList$Builder                                 : loaded 2 times (x 77B)
Class com.google.common.collect.AbstractMultimap                                      : loaded 2 times (x 123B)
Class com.google.common.cache.LocalCache$2                                            : loaded 2 times (x 142B)
Class com.google.common.collect.ImmutableRangeSet$1                                   : loaded 2 times (x 210B)
Class com.google.common.util.concurrent.AbstractFuture$UnsafeAtomicHelper$1           : loaded 2 times (x 76B)
Class com.google.common.collect.RegularImmutableAsList                                : loaded 2 times (x 217B)
Class com.google.common.collect.Range                                                 : loaded 2 times (x 87B)
Class com.google.common.util.concurrent.AbstractFuture$Trusted                        : loaded 2 times (x 70B)
Class com.google.common.collect.Iterators                                             : loaded 2 times (x 71B)
Class com.google.common.collect.Lists$StringAsImmutableList                           : loaded 2 times (x 207B)
Class com.google.common.util.concurrent.UncheckedExecutionException                   : loaded 2 times (x 82B)
Class org.gradle.kotlin.dsl.VersionCatalogAccessorsKt                                 : loaded 2 times (x 71B)
Class org.gradle.internal.InternalTransformer                                         : loaded 2 times (x 70B)
Class com.google.common.collect.AbstractMapBasedMultimap$KeySet$1                     : loaded 2 times (x 82B)
Class org.objectweb.asm.ClassWriter                                                   : loaded 2 times (x 106B)
Class com.google.common.cache.CacheLoader$UnsupportedLoadingOperationException        : loaded 2 times (x 82B)
Class com.google.common.base.CharMatcher$And                                          : loaded 2 times (x 112B)
Class org.gradle.internal.classloader.ClasspathUtil$1                                 : loaded 2 times (x 76B)
Class org.objectweb.asm.FieldVisitor                                                  : loaded 2 times (x 77B)
Class com.google.common.collect.IndexedImmutableSet                                   : loaded 2 times (x 152B)
Class com.google.common.collect.ImmutableMap$1                                        : loaded 2 times (x 81B)
Class com.google.common.collect.BiMap                                                 : loaded 2 times (x 70B)
Class org.gradle.api.internal.classpath.DefaultModuleRegistry$DefaultModule           : loaded 2 times (x 86B)
Class com.google.common.primitives.Ints                                               : loaded 2 times (x 71B)
Class com.google.common.collect.AbstractIterator                                      : loaded 2 times (x 82B)
Class com.google.common.collect.ObjectArrays                                          : loaded 2 times (x 71B)
Class com.google.common.collect.RegularImmutableMap$KeySet                            : loaded 2 times (x 152B)
Class com.google.common.collect.ArrayListMultimapGwtSerializationDependencies         : loaded 2 times (x 172B)
Class com.google.common.collect.AbstractIndexedListIterator                           : loaded 2 times (x 96B)
Class com.google.common.math.MathPreconditions                                        : loaded 2 times (x 71B)
Class com.google.common.collect.ImmutableMapEntrySet                                  : loaded 2 times (x 152B)
Class org.gradle.api.internal.classpath.Module                                        : loaded 2 times (x 70B)
Class com.google.common.cache.Weigher                                                 : loaded 2 times (x 70B)
Class org.gradle.api.internal.classpath.UnknownModuleException                        : loaded 2 times (x 82B)
Class com.google.common.base.Stopwatch                                                : loaded 2 times (x 72B)
Class com.google.common.cache.LocalCache$Strength                                     : loaded 2 times (x 81B)
Class com.google.common.cache.Cache                                                   : loaded 2 times (x 70B)
Class com.google.common.util.concurrent.AbstractFuture$Cancellation                   : loaded 2 times (x 72B)
Class com.google.common.collect.ImmutableMap$Builder                                  : loaded 2 times (x 82B)
Class com.google.common.cache.RemovalListener                                         : loaded 2 times (x 70B)
Class org.gradle.api.internal.DefaultClassPathRegistry                                : loaded 2 times (x 76B)
Class com.google.common.primitives.IntsMethodsForWeb                                  : loaded 2 times (x 71B)
Class com.google.common.collect.Multimap                                              : loaded 2 times (x 70B)
Class org.gradle.api.internal.ClassPathRegistry                                       : loaded 2 times (x 70B)
Class org.gradle.internal.classpath.DefaultClassPath$ImmutableUniqueList              : loaded 2 times (x 199B)
Class com.google.common.base.Equivalence$Identity                                     : loaded 2 times (x 82B)
Class com.google.common.cache.CacheBuilder                                            : loaded 2 times (x 72B)
Class com.google.common.collect.SingletonImmutableList                                : loaded 2 times (x 207B)
Class Settings_gradle$1                                                               : loaded 2 times (x 74B)
Class ijJvmDebugger1_3xxqusycus09xhegbopcatr1g$_run_closure1                          : loaded 2 times (x 139B)
Class org.gradle.internal.classpath.ClassPath                                         : loaded 2 times (x 70B)
Class org.gradle.api.UncheckedIOException                                             : loaded 2 times (x 82B)
Class com.google.common.base.JdkPattern                                               : loaded 2 times (x 75B)
Class com.google.common.collect.ImmutableList$ReverseImmutableList                    : loaded 2 times (x 209B)
Class org.objectweb.asm.SymbolTable$Entry                                             : loaded 2 times (x 74B)
Class com.google.common.util.concurrent.AbstractFuture$AtomicHelper                   : loaded 2 times (x 78B)
Class org.objectweb.asm.Edge                                                          : loaded 2 times (x 72B)
Class com.google.common.base.Suppliers$SupplierOfInstance                             : loaded 2 times (x 79B)
Class com.google.common.collect.Iterators$1                                           : loaded 2 times (x 81B)
Class com.google.common.cache.LocalCache$ComputingValueReference                      : loaded 2 times (x 96B)
Class com.google.common.collect.SingletonImmutableSet                                 : loaded 2 times (x 146B)
Class com.google.common.collect.ImmutableMap$IteratorBasedImmutableMap                : loaded 2 times (x 126B)
Class com.google.common.cache.LocalCache$Segment                                      : loaded 2 times (x 154B)
Class com.google.common.collect.SortedIterable                                        : loaded 2 times (x 70B)
Class com.google.common.collect.AbstractListMultimap                                  : loaded 2 times (x 172B)
Class [Lorg.objectweb.asm.SymbolTable$Entry;                                          : loaded 2 times (x 69B)
Class com.google.common.cache.CacheLoader                                             : loaded 2 times (x 74B)
Class com.google.common.collect.Iterators$4                                           : loaded 2 times (x 82B)
Class com.google.common.collect.ImmutableBiMap                                        : loaded 2 times (x 143B)
Class org.gradle.internal.installation.GradleInstallation$1                           : loaded 2 times (x 75B)
Class org.gradle.api.internal.classpath.ModuleRegistry                                : loaded 2 times (x 70B)
Class com.google.common.util.concurrent.internal.InternalFutureFailureAccess          : loaded 2 times (x 72B)
Class com.google.common.collect.Iterators$5                                           : loaded 2 times (x 82B)
Class com.google.common.collect.ImmutableSet$JdkBackedSetBuilderImpl                  : loaded 2 times (x 76B)
Class com.google.common.util.concurrent.AbstractFuture$UnsafeAtomicHelper             : loaded 2 times (x 78B)
Class com.google.common.cache.LocalCache$LocalManualCache$1                           : loaded 2 times (x 75B)
Class com.google.common.base.CharMatcher$ForPredicate                                 : loaded 2 times (x 112B)
Class com.google.common.base.CharMatcher$AnyOf                                        : loaded 2 times (x 112B)
Class com.google.common.collect.ImmutableCollection                                   : loaded 2 times (x 125B)
Class org.gradle.api.internal.classpath.DefaultModuleRegistry                         : loaded 2 times (x 86B)
Class com.google.common.collect.Lists                                                 : loaded 2 times (x 71B)
Class com.google.common.util.concurrent.ListenableFuture                              : loaded 2 times (x 70B)
Class com.google.common.cache.ReferenceEntry                                          : loaded 2 times (x 70B)
Class com.google.common.base.Converter                                                : loaded 2 times (x 90B)
Class com.google.common.collect.ImmutableSet$CachingAsList                            : loaded 2 times (x 148B)
Class com.google.common.collect.AbstractMapBasedMultimap                              : loaded 2 times (x 139B)
Class com.google.common.util.concurrent.AbstractFuture                                : loaded 2 times (x 106B)
Class com.google.common.base.FunctionalEquivalence                                    : loaded 2 times (x 83B)
Class com.google.common.collect.Iterators$9                                           : loaded 2 times (x 81B)
Class com.google.common.collect.ImmutableAsList                                       : loaded 2 times (x 209B)
Class org.objectweb.asm.RecordComponentVisitor                                        : loaded 2 times (x 77B)
Class com.google.common.cache.CacheLoader$SupplierToCacheLoader                       : loaded 2 times (x 75B)
Class com.google.common.collect.Maps$EntryTransformer                                 : loaded 2 times (x 70B)
Class org.gradle.internal.service.ServiceLookupException                              : loaded 2 times (x 82B)
Class com.google.common.collect.ImmutableSortedSet                                    : loaded 2 times (x 300B)
Class [Lcom.google.common.cache.LocalCache$EntryFactory;                              : loaded 2 times (x 69B)
Class org.gradle.internal.classloader.ClassLoaderFactory                              : loaded 2 times (x 70B)
Class com.google.common.base.CommonPattern                                            : loaded 2 times (x 74B)
Class com.google.common.cache.LocalCache$LocalManualCache                             : loaded 2 times (x 99B)
Class com.google.common.base.CharMatcher$IsNot                                        : loaded 2 times (x 111B)
Class org.gradle.internal.service.CachingServiceLocator                               : loaded 2 times (x 82B)
Class com.google.common.collect.AbstractMapBasedMultimap$KeySet                       : loaded 2 times (x 137B)
Class com.google.common.collect.RegularImmutableSortedSet                             : loaded 2 times (x 300B)
Class com.google.common.math.IntMath                                                  : loaded 2 times (x 71B)
Class com.google.common.collect.ImmutableMapEntry                                     : loaded 2 times (x 85B)
Class com.google.common.base.Equivalence                                              : loaded 2 times (x 82B)
Class com.google.common.base.Function                                                 : loaded 2 times (x 70B)
Class com.google.common.collect.ImmutableMapEntry$NonTerminalImmutableMapEntry        : loaded 2 times (x 85B)
Class com.google.common.cache.CacheBuilder$OneWeigher                                 : loaded 2 times (x 82B)
Class com.google.common.collect.RegularImmutableList                                  : loaded 2 times (x 213B)
Class ijJvmDebugger1_3xxqusycus09xhegbopcatr1g                                        : loaded 2 times (x 179B)
Class org.gradle.internal.classloader.ClasspathUtil                                   : loaded 2 times (x 71B)
Class com.google.common.base.Charsets                                                 : loaded 2 times (x 71B)
Class com.google.common.util.concurrent.Uninterruptibles                              : loaded 2 times (x 71B)
Class com.google.common.collect.Maps                                                  : loaded 2 times (x 71B)
Class org.gradle.api.specs.Spec                                                       : loaded 2 times (x 70B)
Class [Lcom.google.common.collect.ImmutableEntry;                                     : loaded 2 times (x 69B)
Class com.google.common.cache.LocalCache$LoadingValueReference                        : loaded 2 times (x 96B)
Class com.google.common.collect.Multiset                                              : loaded 2 times (x 70B)
Class com.google.common.base.Platform                                                 : loaded 2 times (x 71B)
Class [Lorg.objectweb.asm.AnnotationWriter;                                           : loaded 2 times (x 69B)
Class com.google.common.collect.Maps$8                                                : loaded 2 times (x 82B)
Class com.google.common.collect.ImmutableRangeSet$Builder                             : loaded 2 times (x 77B)
Class com.google.common.collect.Sets$SetView                                          : loaded 2 times (x 138B)
Class com.google.common.cache.LocalCache$StrongValueReference                         : loaded 2 times (x 90B)
Class com.google.common.util.concurrent.AbstractFuture$SynchronizedHelper             : loaded 2 times (x 78B)
Class org.objectweb.asm.Type                                                          : loaded 2 times (x 72B)
Class org.gradle.internal.classloader.VisitableURLClassLoader$InstrumentingVisitableURLClassLoader: loaded 2 times (x 123B)
Class org.objectweb.asm.ByteVector                                                    : loaded 2 times (x 79B)
Class [Lcom.google.common.cache.CacheBuilder$NullListener;                            : loaded 2 times (x 69B)
Class com.google.common.math.IntMath$1                                                : loaded 2 times (x 71B)
Class org.gradle.internal.classloader.VisitableURLClassLoader$Spec                    : loaded 2 times (x 74B)
Class org.gradle.internal.classpath.DefaultClassPath                                  : loaded 2 times (x 90B)
Class org.objectweb.asm.Symbol                                                        : loaded 2 times (x 73B)
Class com.google.common.io.Closer                                                     : loaded 2 times (x 78B)
Class com.google.common.base.CharMatcher$Ascii                                        : loaded 2 times (x 112B)
Class com.google.common.base.CharMatcher$BitSetMatcher                                : loaded 2 times (x 112B)
Class com.google.common.collect.RegularImmutableMap$Values                            : loaded 2 times (x 207B)
Class com.google.common.collect.ImmutableSet                                          : loaded 2 times (x 145B)
Class org.gradle.internal.classloader.ClassLoaderSpec                                 : loaded 2 times (x 71B)
Class org.objectweb.asm.AnnotationWriter                                              : loaded 2 times (x 79B)
Class com.google.common.cache.CacheStats                                              : loaded 2 times (x 71B)
Class com.google.common.io.Closer$Suppressor                                          : loaded 2 times (x 70B)
Class org.objectweb.asm.RecordComponentWriter                                         : loaded 2 times (x 78B)
Class com.google.common.util.concurrent.AbstractFuture$Listener                       : loaded 2 times (x 72B)
Class com.google.common.base.CharMatcher$Or                                           : loaded 2 times (x 112B)
Class Settings_gradle$1$1                                                             : loaded 2 times (x 74B)
Class org.objectweb.asm.Attribute                                                     : loaded 2 times (x 77B)
Class com.google.common.base.Supplier                                                 : loaded 2 times (x 70B)
Class org.gradle.internal.classloader.VisitableURLClassLoader                         : loaded 2 times (x 117B)
Class com.google.common.util.concurrent.AbstractFuture$Waiter                         : loaded 2 times (x 72B)
Class Settings_gradle                                                                 : loaded 2 times (x 128B)
Class org.gradle.internal.Cast                                                        : loaded 2 times (x 71B)
Class org.gradle.api.Action                                                           : loaded 2 times (x 70B)
Class com.google.common.base.Strings                                                  : loaded 2 times (x 71B)
Class com.google.common.collect.Sets                                                  : loaded 2 times (x 71B)
Class org.objectweb.asm.Handler                                                       : loaded 2 times (x 72B)
Class com.google.common.base.Ticker                                                   : loaded 2 times (x 72B)
Class com.google.common.base.CharMatcher$FastMatcher                                  : loaded 2 times (x 111B)
Class [Lcom.google.common.cache.LocalCache$Segment;                                   : loaded 2 times (x 69B)
Class [Lcom.google.common.cache.LocalCache$Strength;                                  : loaded 2 times (x 69B)
Class com.google.common.cache.CacheBuilder$1                                          : loaded 2 times (x 85B)
Class com.google.common.base.Predicate                                                : loaded 2 times (x 70B)
Class com.google.common.collect.ImmutableMap                                          : loaded 2 times (x 120B)
Class org.gradle.internal.classpath.DefaultClassPath$ImmutableUniqueList$Builder      : loaded 2 times (x 75B)
Class com.google.common.collect.AbstractRangeSet                                      : loaded 2 times (x 114B)
Class com.google.common.cache.LocalCache                                              : loaded 2 times (x 187B)
Class com.google.common.cache.CacheBuilder$2                                          : loaded 2 times (x 79B)
Class com.google.common.base.CharMatcher$NegatedFastMatcher                           : loaded 2 times (x 113B)
Class com.google.common.collect.ArrayListMultimap                                     : loaded 2 times (x 172B)
Class com.google.common.cache.CacheBuilder$3                                          : loaded 2 times (x 72B)
Class [Lcom.google.common.collect.AbstractMapEntry;                                   : loaded 2 times (x 69B)
Class com.google.common.collect.ImmutableEntry                                        : loaded 2 times (x 82B)
Class org.gradle.api.GradleException                                                  : loaded 2 times (x 82B)
Class com.google.common.base.Suppliers$MemoizingSupplier                              : loaded 2 times (x 79B)
Class com.google.common.collect.CollectPreconditions                                  : loaded 2 times (x 71B)
Class com.google.common.collect.SortedMapDifference                                   : loaded 2 times (x 70B)
Class com.google.common.cache.LocalCache$EntryFactory                                 : loaded 2 times (x 83B)
Class com.google.common.cache.LocalCache$AbstractReferenceEntry                       : loaded 2 times (x 107B)
Class org.gradle.internal.IoActions                                                   : loaded 2 times (x 71B)
Class com.google.common.collect.ImmutableRangeSet$ComplementRanges                    : loaded 2 times (x 207B)
Class org.objectweb.asm.SymbolTable                                                   : loaded 2 times (x 72B)
Class com.google.common.cache.CacheLoader$InvalidCacheLoadException                   : loaded 2 times (x 82B)
Class com.google.common.collect.ImmutableSet$RegularSetBuilderImpl                    : loaded 2 times (x 77B)
Class org.gradle.internal.classloader.SystemClassLoaderSpec                           : loaded 2 times (x 71B)
Class com.google.common.cache.LocalCache$StrongEntry                                  : loaded 2 times (x 108B)
Class com.google.common.util.concurrent.AbstractFuture$TrustedFuture                  : loaded 2 times (x 114B)
Class com.google.common.cache.LoadingCache                                            : loaded 2 times (x 70B)
Class com.google.common.io.ByteStreams$LimitedInputStream                             : loaded 2 times (x 92B)
Class com.google.common.base.Suppliers$NonSerializableMemoizingSupplier               : loaded 2 times (x 79B)
Class org.objectweb.asm.MethodWriter                                                  : loaded 2 times (x 106B)
Class [Lcom.google.common.cache.Weigher;                                              : loaded 2 times (x 69B)
Class com.google.common.collect.RegularImmutableMap$BucketOverflowException           : loaded 2 times (x 82B)
Class com.google.common.collect.RegularImmutableBiMap                                 : loaded 2 times (x 149B)
Class com.google.common.cache.LocalCache$ValueReference                               : loaded 2 times (x 70B)
Class com.google.common.base.CharMatcher$Negated                                      : loaded 2 times (x 113B)
Class com.google.common.base.CharMatcher$Is                                           : loaded 2 times (x 111B)
Class com.google.common.base.PatternCompiler                                          : loaded 2 times (x 70B)
Class com.google.common.util.concurrent.AbstractFuture$Failure                        : loaded 2 times (x 72B)
Class com.google.common.base.Equivalence$Equals                                       : loaded 2 times (x 82B)
Class com.google.common.collect.Hashing                                               : loaded 2 times (x 71B)
Class com.google.common.base.Preconditions                                            : loaded 2 times (x 71B)
Class com.google.common.base.Joiner$1                                                 : loaded 2 times (x 80B)
Class org.objectweb.asm.Label                                                         : loaded 2 times (x 73B)
Class org.objectweb.asm.CurrentFrame                                                  : loaded 2 times (x 73B)
Class org.objectweb.asm.ClassTooLargeException                                        : loaded 2 times (x 83B)
Class com.google.common.base.CharMatcher                                              : loaded 2 times (x 111B)
Class com.google.common.collect.PeekingIterator                                       : loaded 2 times (x 70B)
Class com.google.common.collect.RangeGwtSerializationDependencies                     : loaded 2 times (x 71B)
Class com.google.common.base.Joiner$2                                                 : loaded 2 times (x 79B)
Class org.objectweb.asm.Frame                                                         : loaded 2 times (x 73B)
Class org.objectweb.asm.MethodVisitor                                                 : loaded 2 times (x 105B)
Class com.google.common.cache.LocalCache$EntryFactory$1                               : loaded 2 times (x 83B)
Class [Lcom.google.common.cache.RemovalListener;                                      : loaded 2 times (x 69B)
Class com.google.common.base.CharMatcher$NamedFastMatcher                             : loaded 2 times (x 112B)
Class com.google.common.base.CharMatcher$1                                            : loaded 2 times (x 113B)
Class com.google.common.collect.RangeSet                                              : loaded 2 times (x 70B)
Class com.google.common.cache.LocalCache$EntryFactory$2                               : loaded 2 times (x 83B)
Class ijKotlinCoroutineJvmDebugInit1_eldabf7d4yr0e3c8qmsn3j0tv$_run_closure1          : loaded 2 times (x 139B)
Class org.gradle.api.internal.classpath.GlobalCacheRootsProvider                      : loaded 2 times (x 70B)
Class com.google.common.collect.CollectCollectors                                     : loaded 2 times (x 71B)
Class org.objectweb.asm.ModuleWriter                                                  : loaded 2 times (x 82B)
Class com.google.common.cache.LocalCache$EntryFactory$3                               : loaded 2 times (x 83B)
Class com.google.common.base.Ticker$1                                                 : loaded 2 times (x 72B)
Class com.google.common.collect.Maps$BiMapConverter                                   : loaded 2 times (x 90B)
Class com.google.common.collect.ImmutableMapEntrySet$RegularEntrySet                  : loaded 2 times (x 152B)
Class com.google.common.cache.LocalCache$EntryFactory$4                               : loaded 2 times (x 83B)
Class com.google.common.base.CharMatcher$InRange                                      : loaded 2 times (x 111B)
Class com.google.common.collect.ImmutableSet$Builder                                  : loaded 2 times (x 85B)
Class com.google.common.io.ByteStreams$1                                              : loaded 2 times (x 85B)
Class com.google.common.cache.LocalCache$EntryFactory$5                               : loaded 2 times (x 83B)
Class com.google.common.base.PairwiseEquivalence                                      : loaded 2 times (x 83B)
Class com.google.common.cache.LocalCache$EntryFactory$6                               : loaded 2 times (x 83B)
Class org.gradle.internal.installation.CurrentGradleInstallationLocator               : loaded 2 times (x 71B)
Class com.google.common.collect.Maps$KeySet                                           : loaded 2 times (x 137B)
Class com.google.common.cache.LocalCache$EntryFactory$7                               : loaded 2 times (x 83B)
Class com.google.common.collect.ImmutableSet$EmptySetBuilderImpl                      : loaded 2 times (x 76B)
Class com.google.common.collect.ImmutableList                                         : loaded 2 times (x 206B)
Class org.gradle.internal.service.DefaultServiceLocator                               : loaded 2 times (x 83B)
Class com.google.common.cache.LocalCache$EntryFactory$8                               : loaded 2 times (x 83B)
Class com.google.common.collect.ImmutableSet$SetBuilderImpl                           : loaded 2 times (x 76B)
Class ijKotlinCoroutineJvmDebugInit1_eldabf7d4yr0e3c8qmsn3j0tv$_run_closure1$_closure2: loaded 2 times (x 139B)
Class org.gradle.internal.installation.CurrentGradleInstallation                      : loaded 2 times (x 73B)
Class com.google.common.cache.CacheLoader$1                                           : loaded 2 times (x 75B)
Class com.google.common.collect.ForwardingObject                                      : loaded 2 times (x 72B)
Class com.google.common.collect.ImmutableList$SubList                                 : loaded 2 times (x 209B)
Class org.gradle.util.internal.GUtil                                                  : loaded 2 times (x 71B)
Class com.google.common.util.concurrent.AbstractFuture$SetFuture                      : loaded 2 times (x 75B)
Class com.google.common.cache.AbstractCache$StatsCounter                              : loaded 2 times (x 70B)
Class com.google.common.collect.Iterators$MergingIterator                             : loaded 2 times (x 81B)
Class com.google.common.collect.RegularImmutableSet                                   : loaded 2 times (x 149B)
Class org.gradle.internal.installation.GradleInstallation                             : loaded 2 times (x 75B)
Class com.google.common.collect.Iterables                                             : loaded 2 times (x 71B)
Class ijKotlinCoroutineJvmDebugInit1_eldabf7d4yr0e3c8qmsn3j0tv                        : loaded 2 times (x 179B)

---------------  S Y S T E M  ---------------

OS:
 Windows 11 , 64 bit Build 26100 (10.0.26100.7920)
OS uptime: 11 days 23:27 hours
Hyper-V role detected

CPU: total 32 (initial active 32) (32 cores per cpu, 2 threads per core) family 25 model 97 stepping 2 microcode 0xa601203, cx8, cmov, fxsr, ht, mmx, 3dnowpref, sse, sse2, sse3, ssse3, sse4a, sse4.1, sse4.2, popcnt, lzcnt, tsc, tscinvbit, avx, avx2, aes, erms, clmul, bmi1, bmi2, adx, avx512f, avx512dq, avx512cd, avx512bw, avx512vl, sha, fma, vzeroupper, avx512_vpopcntdq, avx512_vpclmulqdq, avx512_vaes, avx512_vnni, clflush, clflushopt, avx512_vbmi2, avx512_vbmi, hv, rdtscp, rdpid, fsrm, gfni, avx512_bitalg, f16c, cet_ss, avx512_ifma
Processor Information for processor 0
  Max Mhz: 2501, Current Mhz: 2007, Mhz Limit: 2501
Processor Information for processor 1
  Max Mhz: 2501, Current Mhz: 2501, Mhz Limit: 2501
Processor Information for processor 2
  Max Mhz: 2501, Current Mhz: 2007, Mhz Limit: 2501
Processor Information for processor 3
  Max Mhz: 2501, Current Mhz: 2501, Mhz Limit: 2501
Processor Information for processor 4
  Max Mhz: 2501, Current Mhz: 2007, Mhz Limit: 2501
Processor Information for processor 5
  Max Mhz: 2501, Current Mhz: 2501, Mhz Limit: 2501
Processor Information for processor 6
  Max Mhz: 2501, Current Mhz: 2007, Mhz Limit: 2501
Processor Information for processor 7
  Max Mhz: 2501, Current Mhz: 2007, Mhz Limit: 2501
Processor Information for processor 8
  Max Mhz: 2501, Current Mhz: 2501, Mhz Limit: 2501
Processor Information for processor 9
  Max Mhz: 2501, Current Mhz: 2501, Mhz Limit: 2501
Processor Information for processor 10
  Max Mhz: 2501, Current Mhz: 2007, Mhz Limit: 2501
Processor Information for processor 11
  Max Mhz: 2501, Current Mhz: 2007, Mhz Limit: 2501
Processor Information for processor 12
  Max Mhz: 2501, Current Mhz: 2007, Mhz Limit: 2501
Processor Information for processor 13
  Max Mhz: 2501, Current Mhz: 2501, Mhz Limit: 2501
Processor Information for processor 14
  Max Mhz: 2501, Current Mhz: 2007, Mhz Limit: 2501
Processor Information for processor 15
  Max Mhz: 2501, Current Mhz: 2501, Mhz Limit: 2501
Processor Information for processor 16
  Max Mhz: 2501, Current Mhz: 2007, Mhz Limit: 2501
Processor Information for processor 17
  Max Mhz: 2501, Current Mhz: 2007, Mhz Limit: 2501
Processor Information for processor 18
  Max Mhz: 2501, Current Mhz: 2007, Mhz Limit: 2501
Processor Information for processor 19
  Max Mhz: 2501, Current Mhz: 2007, Mhz Limit: 2501
Processor Information for processor 20
  Max Mhz: 2501, Current Mhz: 2007, Mhz Limit: 2501
Processor Information for processor 21
  Max Mhz: 2501, Current Mhz: 2007, Mhz Limit: 2501
Processor Information for processor 22
  Max Mhz: 2501, Current Mhz: 2007, Mhz Limit: 2501
Processor Information for processor 23
  Max Mhz: 2501, Current Mhz: 2007, Mhz Limit: 2501
Processor Information for processor 24
  Max Mhz: 2501, Current Mhz: 2007, Mhz Limit: 2501
Processor Information for processor 25
  Max Mhz: 2501, Current Mhz: 2007, Mhz Limit: 2501
Processor Information for processor 26
  Max Mhz: 2501, Current Mhz: 2007, Mhz Limit: 2501
Processor Information for processor 27
  Max Mhz: 2501, Current Mhz: 2007, Mhz Limit: 2501
Processor Information for processor 28
  Max Mhz: 2501, Current Mhz: 2007, Mhz Limit: 2501
Processor Information for processor 29
  Max Mhz: 2501, Current Mhz: 2007, Mhz Limit: 2501
Processor Information for processor 30
  Max Mhz: 2501, Current Mhz: 2007, Mhz Limit: 2501
Processor Information for processor 31
  Max Mhz: 2501, Current Mhz: 2007, Mhz Limit: 2501

Memory: 4k page, system-wide physical 15540M (490M free)
TotalPageFile size 53940M (AvailPageFile size 119M)
current process WorkingSet (physical memory assigned to process): 726M, peak: 736M
current process commit charge ("private bytes"): 803M, peak: 948M

vm_info: OpenJDK 64-Bit Server VM (21.0.8+-14196175-b1038.72) for windows-amd64 JRE (21.0.8+-14196175-b1038.72), built on 2025-10-01T10:24:33Z by "builder" with MS VC++ 16.10 / 16.11 (VS2019)

END.
